#ifndef FACE_BITMAPS_H
#define FACE_BITMAPS_H

#include <stdint.h>

/* Auto-generated by input/art/render_faces.py - do not edit by hand. */

const uint16_t face_ok[6400] = {
    0x0000,0x0000,0x0000,0x0000,0x0000,0x0000,0x0000,0x0000,0x0000,0x0000,0x0000,0x0000,
    0x0000,0x0000,0x0000,0x0000,0x0000,0x0000,0x0000,0x0000,0x0000,0x0000,0x0000,0x0000,
    0x0000,0x0000,0x0000,0x0000,0x0000,0x0000,0x0000,0x0000,0x0000,0x0000,0x0000,0x0000,
    0x0000,0x0000,0x0000,0x0000,0x0000,0x0000,0x0000,0x0000,0x0000,0x0000,0x0000,0x0000,
    0x0000,0x0000,0x0000,0x0000,0x0000,0x0000,0x0000,0x0000,0x0000,0x0000,0x0000,0x0000,
    0x0000,0x0000,0x0000,0x0000,0x0000,0x0000,0x0000,0x0000,0x0000,0x0000,0x0000,0x0000,
    0x0000,0x0000,0x0000,0x0000,0x0000,0x0000,0x0000,0x0000,0x0000,0x0000,0x0000,0x0000,
    0x0000,0x0000,0x0000,0x0000,0x0000,0x0000,0x0000,0x0000,0x0000,0x0000,0x0000,0x0000,
    0x0000,0x0000,0x0000,0x0000,0x0000,0x0000,0x0000,0x0000,0x0000,0x0000,0x0000,0x0000,
    0x0000,0x0000,0x0000,0x0000,0x0000,0x0000,0x0000,0x0000,0x0000,0x0000,0x0000,0x0000,
    0x0000,0x0000,0x0000,0x0000,0x0000,0x0000,0x0000,0x0000,0x0000,0x0000,0x0000,0x0000,
    0x0000,0x0000,0x0000,0x0000,0x0000,0x0000,0x0000,0x0000,0x0000,0x0000,0x0000,0x0000,
    0x0000,0x0000,0x0000,0x0000,0x0000,0x0000,0x0000,0x0000,0x0000,0x0000,0x0000,0x0000,
    0x0000,0x0000,0x0000,0x0000,0x0000,0x0000,0x0000,0x0000,0x0000,0x0000,0x0000,0x0000,
    0x0000,0x0000,0x0000,0x0000,0x0000,0x0000,0x0000,0x0000,0x0000,0x0000,0x0000,0x0000,
    0x0000,0x0000,0x0000,0x0000,0x0000,0x0000,0x0000,0x0000,0x0000,0x0000,0x0000,0x0000,
    0x0000,0x0000,0x0000,0x0000,0x0000,0x0000,0x0000,0x0000,0x0000,0x0000,0x0000,0x0000,
    0x0000,0x0000,0x0000,0x0000,0x0000,0x0000,0x0000,0x0000,0x0000,0x0000,0x0000,0x0000,
    0x0000,0x0000,0x0000,0x0000,0x0000,0x0000,0x0000,0x0000,0x0000,0x0000,0x0000,0x0000,
    0x0000,0x0000,0x0000,0x0000,0x0000,0x0000,0x0000,0x0000,0x0000,0x0000,0x0000,0x0000,
    0x0000,0x0000,0x0000,0x0000,0x0000,0x0000,0x0000,0x0000,0x0000,0x0000,0x0000,0x0000,
    0x0000,0x0000,0x0000,0x0000,0x0000,0x0000,0x0000,0x0000,0x0000,0x0000,0x0000,0x0000,
    0x0000,0x0000,0x0000,0x0000,0x0000,0x0000,0x0000,0x0000,0x0000,0x0000,0x0000,0x0000,
    0x0000,0x0000,0x0000,0x0000,0x0000,0x0000,0x0000,0x0000,0x0000,0x0000,0x0000,0x0000,
    0x0000,0x0000,0x0000,0x0000,0x0000,0x0000,0x0000,0x0000,0x0000,0x0000,0x0000,0x0000,
    0x0000,0x0000,0x0000,0x0000,0x0000,0x0000,0x0000,0x0000,0x0000,0x0000,0x0000,0x0000,
    0x0000,0x0000,0x0000,0x0000,0x0000,0x0000,0x0000,0x0000,0x0000,0x0000,0x0000,0x0000,
    0x0000,0x0000,0x0000,0x0000,0x0000,0x0000,0x0000,0x0000,0x0000,0x0000,0x0000,0x0000,
    0x0000,0x0000,0x0000,0x0000,0x0000,0x0000,0x0000,0x0000,0x0000,0x0000,0x0000,0x0000,
    0x0000,0x0000,0x0000,0x0000,0x0000,0x0000,0x0000,0x0000,0x0000,0x0000,0x0000,0x0000,
    0x0000,0x0000,0x0000,0x0000,0x0000,0x0000,0x0000,0x0000,0x0000,0x0000,0x0000,0x0000,
    0x0000,0x0000,0x0000,0x0000,0x0000,0x0000,0x0000,0x0000,0x0000,0x0000,0x0000,0x0000,
    0x0000,0x0000,0x0000,0x0000,0x0000,0x0000,0x0000,0x0000,0x0000,0x0000,0x0000,0x0000,
    0x0000,0x0000,0x0000,0x0000,0x0000,0x0000,0x0000,0x0000,0x0000,0x0000,0x0000,0x0000,
    0x0000,0x0000,0x0000,0x0000,0x0000,0x0000,0x0000,0x0000,0x0000,0x0000,0x0000,0x0000,
    0x0000,0x0000,0x0000,0x0000,0x0000,0x0000,0x0000,0x0000,0x0000,0x0000,0x0000,0x0000,
    0x0000,0x0000,0x0000,0x0000,0x0000,0x0000,0x0000,0x0000,0x0000,0x0000,0x0000,0x0000,
    0x0000,0x0000,0x0000,0x0000,0x0000,0x0000,0x0000,0x0000,0x0000,0x0000,0x0000,0x0000,
    0x0000,0x0000,0x0000,0x0000,0x0000,0x0000,0x0000,0x0000,0x0000,0x0000,0x0000,0x0000,
    0x0000,0x0000,0x0000,0x0000,0x0000,0x0000,0x0000,0x0000,0x0000,0x0000,0x0000,0x0000,
    0x0000,0x0000,0x0000,0x0000,0x0000,0x0000,0x0000,0x0000,0x0000,0x0000,0x0000,0x0000,
    0x0000,0x0000,0x0000,0x0000,0x0000,0x0000,0x0000,0x0000,0x0000,0x0000,0x0000,0x0000,
    0x0000,0x0000,0x0000,0x0000,0x0000,0x0000,0x0000,0x0000,0x0000,0x0000,0x0000,0x0000,
    0x0000,0x0000,0x0000,0x0000,0x0000,0x0000,0x0000,0x0000,0x0000,0x0000,0x0000,0x0000,
    0x0000,0x0000,0x0000,0x0000,0x0000,0x0000,0x0000,0x0000,0x0000,0x0000,0x0000,0x0000,
    0x0000,0x0000,0x0000,0x0000,0x0000,0x0000,0x0000,0x0000,0x0000,0x0000,0x0000,0x0000,
    0x0000,0x0000,0x0000,0x0000,0x0000,0x0000,0x0000,0x0000,0x0000,0x0000,0x0000,0x0000,
    0x0000,0x0000,0x0000,0x0000,0x0000,0x0000,0x0000,0x0000,0x0000,0x0000,0x0000,0x0000,
    0x0000,0x0000,0x0000,0x0000,0x0000,0x0000,0x0000,0x0000,0x0000,0x0000,0x0000,0x0000,
    0x0000,0x0000,0x0000,0x0000,0x0000,0x0000,0x0000,0x0000,0x0000,0x0000,0x0000,0x0000,
    0x0000,0x0000,0x0000,0x0000,0x0000,0x0000,0x0000,0x0000,0x0000,0x0000,0x0000,0x0000,
    0x0000,0x0000,0x0000,0x0000,0x0000,0x0000,0x0000,0x0000,0x0000,0x0000,0x0000,0x0000,
    0x0000,0x0000,0x0000,0x0000,0x0000,0x0000,0x0000,0x0000,0x0000,0x0000,0x0000,0x0000,
    0x0000,0x0000,0x0000,0x0000,0x0000,0x0000,0x0000,0x0000,0x0000,0x0000,0x0000,0x0000,
    0x0000,0x0000,0x0000,0x0000,0x0000,0x0000,0x0000,0x0000,0x0000,0x0000,0x0000,0x0000,
    0x0000,0x0000,0x0000,0x0000,0x0000,0x0000,0x0000,0x0000,0x0000,0x0000,0x0000,0x0000,
    0x0000,0x0000,0x0000,0x0000,0x0000,0x0000,0x0000,0x0000,0x0000,0x0000,0x0000,0x0000,
    0x0000,0x0000,0x0000,0x0000,0x0000,0x0000,0x0000,0x0000,0x0000,0x0000,0x0000,0x0000,
    0x0000,0x0000,0x0000,0x0000,0x0000,0x0000,0x0000,0x0000,0x0000,0x0000,0x0000,0x0000,
    0x0000,0x0000,0x0000,0x0000,0x0000,0x0000,0x0000,0x0000,0x0000,0x0000,0x0000,0x0000,
    0x0000,0x0000,0x0000,0x0000,0x0000,0x0000,0x0000,0x0000,0x0000,0x0000,0x0000,0x0000,
    0x0000,0x0000,0x0000,0x0000,0x0000,0x0000,0x0000,0x0000,0x0000,0x0000,0x0000,0x0000,
    0x0000,0x0000,0x0000,0x0000,0x0000,0x0000,0x0000,0x0000,0x0000,0x0000,0x0000,0x0000,
    0x0000,0x0000,0x0000,0x0000,0x0000,0x0000,0x0000,0x0000,0x0000,0x0000,0x0000,0x0000,
    0x0000,0x0000,0x0000,0x0000,0x0000,0x0000,0x0000,0x0000,0x0000,0x0000,0x0000,0x0000,
    0x0000,0x0000,0x0000,0x0000,0x0000,0x0000,0x0000,0x0000,0x0000,0x0000,0x0000,0x0000,
    0x0000,0x0000,0x0000,0x0000,0x0000,0x0000,0x0000,0x0000,0x0000,0x0000,0x0000,0x0000,
    0x0000,0x0000,0x0000,0x0000,0x0000,0x0000,0x0000,0x0000,0x0000,0x0000,0x0000,0x0000,
    0x0000,0x0000,0x0000,0x0000,0x0000,0x0000,0x0000,0x0000,0x0000,0x0000,0x0000,0x0000,
    0x0000,0x0000,0x0000,0x0000,0x0000,0x0000,0x0000,0x0000,0x0000,0x0000,0x0000,0x0000,
    0x0000,0x0000,0x0000,0x0000,0x0000,0x0000,0x0000,0x0000,0x0000,0x0000,0x0000,0x0000,
    0x0000,0x0000,0x0000,0x0000,0x0000,0x0000,0x0000,0x0000,0x0000,0x0000,0x0000,0x0000,
    0x0000,0x0000,0x0000,0x0000,0x0000,0x0000,0x0000,0x0000,0x0000,0x0000,0x0000,0x0000,
    0x0000,0x0000,0x0000,0x0000,0x0000,0x0000,0x0000,0x0000,0x0000,0x0000,0x0000,0x0000,
    0x0000,0x0000,0x0000,0x0000,0x0000,0x0000,0x0000,0x0000,0x0000,0x0000,0x0000,0x0000,
    0x0000,0x0000,0x0000,0x0000,0x0000,0x0000,0x0000,0x0000,0x0000,0x0000,0x0000,0x0000,
    0x0000,0x0000,0x0000,0x0000,0x0000,0x0000,0x0000,0x0000,0x0000,0x0000,0x0000,0x0000,
    0x0000,0x0000,0x0000,0x0000,0x0000,0x0000,0x0000,0x0000,0x0000,0x0000,0x0000,0x0000,
    0x0000,0x0000,0x0000,0x0000,0x0000,0x0000,0x0000,0x0000,0x0000,0x0000,0x0000,0x0000,
    0x0000,0x0000,0x0000,0x0000,0x0000,0x0000,0x0000,0x0000,0x0000,0x0000,0x0000,0x0000,
    0x0000,0x0000,0x0000,0x0000,0x0000,0x0000,0x0000,0x0000,0x0000,0x0000,0x0000,0x0000,
    0x0000,0x0000,0x0000,0x0000,0x0000,0x0000,0x0000,0x0000,0x0000,0x0000,0x0000,0x0000,
    0x0000,0x0000,0x0000,0x0000,0x0000,0x0000,0x0000,0x0000,0x0000,0x0000,0x0000,0x0000,
    0x0000,0x0000,0x0000,0x0000,0x0000,0x0000,0x0000,0x0000,0x0000,0x0000,0x0000,0x0000,
    0x0000,0x0000,0x0000,0x0000,0x0000,0x0000,0x0000,0x0000,0x0000,0x0000,0x0000,0x0000,
    0x0000,0x0000,0x0000,0x0000,0x0000,0x0000,0x0000,0x0000,0x0000,0x0000,0x0000,0x0000,
    0x0000,0x0000,0x0000,0x0000,0x0000,0x0000,0x0000,0x0000,0x0000,0x0000,0x0000,0x0000,
    0x0000,0x0000,0x0000,0x0000,0x0000,0x0000,0x0000,0x0000,0x0000,0x0000,0x0000,0x0000,
    0x0000,0x0000,0x0000,0x0000,0x0000,0x0000,0x0000,0x0000,0x0000,0x0000,0x0000,0x0000,
    0x0000,0x0000,0x0000,0x0000,0x0000,0x0000,0x0000,0x0000,0x0000,0x0000,0x0020,0x0020,
    0x0020,0x0020,0x0000,0x0000,0x0000,0x0000,0x0000,0x0000,0x0000,0x0000,0x0000,0x0000,
    0x0000,0x0000,0x0000,0x0000,0x0000,0x0000,0x0000,0x0000,0x0000,0x0000,0x0000,0x0000,
    0x0000,0x0000,0x0000,0x0000,0x0000,0x0000,0x0000,0x0000,0x0000,0x0000,0x0000,0x0000,
    0x0000,0x0000,0x0000,0x0000,0x0000,0x0000,0x0000,0x0000,0x0000,0x0000,0x0000,0x0000,
    0x0000,0x0000,0x0000,0x0000,0x0000,0x0000,0x0000,0x0000,0x0000,0x0000,0x0000,0x0000,
    0x0000,0x0000,0x0000,0x0000,0x0000,0x0000,0x0000,0x0000,0x0000,0x0000,0x0000,0x0000,
    0x0000,0x0000,0x0000,0x0000,0x0000,0x0000,0x0000,0x0000,0x0000,0x0000,0x0000,0x0000,
    0x0000,0x0000,0x0000,0x0000,0x0000,0x0000,0x0000,0x0000,0x0000,0x0000,0x0000,0x0000,
    0x0000,0x0000,0x0000,0x0000,0x0000,0x0000,0x0000,0x0000,0x0000,0x0000,0x0000,0x0000,
    0x0000,0x0000,0x0000,0x0000,0x0000,0x0000,0x0000,0x0000,0x0000,0x0000,0x0000,0x0000,
    0x0000,0x0000,0x0000,0x0000,0x0000,0x0000,0x0000,0x0000,0x0000,0x0000,0x0000,0x0000,
    0x0000,0x0000,0x0000,0x0000,0x0000,0x0000,0x0000,0x0000,0x0000,0x0000,0x0000,0x0000,
    0x0000,0x0000,0x0000,0x0000,0x0000,0x0000,0x0000,0x0000,0x0000,0x0000,0x0000,0x10A0,
    0x3181,0x5241,0x62E2,0x6B22,0x6B22,0x62E2,0x5241,0x3181,0x10A0,0x0000,0x0000,0x0000,
    0x0000,0x0000,0x0000,0x0000,0x0000,0x0000,0x0000,0x0000,0x0000,0x0000,0x0000,0x0000,
    0x0000,0x0000,0x0000,0x0000,0x0000,0x0000,0x0000,0x0000,0x0000,0x0000,0x0000,0x0000,
    0x0000,0x0000,0x0000,0x0000,0x0000,0x0000,0x0000,0x0000,0x0000,0x0000,0x0000,0x0000,
    0x0000,0x0000,0x0000,0x0000,0x0000,0x0000,0x0000,0x0000,0x0000,0x0000,0x0000,0x0000,
    0x0000,0x0000,0x0000,0x0000,0x0000,0x0000,0x0000,0x0000,0x0000,0x0000,0x0000,0x0000,
    0x0000,0x0000,0x0000,0x0840,0x4201,0x8C23,0xC5C4,0xEEE5,0xFF65,0xFFA5,0xFFC5,0xFFC5,
    0xFFC5,0xFFC5,0xFFA5,0xFF65,0xEEE5,0xCDC4,0x8C23,0x4A01,0x0840,0x0000,0x0000,0x0000,
    0x0000,0x0000,0x0000,0x0000,0x0000,0x0000,0x0000,0x0000,0x0000,0x0000,0x0000,0x0000,
    0x0000,0x0000,0x0000,0x0000,0x0000,0x0000,0x0000,0x0000,0x0000,0x0000,0x0000,0x0000,
    0x0000,0x0000,0x0000,0x0000,0x0000,0x0000,0x0000,0x0000,0x0000,0x0000,0x0000,0x0000,
    0x0000,0x0000,0x0000,0x0000,0x0000,0x0000,0x0000,0x0000,0x0000,0x0000,0x0000,0x0000,
    0x0000,0x0000,0x0000,0x0000,0x0000,0x0000,0x0000,0x0000,0x0000,0x20E0,0x83E2,0xDE64,
    0xFFA5,0xFFC5,0xFFA5,0xFF65,0xFF45,0xFF25,0xFF25,0xFF25,0xFF25,0xFF25,0xFF25,0xFF45,
    0xFF65,0xFFA5,0xFFC5,0xFFA5,0xDE64,0x83E2,0x20E0,0x0000,0x0000,0x0000,0x0000,0x0000,
    0x0000,0x0000,0x0000,0x0000,0x0000,0x0000,0x0000,0x0000,0x0000,0x0000,0x0000,0x0000,
    0x0000,0x0000,0x0000,0x0000,0x0000,0x0000,0x0000,0x0000,0x0000,0x0000,0x0000,0x0000,
    0x0000,0x0000,0x0000,0x0000,0x0000,0x0000,0x0000,0x0000,0x0000,0x0000,0x0000,0x0000,
    0x0000,0x0000,0x0000,0x0000,0x0000,0x0000,0x0000,0x0000,0x0000,0x0000,0x0000,0x0000,
    0x0000,0x0000,0x0000,0x18A0,0x8C23,0xF725,0xFFC5,0xFF85,0xFF45,0xFF25,0xFF45,0xFF45,
    0xFF45,0xFF45,0xFF45,0xFF45,0xFF45,0xFF45,0xFF45,0xFF45,0xFF45,0xFF45,0xFF25,0xFF45,
    0xFF85,0xFFC5,0xF725,0x8C23,0x18A0,0x0000,0x0000,0x0000,0x0000,0x0000,0x0000,0x0000,
    0x0000,0x0000,0x0000,0x0000,0x0000,0x0000,0x0000,0x0000,0x0000,0x0000,0x0000,0x0000,
    0x0000,0x0000,0x0000,0x0000,0x0000,0x0000,0x0000,0x0000,0x0000,0x0000,0x0000,0x0000,
    0x0000,0x0000,0x0000,0x0000,0x0000,0x0000,0x0000,0x0000,0x0000,0x0000,0x0000,0x0000,
    0x0000,0x0000,0x0000,0x0000,0x0000,0x0000,0x0000,0x0000,0x0000,0x0000,0x62C2,0xE6C5,
    0xFFC5,0xFF65,0xFF25,0xFF45,0xFF45,0xFF45,0xFF45,0xFF45,0xFF45,0xFF45,0xFF45,0xFF45,
    0xFF45,0xFF45,0xFF45,0xFF45,0xFF45,0xFF45,0xFF45,0xFF45,0xFF45,0xFF25,0xFF65,0xFFC5,
    0xE6C5,0x62C2,0x0000,0x0000,0x0000,0x0000,0x0000,0x0000,0x0000,0x0000,0x0000,0x0000,
    0x0000,0x0000,0x0000,0x0000,0x0000,0x0000,0x0000,0x0000,0x0000,0x0000,0x0000,0x0000,
    0x0000,0x0000,0x0000,0x0000,0x0000,0x0000,0x0000,0x0000,0x0000,0x0000,0x0000,0x0000,
    0x0000,0x0000,0x0000,0x0000,0x0000,0x0000,0x0000,0x0000,0x0000,0x0000,0x0000,0x0000,
    0x0000,0x0000,0x0000,0x0000,0x0860,0xA4E3,0xFFC5,0xFF65,0xFF25,0xFF45,0xFF45,0xFF45,
    0xFF45,0xFF45,0xFF45,0xFF45,0xFF45,0xFF45,0xFF45,0xFF45,0xFF45,0xFF45,0xFF45,0xFF45,
    0xFF45,0xFF45,0xFF45,0xFF45,0xFF45,0xFF45,0xFF45,0xFF25,0xFF65,0xFFC5,0xA4E3,0x0860,
    0x0000,0x0000,0x0000,0x0000,0x0000,0x0000,0x0000,0x0000,0x0000,0x0000,0x0000,0x0000,
    0x0000,0x0000,0x0000,0x0000,0x0000,0x0000,0x0000,0x0000,0x0000,0x0000,0x0000,0x0000,
    0x0000,0x0000,0x0000,0x0000,0x0000,0x0000,0x0000,0x0000,0x0000,0x0000,0x0000,0x0000,
    0x0000,0x0000,0x0000,0x0000,0x0000,0x0000,0x0000,0x0000,0x0000,0x0000,0x0000,0x20E0,
    0xD624,0xFFC5,0xFF25,0xFF45,0xFF45,0xFF45,0xFF45,0xFF45,0xFF45,0xFF45,0xFF45,0xFF45,
    0xFF45,0xFF45,0xFF45,0xFF45,0xFF45,0xFF45,0xFF45,0xFF45,0xFF45,0xFF45,0xFF45,0xFF45,
    0xFF45,0xFF45,0xFF45,0xFF45,0xFF45,0xFF25,0xFFC5,0xD624,0x20E0,0x0000,0x0000,0x0000,
    0x0000,0x0000,0x0000,0x0000,0x0000,0x0000,0x0000,0x0000,0x0000,0x0000,0x0000,0x0000,
    0x0000,0x0000,0x0000,0x0000,0x0000,0x0000,0x0000,0x0000,0x0000,0x0000,0x0000,0x0000,
    0x0000,0x0000,0x0000,0x0000,0x0000,0x0000,0x0000,0x0000,0x0000,0x0000,0x0000,0x0000,
    0x0000,0x0000,0x0000,0x0000,0x0000,0x0000,0x2920,0xE6A4,0xFFA5,0xF725,0xFF45,0xFF45,
    0xFF45,0xFF45,0xFF45,0xFF45,0xFF45,0xFF45,0xFF45,0xFF45,0xFF45,0xFF45,0xFF45,0xFF45,
    0xFF45,0xFF45,0xFF45,0xFF45,0xFF45,0xFF45,0xFF45,0xFF45,0xFF45,0xFF45,0xFF45,0xFF45,
    0xFF45,0xFF45,0xFF25,0xFFA5,0xE6A4,0x2920,0x0000,0x0000,0x0000,0x0000,0x0000,0x0000,
    0x0000,0x0000,0x0000,0x0000,0x0000,0x0000,0x0000,0x0000,0x0000,0x0000,0x0000,0x0000,
    0x0000,0x0000,0x0000,0x0000,0x0000,0x0000,0x0000,0x0000,0x0000,0x0000,0x0000,0x0000,
    0x0000,0x0000,0x0000,0x0000,0x0000,0x0000,0x0000,0x0000,0x0000,0x0000,0x0000,0x0000,
    0x0000,0x20E0,0xE6A4,0xFFA5,0xFF25,0xFF45,0xFF45,0xFF45,0xFF45,0xFF45,0xFF45,0xFF45,
    0xFF45,0xFF45,0xFF45,0xFF45,0xFF45,0xFF45,0xFF45,0xFF45,0xFF45,0xFF45,0xFF45,0xFF45,
    0xFF45,0xFF45,0xFF45,0xFF45,0xFF45,0xFF45,0xFF45,0xFF45,0xFF45,0xFF45,0xFF45,0xFF25,
    0xFFA5,0xE6A4,0x20E0,0x0000,0x0000,0x0000,0x0000,0x0000,0x0000,0x0000,0x0000,0x0000,
    0x0000,0x0000,0x0000,0x0000,0x0000,0x0000,0x0000,0x0000,0x0000,0x0000,0x0000,0x0000,
    0x0000,0x0000,0x0000,0x0000,0x0000,0x0000,0x0000,0x0000,0x0000,0x0000,0x0000,0x0000,
    0x0000,0x0000,0x0000,0x0000,0x0000,0x0000,0x0000,0x0000,0x0860,0xD624,0xFFA5,0xFF25,
    0xFF45,0xFF45,0xFF45,0xFF45,0xFF45,0xFF45,0xFF45,0xFF45,0xFF45,0xFF45,0xFF45,0xFF45,
    0xFF45,0xFF45,0xFF45,0xFF45,0xFF45,0xFF45,0xFF45,0xFF45,0xFF45,0xFF45,0xFF45,0xFF45,
    0xFF45,0xFF45,0xFF45,0xFF45,0xFF45,0xFF45,0xFF45,0xFF45,0xFF25,0xFFA5,0xD624,0x0860,
    0x0000,0x0000,0x0000,0x0000,0x0000,0x0000,0x0000,0x0000,0x0000,0x0000,0x0000,0x0000,
    0x0000,0x0000,0x0000,0x0000,0x0000,0x0000,0x0000,0x0000,0x0000,0x0000,0x0000,0x0000,
    0x0000,0x0000,0x0000,0x0000,0x0000,0x0000,0x0000,0x0000,0x0000,0x0000,0x0000,0x0000,
    0x0000,0x0000,0x0000,0x0000,0xA4C3,0xFFC5,0xFF25,0xFF45,0xFF45,0xFF45,0xFF45,0xFF45,
    0xFF45,0xFF45,0xFF45,0xFF45,0xFF45,0xFF45,0xFF45,0xFF45,0xFF45,0xFF45,0xFF45,0xFF45,
    0xFF45,0xFF45,0xFF45,0xFF45,0xFF45,0xFF45,0xFF45,0xFF45,0xFF45,0xFF45,0xFF45,0xFF45,
    0xFF45,0xFF45,0xFF45,0xFF45,0xFF45,0xFF25,0xFFC5,0xA4C3,0x0000,0x0000,0x0000,0x0000,
    0x0000,0x0000,0x0000,0x0000,0x0000,0x0000,0x0000,0x0000,0x0000,0x0000,0x0000,0x0000,
    0x0000,0x0000,0x0000,0x0000,0x0000,0x0000,0x0000,0x0000,0x0000,0x0000,0x0000,0x0000,
    0x0000,0x0000,0x0000,0x0000,0x0000,0x0000,0x0000,0x0000,0x0000,0x0000,0x0000,0x5AA2,
    0xFFC5,0xFF25,0xFF45,0xFF45,0xFF45,0xFF45,0xFF45,0xFF45,0xFF45,0xFF45,0xFF45,0xFF45,
    0xFF45,0xFF45,0xFF45,0xFF45,0xFF45,0xFF45,0xFF45,0xFF45,0xFF45,0xFF45,0xFF45,0xFF45,
    0xFF45,0xFF45,0xFF45,0xFF45,0xFF45,0xFF45,0xFF45,0xFF45,0xFF45,0xFF45,0xFF45,0xFF45,
    0xFF45,0xFF45,0xFF25,0xFFC5,0x5AA2,0x0000,0x0000,0x0000,0x0000,0x0000,0x0000,0x0000,
    0x0000,0x0000,0x0000,0x0000,0x0000,0x0000,0x0000,0x0000,0x0000,0x0000,0x0000,0x0000,
    0x0000,0x0000,0x0000,0x0000,0x0000,0x0000,0x0000,0x0000,0x0000,0x0000,0x0000,0x0000,
    0x0000,0x0000,0x0000,0x0000,0x0000,0x0000,0x10A0,0xEEC5,0xFF65,0xFF45,0xFF45,0xFF45,
    0xFF45,0xFF45,0xFF45,0xFF45,0xFF45,0xFF45,0xFF45,0xFF45,0xFF45,0xFF45,0xFF45,0xFF45,
    0xFF45,0xFF45,0xFF45,0xFF45,0xFF45,0xFF45,0xFF45,0xFF45,0xFF45,0xFF45,0xFF45,0xFF45,
    0xFF45,0xFF45,0xFF45,0xFF45,0xFF45,0xFF45,0xFF45,0xFF45,0xFF45,0xFF45,0xFF45,0xFF65,
    0xEEC5,0x10A0,0x0000,0x0000,0x0000,0x0000,0x0000,0x0000,0x0000,0x0000,0x0000,0x0000,
    0x0000,0x0000,0x0000,0x0000,0x0000,0x0000,0x0000,0x0000,0x0000,0x0000,0x0000,0x0000,
    0x0000,0x0000,0x0000,0x0000,0x0000,0x0000,0x0000,0x0000,0x0000,0x0000,0x0000,0x0000,
    0x0000,0x0000,0x8C23,0xFFC5,0xFF25,0xFF45,0xFF45,0xFF45,0xFF45,0xFF45,0xFF45,0xFF45,
    0xFF45,0xFF45,0xFF45,0xFF45,0xFF45,0xFF45,0xFF45,0xFF45,0xFF45,0xFF45,0xFF45,0xFF45,
    0xFF45,0xFF45,0xFF45,0xFF45,0xFF45,0xFF45,0xFF45,0xFF45,0xFF45,0xFF45,0xFF45,0xFF45,
    0xFF45,0xFF45,0xFF45,0xFF45,0xFF45,0xFF45,0xFF45,0xFF25,0xFFC5,0x8C23,0x0000,0x0000,
    0x0000,0x0000,0x0000,0x0000,0x0000,0x0000,0x0000,0x0000,0x0000,0x0000,0x0000,0x0000,
    0x0000,0x0000,0x0000,0x0000,0x0000,0x0000,0x0000,0x0000,0x0000,0x0000,0x0000,0x0000,
    0x0000,0x0000,0x0000,0x0000,0x0000,0x0000,0x0000,0x0000,0x0000,0x18E0,0xF725,0xFF65,
    0xFF45,0xFF45,0xFF45,0xFF45,0xFF45,0xFF45,0xFF45,0xFF45,0xFF45,0xFF45,0xFF45,0xFF45,
    0xFF45,0xFF45,0xFF45,0xFF45,0xFF45,0xFF45,0xFF45,0xFF45,0xFF45,0xFF45,0xFF45,0xFF45,
    0xFF45,0xFF45,0xFF45,0xFF45,0xFF45,0xFF45,0xFF45,0xFF45,0xFF45,0xFF45,0xFF45,0xFF45,
    0xFF45,0xFF45,0xFF45,0xFF45,0xFF65,0xF725,0x18E0,0x0000,0x0000,0x0000,0x0000,0x0000,
    0x0000,0x0000,0x0000,0x0000,0x0000,0x0000,0x0000,0x0000,0x0000,0x0000,0x0000,0x0000,
    0x0000,0x0000,0x0000,0x0000,0x0000,0x0000,0x0000,0x0000,0x0000,0x0000,0x0000,0x0000,
    0x0000,0x0000,0x0000,0x0000,0x0000,0x83C2,0xFFC5,0xFF25,0xFF45,0xFF45,0xFF45,0xFF45,
    0xFF45,0xFF45,0xFF45,0xFF45,0xFF45,0xFF45,0xFF45,0xFF45,0xFF45,0xFF45,0xFF45,0xFF45,
    0xFF45,0xFF45,0xFF45,0xFF45,0xFF45,0xFF45,0xFF45,0xFF45,0xFF45,0xFF45,0xFF45,0xFF45,
    0xFF45,0xFF45,0xFF45,0xFF45,0xFF45,0xFF45,0xFF45,0xFF45,0xFF45,0xFF45,0xFF45,0xFF45,
    0xFF25,0xFFC5,0x83C2,0x0000,0x0000,0x0000,0x0000,0x0000,0x0000,0x0000,0x0000,0x0000,
    0x0000,0x0000,0x0000,0x0000,0x0000,0x0000,0x0000,0x0000,0x0000,0x0000,0x0000,0x0000,
    0x0000,0x0000,0x0000,0x0000,0x0000,0x0000,0x0000,0x0000,0x0000,0x0000,0x0000,0x0000,
    0x0840,0xDE64,0xFF85,0xFF45,0xFF45,0xFF45,0xFF45,0xFF45,0xFF45,0xFF45,0xFF45,0xFF25,
    0xFF45,0xFF65,0xFF85,0xFF65,0xFF45,0xFF25,0xFF45,0xFF45,0xFF45,0xFF45,0xFF45,0xFF45,
    0xFF45,0xFF45,0xFF45,0xFF45,0xFF45,0xFF45,0xFF25,0xFF45,0xFF65,0xFF85,0xFF65,0xFF45,
    0xFF25,0xFF45,0xFF45,0xFF45,0xFF45,0xFF45,0xFF45,0xFF45,0xFF45,0xFF85,0xDE64,0x0840,
    0x0000,0x0000,0x0000,0x0000,0x0000,0x0000,0x0000,0x0000,0x0000,0x0000,0x0000,0x0000,
    0x0000,0x0000,0x0000,0x0000,0x0000,0x0000,0x0000,0x0000,0x0000,0x0000,0x0000,0x0000,
    0x0000,0x0000,0x0000,0x0000,0x0000,0x0000,0x0000,0x0000,0x4201,0xFFA5,0xFF25,0xFF45,
    0xFF45,0xFF45,0xFF45,0xFF45,0xFF45,0xFF45,0xFF45,0xFFC5,0xFF65,0xE6A4,0xDE44,0xEEC5,
    0xFF85,0xFFC5,0xFF45,0xFF45,0xFF45,0xFF45,0xFF45,0xFF45,0xFF45,0xFF45,0xFF45,0xFF45,
    0xFF45,0xFF45,0xFFA5,0xFF85,0xEEC5,0xDE44,0xE6A4,0xFF65,0xFFC5,0xFF45,0xFF45,0xFF45,
    0xFF45,0xFF45,0xFF45,0xFF45,0xFF45,0xFF25,0xFFA5,0x4201,0x0000,0x0000,0x0000,0x0000,
    0x0000,0x0000,0x0000,0x0000,0x0000,0x0000,0x0000,0x0000,0x0000,0x0000,0x0000,0x0000,
    0x0000,0x0000,0x0000,0x0000,0x0000,0x0000,0x0000,0x0000,0x0000,0x0000,0x0000,0x0000,
    0x0000,0x0000,0x0000,0x0000,0x8C23,0xFFC5,0xFF25,0xFF45,0xFF45,0xFF45,0xFF45,0xFF45,
    0xFF45,0xFF65,0xFF65,0x9C63,0x39A1,0x0860,0x0000,0x1080,0x4201,0xAD03,0xFFA5,0xFF45,
    0xFF45,0xFF45,0xFF45,0xFF45,0xFF45,0xFF45,0xFF45,0xFF45,0xFF45,0xFFA5,0xAD03,0x4201,
    0x1080,0x0000,0x0860,0x39A1,0x9C63,0xFF65,0xFF65,0xFF45,0xFF45,0xFF45,0xFF45,0xFF45,
    0xFF45,0xFF25,0xFFC5,0x8C23,0x0000,0x0000,0x0000,0x0000,0x0000,0x0000,0x0000,0x0000,
    0x0000,0x0000,0x0000,0x0000,0x0000,0x0000,0x0000,0x0000,0x0000,0x0000,0x0000,0x0000,
    0x0000,0x0000,0x0000,0x0000,0x0000,0x0000,0x0000,0x0000,0x0000,0x0000,0x0000,0x0000,
    0xCDC4,0xFFA5,0xFF45,0xFF45,0xFF45,0xFF45,0xFF45,0xFF45,0xFF65,0xF725,0x4A21,0x0000,
    0x0000,0x0000,0x0000,0x0000,0x0000,0x0000,0x62E2,0xFF85,0xFF45,0xFF45,0xFF45,0xFF45,
    0xFF45,0xFF45,0xFF45,0xFF45,0xFF85,0x62E2,0x0000,0x0000,0x0000,0x0000,0x0000,0x0000,
    0x0000,0x4A21,0xF725,0xFF65,0xFF45,0xFF45,0xFF45,0xFF45,0xFF45,0xFF45,0xFFA5,0xCDC4,
    0x0000,0x0000,0x0000,0x0000,0x0000,0x0000,0x0000,0x0000,0x0000,0x0000,0x0000,0x0000,
    0x0000,0x0000,0x0000,0x0000,0x0000,0x0000,0x0000,0x0000,0x0000,0x0000,0x0000,0x0000,
    0x0000,0x0000,0x0000,0x0000,0x0000,0x0000,0x0000,0x10A0,0xEEE5,0xFF65,0xFF45,0xFF45,
    0xFF45,0xFF45,0xFF45,0xFF45,0xFFA5,0x4A41,0x0000,0x0000,0x6B22,0xC5A4,0xD644,0xBD64,
    0x5261,0x0000,0x0000,0x7362,0xFFC5,0xFF25,0xFF45,0xFF45,0xFF45,0xFF45,0xFF25,0xFFC5,
    0x7362,0x0000,0x0000,0x5261,0xBD64,0xD644,0xC5A4,0x6B02,0x0020,0x0000,0x4A41,0xFFA5,
    0xFF45,0xFF45,0xFF45,0xFF45,0xFF45,0xFF45,0xFF65,0xEEE5,0x1080,0x0000,0x0000,0x0000,
    0x0000,0x0000,0x0000,0x0000,0x0000,0x0000,0x0000,0x0000,0x0000,0x0000,0x0000,0x0000,
    0x0000,0x0000,0x0000,0x0000,0x0000,0x0000,0x0000,0x0000,0x0000,0x0000,0x0000,0x0000,
    0x0000,0x0000,0x0000,0x3181,0xFF65,0xFF45,0xFF45,0xFF45,0xFF45,0xFF45,0xFF25,0xFFC5,
    0xACC3,0x0000,0x0000,0x9C83,0xFFE5,0xFFA5,0xFF85,0xFFA5,0xFFE5,0x7B82,0x0000,0x0000,
    0xCDE4,0xFF85,0xFF45,0xFF45,0xFF45,0xFF45,0xFF85,0xCDE4,0x0000,0x0000,0x7B82,0xFFE5,
    0xFFA5,0xFF85,0xFFA5,0xFFE5,0x9C83,0x0000,0x0000,0xACC3,0xFFC5,0xFF25,0xFF45,0xFF45,
    0xFF45,0xFF45,0xFF45,0xFF65,0x3181,0x0000,0x0000,0x0000,0x0000,0x0000,0x0000,0x0000,
    0x0000,0x0000,0x0000,0x0000,0x0000,0x0000,0x0000,0x0000,0x0000,0x0000,0x0000,0x0000,
    0x0000,0x0000,0x0000,0x0000,0x0000,0x0000,0x0000,0x0000,0x0000,0x0000,0x0000,0x5241,
    0xFFA5,0xFF25,0xFF45,0xFF45,0xFF45,0xFF45,0xFF25,0xFFC5,0x9C83,0x0000,0x5AC2,0xFFE5,
    0xF725,0xFF25,0xFF45,0xFF25,0xFF45,0xFF85,0x3181,0x0000,0xC5A4,0xFFA5,0xFF25,0xFF45,
    0xFF45,0xFF25,0xFFA5,0xC5A4,0x0000,0x39A1,0xFF85,0xFF45,0xFF25,0xFF45,0xFF25,0xF725,
    0xFFE5,0x5AC2,0x0000,0x9C83,0xFFC5,0xFF25,0xFF45,0xFF45,0xFF45,0xFF45,0xFF25,0xFFA5,
    0x5241,0x0000,0x0000,0x0000,0x0000,0x0000,0x0000,0x0000,0x0000,0x0000,0x0000,0x0000,
    0x0000,0x0000,0x0000,0x0000,0x0000,0x0000,0x0000,0x0000,0x0000,0x0000,0x0000,0x0000,
    0x0000,0x0000,0x0000,0x0000,0x0000,0x0020,0x0000,0x62E2,0xFFC5,0xFF25,0xFF45,0xFF45,
    0xFF45,0xFF45,0xFF45,0xFF45,0xFF65,0xCDE4,0xF705,0xFF65,0xFF45,0xFF45,0xFF45,0xFF45,
    0xFF45,0xFF65,0xEEC5,0xCE04,0xFF65,0xFF45,0xFF45,0xFF45,0xFF45,0xFF45,0xFF45,0xFF65,
    0xCE04,0xEEC5,0xFF65,0xFF45,0xFF45,0xFF45,0xFF45,0xFF45,0xFF65,0xF705,0xCDE4,0xFF65,
    0xFF45,0xFF45,0xFF45,0xFF45,0xFF45,0xFF45,0xFF25,0xFFC5,0x62E2,0x0000,0x0020,0x0000,
    0x0000,0x0000,0x0000,0x0000,0x0000,0x0000,0x0000,0x0000,0x0000,0x0000,0x0000,0x0000,
    0x0000,0x0000,0x0000,0x0000,0x0000,0x0000,0x0000,0x0000,0x0000,0x0000,0x0000,0x0000,
    0x0000,0x0020,0x0000,0x6B22,0xFFC5,0xFF25,0xFF45,0xFF45,0xFF45,0xFF45,0xFF45,0xFF45,
    0xFF45,0xFFA5,0xFF65,0xFF45,0xFF45,0xFF45,0xFF45,0xFF45,0xFF45,0xFF45,0xFF65,0xFF85,
    0xFF45,0xFF45,0xFF45,0xFF45,0xFF45,0xFF45,0xFF45,0xFF45,0xFF85,0xFF65,0xFF45,0xFF45,
    0xFF45,0xFF45,0xFF45,0xFF45,0xFF45,0xFF65,0xFFA5,0xFF45,0xFF45,0xFF45,0xFF45,0xFF45,
    0xFF45,0xFF45,0xFF25,0xFFC5,0x6B22,0x0000,0x0020,0x0000,0x0000,0x0000,0x0000,0x0000,
    0x0000,0x0000,0x0000,0x0000,0x0000,0x0000,0x0000,0x0000,0x0000,0x0000,0x0000,0x0000,
    0x0000,0x0000,0x0000,0x0000,0x0000,0x0000,0x0000,0x0000,0x0000,0x0020,0x0000,0x6B22,
    0xFFC5,0xFF25,0xFF45,0xFF45,0xFF45,0xFF45,0xFF45,0xFF45,0xFF45,0xFF45,0xFF45,0xFF45,
    0xFF45,0xFF45,0xFF45,0xFF45,0xFF45,0xFF45,0xFF45,0xFF45,0xFF45,0xFF45,0xFF45,0xFF45,
    0xFF45,0xFF45,0xFF45,0xFF45,0xFF45,0xFF45,0xFF45,0xFF45,0xFF45,0xFF45,0xFF45,0xFF45,
    0xFF45,0xFF45,0xFF45,0xFF45,0xFF45,0xFF45,0xFF45,0xFF45,0xFF45,0xFF45,0xFF25,0xFFC5,
    0x6B22,0x0000,0x0020,0x0000,0x0000,0x0000,0x0000,0x0000,0x0000,0x0000,0x0000,0x0000,
    0x0000,0x0000,0x0000,0x0000,0x0000,0x0000,0x0000,0x0000,0x0000,0x0000,0x0000,0x0000,
    0x0000,0x0000,0x0000,0x0000,0x0000,0x0020,0x0000,0x62E2,0xFFC5,0xFF25,0xFF45,0xFF45,
    0xFF45,0xFF45,0xFF45,0xFF45,0xFF45,0xFF45,0xFF45,0xFF45,0xFF45,0xFF45,0xFF45,0xFF45,
    0xFF45,0xFF45,0xFF45,0xFF45,0xFF45,0xFF45,0xFF45,0xFF45,0xFF45,0xFF45,0xFF45,0xFF45,
    0xFF45,0xFF45,0xFF45,0xFF45,0xFF45,0xFF45,0xFF45,0xFF45,0xFF45,0xFF45,0xFF45,0xFF45,
    0xFF45,0xFF45,0xFF45,0xFF45,0xFF45,0xFF45,0xFF25,0xFFC5,0x62E2,0x0000,0x0020,0x0000,
    0x0000,0x0000,0x0000,0x0000,0x0000,0x0000,0x0000,0x0000,0x0000,0x0000,0x0000,0x0000,
    0x0000,0x0000,0x0000,0x0000,0x0000,0x0000,0x0000,0x0000,0x0000,0x0000,0x0000,0x0000,
    0x0000,0x0000,0x0000,0x5241,0xFFA5,0xFF25,0xFF45,0xFF45,0xFF45,0xFF45,0xFF45,0xFF45,
    0xFF45,0xFF45,0xFF45,0xFF45,0xFF45,0xFF45,0xFF45,0xFF45,0xFF45,0xFF45,0xFF45,0xFF45,
    0xFF45,0xFF45,0xFF45,0xFF45,0xFF45,0xFF45,0xFF45,0xFF45,0xFF45,0xFF45,0xFF45,0xFF45,
    0xFF45,0xFF45,0xFF45,0xFF45,0xFF45,0xFF45,0xFF45,0xFF45,0xFF45,0xFF45,0xFF45,0xFF45,
    0xFF45,0xFF45,0xFF25,0xFFA5,0x5241,0x0000,0x0000,0x0000,0x0000,0x0000,0x0000,0x0000,
    0x0000,0x0000,0x0000,0x0000,0x0000,0x0000,0x0000,0x0000,0x0000,0x0000,0x0000,0x0000,
    0x0000,0x0000,0x0000,0x0000,0x0000,0x0000,0x0000,0x0000,0x0000,0x0000,0x0000,0x3181,
    0xFF65,0xFF45,0xFF45,0xFF45,0xFF45,0xFF45,0xFF45,0xFF45,0xFF45,0xFF45,0xFF45,0xFF45,
    0xFF45,0xFF45,0xFF45,0xFF45,0xFF45,0xFF45,0xFF45,0xFF45,0xFF45,0xFF45,0xFF45,0xFF45,
    0xFF45,0xFF45,0xFF45,0xFF45,0xFF45,0xFF45,0xFF45,0xFF45,0xFF45,0xFF45,0xFF45,0xFF45,
    0xFF45,0xFF45,0xFF45,0xFF45,0xFF45,0xFF45,0xFF45,0xFF45,0xFF45,0xFF45,0xFF45,0xFF65,
    0x3181,0x0000,0x0000,0x0000,0x0000,0x0000,0x0000,0x0000,0x0000,0x0000,0x0000,0x0000,
    0x0000,0x0000,0x0000,0x0000,0x0000,0x0000,0x0000,0x0000,0x0000,0x0000,0x0000,0x0000,
    0x0000,0x0000,0x0000,0x0000,0x0000,0x0000,0x0000,0x1080,0xEEE5,0xFF65,0xFF45,0xFF45,
    0xFF45,0xFF45,0xFF45,0xFF45,0xFF45,0xFF45,0xFF45,0xFF45,0xFF45,0xFF45,0xFF45,0xFF45,
    0xFF45,0xFF45,0xFF45,0xFF45,0xFF45,0xFF45,0xFF45,0xFF45,0xFF45,0xFF45,0xFF45,0xFF45,
    0xFF45,0xFF45,0xFF45,0xFF45,0xFF45,0xFF45,0xFF45,0xFF45,0xFF45,0xFF45,0xFF45,0xFF45,
    0xFF45,0xFF45,0xFF45,0xFF45,0xFF45,0xFF45,0xFF65,0xEEE5,0x1080,0x0000,0x0000,0x0000,
    0x0000,0x0000,0x0000,0x0000,0x0000,0x0000,0x0000,0x0000,0x0000,0x0000,0x0000,0x0000,
    0x0000,0x0000,0x0000,0x0000,0x0000,0x0000,0x0000,0x0000,0x0000,0x0000,0x0000,0x0000,
    0x0000,0x0000,0x0000,0x0000,0xCDC4,0xFFA5,0xFF45,0xFF45,0xFF45,0xFF45,0xFF45,0xFF45,
    0xFF45,0xFF45,0xFF45,0xFF45,0xFF45,0xFF45,0xFF45,0xFF45,0xFF45,0xFF45,0xFF45,0xFF45,
    0xFF45,0xFF45,0xFF45,0xFF45,0xFF45,0xFF45,0xFF45,0xFF45,0xFF45,0xFF45,0xFF45,0xFF45,
    0xFF45,0xFF45,0xFF45,0xFF45,0xFF45,0xFF45,0xFF45,0xFF45,0xFF45,0xFF45,0xFF45,0xFF45,
    0xFF45,0xFF45,0xFFA5,0xCDC4,0x0000,0x0000,0x0000,0x0000,0x0000,0x0000,0x0000,0x0000,
    0x0000,0x0000,0x0000,0x0000,0x0000,0x0000,0x0000,0x0000,0x0000,0x0000,0x0000,0x0000,
    0x0000,0x0000,0x0000,0x0000,0x0000,0x0000,0x0000,0x0000,0x0000,0x0000,0x0000,0x0000,
    0x8C23,0xFFC5,0xFF25,0xFF45,0xFF45,0xFF45,0xFF45,0xFF45,0xFF45,0xFF45,0xFF45,0xFF45,
    0xFF45,0xFF45,0xFF45,0xFF45,0xFF45,0xFF45,0xFF45,0xFF45,0xFF45,0xFF45,0xFF45,0xFF45,
    0xFF45,0xFF45,0xFF45,0xFF45,0xFF45,0xFF45,0xFF45,0xFF45,0xFF45,0xFF45,0xFF45,0xFF45,
    0xFF45,0xFF45,0xFF45,0xFF45,0xFF45,0xFF45,0xFF45,0xFF45,0xFF45,0xFF25,0xFFC5,0x8C23,
    0x0000,0x0000,0x0000,0x0000,0x0000,0x0000,0x0000,0x0000,0x0000,0x0000,0x0000,0x0000,
    0x0000,0x0000,0x0000,0x0000,0x0000,0x0000,0x0000,0x0000,0x0000,0x0000,0x0000,0x0000,
    0x0000,0x0000,0x0000,0x0000,0x0000,0x0000,0x0000,0x0000,0x4201,0xFFA5,0xFF25,0xFF45,
    0xFF45,0xFF45,0xFF45,0xFF45,0xFF45,0xFF45,0xFF45,0xFF45,0xFF45,0xFF45,0xFF45,0xFF45,
    0xFF45,0xFF45,0xFF45,0xFF45,0xFF45,0xFF45,0xFF45,0xFF45,0xFF45,0xFF45,0xFF45,0xFF45,
    0xFF45,0xFF45,0xFF45,0xFF45,0xFF45,0xFF45,0xFF45,0xFF45,0xFF45,0xFF45,0xFF45,0xFF45,
    0xFF45,0xFF45,0xFF45,0xFF45,0xFF45,0xFF25,0xFFA5,0x4201,0x0000,0x0000,0x0000,0x0000,
    0x0000,0x0000,0x0000,0x0000,0x0000,0x0000,0x0000,0x0000,0x0000,0x0000,0x0000,0x0000,
    0x0000,0x0000,0x0000,0x0000,0x0000,0x0000,0x0000,0x0000,0x0000,0x0000,0x0000,0x0000,
    0x0000,0x0000,0x0000,0x0000,0x0840,0xDE64,0xFF85,0xFF45,0xFF45,0xFF45,0xFF45,0xFF45,
    0xFF45,0xFF45,0xFF45,0xFF65,0xFF85,0xFF85,0xFF85,0xFF25,0xFF45,0xFF45,0xFF45,0xFF45,
    0xFF45,0xFF45,0xFF45,0xFF45,0xFF45,0xFF45,0xFF45,0xFF45,0xFF45,0xFF45,0xFF45,0xFF45,
    0xFF25,0xFF85,0xFF85,0xFF85,0xFF65,0xFF45,0xFF45,0xFF45,0xFF45,0xFF45,0xFF45,0xFF45,
    0xFF45,0xFF85,0xDE64,0x0840,0x0000,0x0000,0x0000,0x0000,0x0000,0x0000,0x0000,0x0000,
    0x0000,0x0000,0x0000,0x0000,0x0000,0x0000,0x0000,0x0000,0x0000,0x0000,0x0000,0x0000,
    0x0000,0x0000,0x0000,0x0000,0x0000,0x0000,0x0000,0x0000,0x0000,0x0000,0x0000,0x0000,
    0x0000,0x83C2,0xFFC5,0xFF25,0xFF45,0xFF45,0xFF45,0xFF45,0xFF45,0xFF45,0xFF45,0xFF65,
    0x62E2,0x4201,0xDE64,0xFFE5,0xFF45,0xFF25,0xFF45,0xFF45,0xFF45,0xFF45,0xFF45,0xFF45,
    0xFF45,0xFF45,0xFF45,0xFF45,0xFF45,0xFF45,0xFF25,0xFF45,0xFFE5,0xDE64,0x41E1,0x62E2,
    0xFF65,0xFF45,0xFF45,0xFF45,0xFF45,0xFF45,0xFF45,0xFF45,0xFF25,0xFFC5,0x83C2,0x0000,
    0x0000,0x0000,0x0000,0x0000,0x0000,0x0000,0x0000,0x0000,0x0000,0x0000,0x0000,0x0000,
    0x0000,0x0000,0x0000,0x0000,0x0000,0x0000,0x0000,0x0000,0x0000,0x0000,0x0000,0x0000,
    0x0000,0x0000,0x0000,0x0000,0x0000,0x0000,0x0000,0x0000,0x0000,0x18E0,0xF725,0xFF65,
    0xFF45,0xFF45,0xFF45,0xFF45,0xFF45,0xFF45,0xFF65,0xF705,0x0840,0x0000,0x1080,0x9C83,
    0xFF85,0xFFC5,0xFF45,0xFF25,0xFF25,0xFF45,0xFF45,0xFF45,0xFF45,0xFF45,0xFF45,0xFF25,
    0xFF25,0xFF45,0xFFC5,0xFF85,0x9C83,0x1080,0x0000,0x0840,0xF705,0xFF65,0xFF45,0xFF45,
    0xFF45,0xFF45,0xFF45,0xFF45,0xFF65,0xF725,0x18C0,0x0000,0x0000,0x0000,0x0000,0x0000,
    0x0000,0x0000,0x0000,0x0000,0x0000,0x0000,0x0000,0x0000,0x0000,0x0000,0x0000,0x0000,
    0x0000,0x0000,0x0000,0x0000,0x0000,0x0000,0x0000,0x0000,0x0000,0x0000,0x0000,0x0000,
    0x0000,0x0000,0x0000,0x0000,0x0000,0x0000,0x8C23,0xFFC5,0xFF25,0xFF45,0xFF45,0xFF45,
    0xFF45,0xFF45,0xFF45,0xFF85,0xC5C4,0x2100,0x0000,0x0000,0x39C1,0xAD03,0xF725,0xFFC5,
    0xFFC5,0xFF85,0xFF65,0xFF65,0xFF65,0xFF65,0xFF85,0xFFC5,0xFFC5,0xF725,0xAD03,0x39C1,
    0x0000,0x0000,0x2100,0xC5C4,0xFF85,0xFF45,0xFF45,0xFF45,0xFF45,0xFF45,0xFF45,0xFF25,
    0xFFC5,0x8C03,0x0000,0x0000,0x0000,0x0000,0x0000,0x0000,0x0000,0x0000,0x0000,0x0000,
    0x0000,0x0000,0x0000,0x0000,0x0000,0x0000,0x0000,0x0000,0x0000,0x0000,0x0000,0x0000,
    0x0000,0x0000,0x0000,0x0000,0x0000,0x0000,0x0000,0x0000,0x0000,0x0000,0x0000,0x0000,
    0x0000,0x0000,0x10A0,0xEEC5,0xFF65,0xFF45,0xFF45,0xFF45,0xFF45,0xFF45,0xFF45,0xFF45,
    0xFFA5,0xEEE5,0x6302,0x0020,0x0000,0x0000,0x2100,0x6B22,0xACE3,0xD604,0xEEC5,0xF705,
    0xF705,0xEEC5,0xD604,0xACE3,0x6B22,0x2100,0x0000,0x0000,0x0020,0x6302,0xEEE5,0xFFA5,
    0xFF45,0xFF45,0xFF45,0xFF45,0xFF45,0xFF45,0xFF45,0xFF65,0xEEC5,0x1080,0x0000,0x0000,
    0x0000,0x0000,0x0000,0x0000,0x0000,0x0000,0x0000,0x0000,0x0000,0x0000,0x0000,0x0000,
    0x0000,0x0000,0x0000,0x0000,0x0000,0x0000,0x0000,0x0000,0x0000,0x0000,0x0000,0x0000,
    0x0000,0x0000,0x0000,0x0000,0x0000,0x0000,0x0000,0x0000,0x0000,0x0000,0x0000,0x5AA2,
    0xFFC5,0xFF25,0xFF45,0xFF45,0xFF45,0xFF45,0xFF45,0xFF45,0xFF25,0xFF65,0xFFC5,0xCDE4,
    0x5AA2,0x0860,0x0000,0x0000,0x0000,0x0000,0x1060,0x18C0,0x18C0,0x1060,0x0000,0x0000,
    0x0000,0x0000,0x0860,0x5AA2,0xCDE4,0xFFC5,0xFF65,0xFF25,0xFF45,0xFF45,0xFF45,0xFF45,
    0xFF45,0xFF45,0xFF25,0xFFC5,0x5AA2,0x0000,0x0000,0x0000,0x0000,0x0000,0x0000,0x0000,
    0x0000,0x0000,0x0000,0x0000,0x0000,0x0000,0x0000,0x0000,0x0000,0x0000,0x0000,0x0000,
    0x0000,0x0000,0x0000,0x0000,0x0000,0x0000,0x0000,0x0000,0x0000,0x0000,0x0000,0x0000,
    0x0000,0x0000,0x0000,0x0000,0x0000,0x0000,0x0000,0x0000,0xA4C3,0xFFE5,0xFF25,0xFF45,
    0xFF45,0xFF45,0xFF45,0xFF45,0xFF45,0xFF45,0xFF25,0xFFA5,0xFFA5,0xDE64,0x9443,0x5261,
    0x20E0,0x0020,0x0000,0x0000,0x0000,0x0000,0x0020,0x20E0,0x4A41,0x9443,0xDE64,0xFFA5,
    0xFFA5,0xFF25,0xFF45,0xFF45,0xFF45,0xFF45,0xFF45,0xFF45,0xFF45,0xFF25,0xFFE5,0xA4C3,
    0x0000,0x0000,0x0000,0x0000,0x0000,0x0000,0x0000,0x0000,0x0000,0x0000,0x0000,0x0000,
    0x0000,0x0000,0x0000,0x0000,0x0000,0x0000,0x0000,0x0000,0x0000,0x0000,0x0000,0x0000,
    0x0000,0x0000,0x0000,0x0000,0x0000,0x0000,0x0000,0x0000,0x0000,0x0000,0x0000,0x0000,
    0x0000,0x0000,0x0000,0x0000,0x0860,0xD624,0xFFA5,0xFF25,0xFF45,0xFF45,0xFF45,0xFF45,
    0xFF45,0xFF45,0xFF45,0xFF45,0xFF25,0xFF85,0xFFC5,0xFFA5,0xF705,0xDE44,0xC5A4,0xBD43,
    0xBD43,0xC5A4,0xDE44,0xF705,0xFFA5,0xFFC5,0xFF85,0xFF25,0xFF45,0xFF45,0xFF45,0xFF45,
    0xFF45,0xFF45,0xFF45,0xFF45,0xFF25,0xFFA5,0xD624,0x0860,0x0000,0x0000,0x0000,0x0000,
    0x0000,0x0000,0x0000,0x0000,0x0000,0x0000,0x0000,0x0000,0x0000,0x0000,0x0000,0x0000,
    0x0000,0x0000,0x0000,0x0000,0x0000,0x0000,0x0000,0x0000,0x0000,0x0000,0x0000,0x0000,
    0x0000,0x0000,0x0000,0x0000,0x0000,0x0000,0x0000,0x0000,0x0000,0x0000,0x0000,0x0000,
    0x0000,0x20E0,0xE6A4,0xFFA5,0xFF25,0xFF45,0xFF45,0xFF45,0xFF45,0xFF45,0xFF45,0xFF45,
    0xFF45,0xFF45,0xFF25,0xFF25,0xFF65,0xFF85,0xFFA5,0xFFA5,0xFFA5,0xFFA5,0xFF85,0xFF65,
    0xFF45,0xFF25,0xFF45,0xFF45,0xFF45,0xFF45,0xFF45,0xFF45,0xFF45,0xFF45,0xFF45,0xFF25,
    0xFFA5,0xE6A4,0x20E0,0x0000,0x0000,0x0000,0x0000,0x0000,0x0000,0x0000,0x0000,0x0000,
    0x0000,0x0000,0x0000,0x0000,0x0000,0x0000,0x0000,0x0000,0x0000,0x0000,0x0000,0x0000,
    0x0000,0x0000,0x0000,0x0000,0x0000,0x0000,0x0000,0x0000,0x0000,0x0000,0x0000,0x0000,
    0x0000,0x0000,0x0000,0x0000,0x0000,0x0000,0x0000,0x0000,0x0000,0x0000,0x2920,0xE6A4,
    0xFFA5,0xF725,0xFF45,0xFF45,0xFF45,0xFF45,0xFF45,0xFF45,0xFF45,0xFF45,0xFF45,0xFF45,
    0xFF45,0xFF45,0xFF45,0xFF25,0xFF25,0xFF45,0xFF45,0xFF45,0xFF45,0xFF45,0xFF45,0xFF45,
    0xFF45,0xFF45,0xFF45,0xFF45,0xFF45,0xFF45,0xF725,0xFFA5,0xE6A4,0x2920,0x0000,0x0000,
    0x0000,0x0000,0x0000,0x0000,0x0000,0x0000,0x0000,0x0000,0x0000,0x0000,0x0000,0x0000,
    0x0000,0x0000,0x0000,0x0000,0x0000,0x0000,0x0000,0x0000,0x0000,0x0000,0x0000,0x0000,
    0x0000,0x0000,0x0000,0x0000,0x0000,0x0000,0x0000,0x0000,0x0000,0x0000,0x0000,0x0000,
    0x0000,0x0000,0x0000,0x0000,0x0000,0x0000,0x0000,0x20E0,0xCE24,0xFFC5,0xFF25,0xFF45,
    0xFF45,0xFF45,0xFF45,0xFF45,0xFF45,0xFF45,0xFF45,0xFF45,0xFF45,0xFF45,0xFF45,0xFF45,
    0xFF45,0xFF45,0xFF45,0xFF45,0xFF45,0xFF45,0xFF45,0xFF45,0xFF45,0xFF45,0xFF45,0xFF45,
    0xFF45,0xFF25,0xFFC5,0xD624,0x20E0,0x0000,0x0000,0x0000,0x0000,0x0000,0x0000,0x0000,
    0x0000,0x0000,0x0000,0x0000,0x0000,0x0000,0x0000,0x0000,0x0000,0x0000,0x0000,0x0000,
    0x0000,0x0000,0x0000,0x0000,0x0000,0x0000,0x0000,0x0000,0x0000,0x0000,0x0000,0x0000,
    0x0000,0x0000,0x0000,0x0000,0x0000,0x0000,0x0000,0x0000,0x0000,0x0000,0x0000,0x0000,
    0x0000,0x0000,0x0000,0x0000,0x0860,0xA4C3,0xFFC5,0xFF65,0xFF25,0xFF45,0xFF45,0xFF45,
    0xFF45,0xFF45,0xFF45,0xFF45,0xFF45,0xFF45,0xFF45,0xFF45,0xFF45,0xFF45,0xFF45,0xFF45,
    0xFF45,0xFF45,0xFF45,0xFF45,0xFF45,0xFF45,0xFF45,0xFF25,0xFF65,0xFFC5,0xA4E3,0x0860,
    0x0000,0x0000,0x0000,0x0000,0x0000,0x0000,0x0000,0x0000,0x0000,0x0000,0x0000,0x0000,
    0x0000,0x0000,0x0000,0x0000,0x0000,0x0000,0x0000,0x0000,0x0000,0x0000,0x0000,0x0000,
    0x0000,0x0000,0x0000,0x0000,0x0000,0x0000,0x0000,0x0000,0x0000,0x0000,0x0000,0x0000,
    0x0000,0x0000,0x0000,0x0000,0x0000,0x0000,0x0000,0x0000,0x0000,0x0000,0x0000,0x0000,
    0x0000,0x0000,0x62C2,0xE6C5,0xFFC5,0xFF65,0xFF25,0xFF45,0xFF45,0xFF45,0xFF45,0xFF45,
    0xFF45,0xFF45,0xFF45,0xFF45,0xFF45,0xFF45,0xFF45,0xFF45,0xFF45,0xFF45,0xFF45,0xFF45,
    0xFF45,0xFF25,0xFF65,0xFFC5,0xE6C5,0x62C2,0x0000,0x0000,0x0000,0x0000,0x0000,0x0000,
    0x0000,0x0000,0x0000,0x0000,0x0000,0x0000,0x0000,0x0000,0x0000,0x0000,0x0000,0x0000,
    0x0000,0x0000,0x0000,0x0000,0x0000,0x0000,0x0000,0x0000,0x0000,0x0000,0x0000,0x0000,
    0x0000,0x0000,0x0000,0x0000,0x0000,0x0000,0x0000,0x0000,0x0000,0x0000,0x0000,0x0000,
    0x0000,0x0000,0x0000,0x0000,0x0000,0x0000,0x0000,0x0000,0x0000,0x0000,0x0000,0x18A0,
    0x8C23,0xF705,0xFFC5,0xFF85,0xFF45,0xFF25,0xFF45,0xFF45,0xFF45,0xFF45,0xFF45,0xFF45,
    0xFF45,0xFF45,0xFF45,0xFF45,0xFF45,0xFF45,0xFF25,0xFF45,0xFF85,0xFFC5,0xF725,0x8C23,
    0x18A0,0x0000,0x0000,0x0000,0x0000,0x0000,0x0000,0x0000,0x0000,0x0000,0x0000,0x0000,
    0x0000,0x0000,0x0000,0x0000,0x0000,0x0000,0x0000,0x0000,0x0000,0x0000,0x0000,0x0000,
    0x0000,0x0000,0x0000,0x0000,0x0000,0x0000,0x0000,0x0000,0x0000,0x0000,0x0000,0x0000,
    0x0000,0x0000,0x0000,0x0000,0x0000,0x0000,0x0000,0x0000,0x0000,0x0000,0x0000,0x0000,
    0x0000,0x0000,0x0000,0x0000,0x0000,0x0000,0x0000,0x0000,0x0000,0x20E0,0x83E2,0xDE64,
    0xFFA5,0xFFC5,0xFFA5,0xFF65,0xFF45,0xFF25,0xFF25,0xFF25,0xFF25,0xFF25,0xFF25,0xFF45,
    0xFF65,0xFFA5,0xFFC5,0xFFA5,0xDE64,0x83E2,0x20E0,0x0000,0x0000,0x0000,0x0000,0x0000,
    0x0000,0x0000,0x0000,0x0000,0x0000,0x0000,0x0000,0x0000,0x0000,0x0000,0x0000,0x0000,
    0x0000,0x0000,0x0000,0x0000,0x0000,0x0000,0x0000,0x0000,0x0000,0x0000,0x0000,0x0000,
    0x0000,0x0000,0x0000,0x0000,0x0000,0x0000,0x0000,0x0000,0x0000,0x0000,0x0000,0x0000,
    0x0000,0x0000,0x0000,0x0000,0x0000,0x0000,0x0000,0x0000,0x0000,0x0000,0x0000,0x0000,
    0x0000,0x0000,0x0000,0x0000,0x0000,0x0000,0x0000,0x0840,0x4201,0x8C23,0xC5C4,0xEEE5,
    0xFF65,0xFFA5,0xFFC5,0xFFC5,0xFFC5,0xFFC5,0xFFA5,0xFF65,0xEEE5,0xC5C4,0x8C23,0x4201,
    0x0840,0x0000,0x0000,0x0000,0x0000,0x0000,0x0000,0x0000,0x0000,0x0000,0x0000,0x0000,
    0x0000,0x0000,0x0000,0x0000,0x0000,0x0000,0x0000,0x0000,0x0000,0x0000,0x0000,0x0000,
    0x0000,0x0000,0x0000,0x0000,0x0000,0x0000,0x0000,0x0000,0x0000,0x0000,0x0000,0x0000,
    0x0000,0x0000,0x0000,0x0000,0x0000,0x0000,0x0000,0x0000,0x0000,0x0000,0x0000,0x0000,
    0x0000,0x0000,0x0000,0x0000,0x0000,0x0000,0x0000,0x0000,0x0000,0x0000,0x0000,0x0000,
    0x0000,0x0000,0x0000,0x0000,0x0000,0x0000,0x0000,0x10A0,0x3181,0x5241,0x62E2,0x6B22,
    0x6B22,0x62E2,0x5241,0x3161,0x10A0,0x0000,0x0000,0x0000,0x0000,0x0000,0x0000,0x0000,
    0x0000,0x0000,0x0000,0x0000,0x0000,0x0000,0x0000,0x0000,0x0000,0x0000,0x0000,0x0000,
    0x0000,0x0000,0x0000,0x0000,0x0000,0x0000,0x0000,0x0000,0x0000,0x0000,0x0000,0x0000,
    0x0000,0x0000,0x0000,0x0000,0x0000,0x0000,0x0000,0x0000,0x0000,0x0000,0x0000,0x0000,
    0x0000,0x0000,0x0000,0x0000,0x0000,0x0000,0x0000,0x0000,0x0000,0x0000,0x0000,0x0000,
    0x0000,0x0000,0x0000,0x0000,0x0000,0x0000,0x0000,0x0000,0x0000,0x0000,0x0000,0x0000,
    0x0000,0x0000,0x0000,0x0000,0x0000,0x0000,0x0000,0x0000,0x0000,0x0000,0x0000,0x0000,
    0x0000,0x0000,0x0000,0x0000,0x0000,0x0000,0x0000,0x0000,0x0000,0x0000,0x0000,0x0000,
    0x0000,0x0000,0x0000,0x0000,0x0000,0x0000,0x0000,0x0000,0x0000,0x0000,0x0000,0x0000,
    0x0000,0x0000,0x0000,0x0000,0x0000,0x0000,0x0000,0x0000,0x0000,0x0000,0x0000,0x0000,
    0x0000,0x0000,0x0000,0x0000,0x0000,0x0000,0x0000,0x0000,0x0000,0x0000,0x0000,0x0000,
    0x0000,0x0000,0x0000,0x0000,0x0000,0x0000,0x0000,0x0000,0x0000,0x0000,0x0000,0x0000,
    0x0000,0x0000,0x0000,0x0000,0x0000,0x0000,0x0000,0x0000,0x0000,0x0000,0x0000,0x0000,
    0x0000,0x0000,0x0020,0x0020,0x0020,0x0020,0x0000,0x0000,0x0000,0x0000,0x0000,0x0000,
    0x0000,0x0000,0x0000,0x0000,0x0000,0x0000,0x0000,0x0000,0x0000,0x0000,0x0000,0x0000,
    0x0000,0x0000,0x0000,0x0000,0x0000,0x0000,0x0000,0x0000,0x0000,0x0000,0x0000,0x0000,
    0x0000,0x0000,0x0000,0x0000,0x0000,0x0000,0x0000,0x0000,0x0000,0x0000,0x0000,0x0000,
    0x0000,0x0000,0x0000,0x0000,0x0000,0x0000,0x0000,0x0000,0x0000,0x0000,0x0000,0x0000,
    0x0000,0x0000,0x0000,0x0000,0x0000,0x0000,0x0000,0x0000,0x0000,0x0000,0x0000,0x0000,
    0x0000,0x0000,0x0000,0x0000,0x0000,0x0000,0x0000,0x0000,0x0000,0x0000,0x0000,0x0000,
    0x0000,0x0000,0x0000,0x0000,0x0000,0x0000,0x0000,0x0000,0x0000,0x0000,0x0000,0x0000,
    0x0000,0x0000,0x0000,0x0000,0x0000,0x0000,0x0000,0x0000,0x0000,0x0000,0x0000,0x0000,
    0x0000,0x0000,0x0000,0x0000,0x0000,0x0000,0x0000,0x0000,0x0000,0x0000,0x0000,0x0000,
    0x0000,0x0000,0x0000,0x0000,0x0000,0x0000,0x0000,0x0000,0x0000,0x0000,0x0000,0x0000,
    0x0000,0x0000,0x0000,0x0000,0x0000,0x0000,0x0000,0x0000,0x0000,0x0000,0x0000,0x0000,
    0x0000,0x0000,0x0000,0x0000,0x0000,0x0000,0x0000,0x0000,0x0000,0x0000,0x0000,0x0000,
    0x0000,0x0000,0x0000,0x0000,0x0000,0x0000,0x0000,0x0000,0x0000,0x0000,0x0000,0x0000,
    0x0000,0x0000,0x0000,0x0000,0x0000,0x0000,0x0000,0x0000,0x0000,0x0000,0x0000,0x0000,
    0x0000,0x0000,0x0000,0x0000,0x0000,0x0000,0x0000,0x0000,0x0000,0x0000,0x0000,0x0000,
    0x0000,0x0000,0x0000,0x0000,0x0000,0x0000,0x0000,0x0000,0x0000,0x0000,0x0000,0x0000,
    0x0000,0x0000,0x0000,0x0000,0x0000,0x0000,0x0000,0x0000,0x0000,0x0000,0x0000,0x0000,
    0x0000,0x0000,0x0000,0x0000,0x0000,0x0000,0x0000,0x0000,0x0000,0x0000,0x0000,0x0000,
    0x0000,0x0000,0x0000,0x0000,0x0000,0x0000,0x0000,0x0000,0x0000,0x0000,0x0000,0x0000,
    0x0000,0x0000,0x0000,0x0000,0x0000,0x0000,0x0000,0x0000,0x0000,0x0000,0x0000,0x0000,
    0x0000,0x0000,0x0000,0x0000,0x0000,0x0000,0x0000,0x0000,0x0000,0x0000,0x0000,0x0000,
    0x0000,0x0000,0x0000,0x0000,0x0000,0x0000,0x0000,0x0000,0x0000,0x0000,0x0000,0x0000,
    0x0000,0x0000,0x0000,0x0000,0x0000,0x0000,0x0000,0x0000,0x0000,0x0000,0x0000,0x0000,
    0x0000,0x0000,0x0000,0x0000,0x0000,0x0000,0x0000,0x0000,0x0000,0x0000,0x0000,0x0000,
    0x0000,0x0000,0x0000,0x0000,0x0000,0x0000,0x0000,0x0000,0x0000,0x0000,0x0000,0x0000,
    0x0000,0x0000,0x0000,0x0000,0x0000,0x0000,0x0000,0x0000,0x0000,0x0000,0x0000,0x0000,
    0x0000,0x0000,0x0000,0x0000,0x0000,0x0000,0x0000,0x0000,0x0000,0x0000,0x0000,0x0000,
    0x0000,0x0000,0x0000,0x0000,0x0000,0x0000,0x0000,0x0000,0x0000,0x0000,0x0000,0x0000,
    0x0000,0x0000,0x0000,0x0000,0x0000,0x0000,0x0000,0x0000,0x0000,0x0000,0x0000,0x0000,
    0x0000,0x0000,0x0000,0x0000,0x0000,0x0000,0x0000,0x0000,0x0000,0x0000,0x0000,0x0000,
    0x0000,0x0000,0x0000,0x0000,0x0000,0x0000,0x0000,0x0000,0x0000,0x0000,0x0000,0x0000,
    0x0000,0x0000,0x0000,0x0000,0x0000,0x0000,0x0000,0x0000,0x0000,0x0000,0x0000,0x0000,
    0x0000,0x0000,0x0000,0x0000,0x0000,0x0000,0x0000,0x0000,0x0000,0x0000,0x0000,0x0000,
    0x0000,0x0000,0x0000,0x0000,0x0000,0x0000,0x0000,0x0000,0x0000,0x0000,0x0000,0x0000,
    0x0000,0x0000,0x0000,0x0000,0x0000,0x0000,0x0000,0x0000,0x0000,0x0000,0x0000,0x0000,
    0x0000,0x0000,0x0000,0x0000,0x0000,0x0000,0x0000,0x0000,0x0000,0x0000,0x0000,0x0000,
    0x0000,0x0000,0x0000,0x0000,0x0000,0x0000,0x0000,0x0000,0x0000,0x0000,0x0000,0x0000,
    0x0000,0x0000,0x0000,0x0000,0x0000,0x0000,0x0000,0x0000,0x0000,0x0000,0x0000,0x0000,
    0x0000,0x0000,0x0000,0x0000,0x0000,0x0000,0x0000,0x0000,0x0000,0x0000,0x0000,0x0000,
    0x0000,0x0000,0x0000,0x0000,0x0000,0x0000,0x0000,0x0000,0x0000,0x0000,0x0000,0x0000,
    0x0000,0x0000,0x0000,0x0000,0x0000,0x0000,0x0000,0x0000,0x0000,0x0000,0x0000,0x0000,
    0x0000,0x0000,0x0000,0x0000,0x0000,0x0000,0x0000,0x0000,0x0000,0x0000,0x0000,0x0000,
    0x0000,0x0000,0x0000,0x0000,0x0000,0x0000,0x0000,0x0000,0x0000,0x0000,0x0000,0x0000,
    0x0000,0x0000,0x0000,0x0000,0x0000,0x0000,0x0000,0x0000,0x0000,0x0000,0x0000,0x0000,
    0x0000,0x0000,0x0000,0x0000,0x0000,0x0000,0x0000,0x0000,0x0000,0x0000,0x0000,0x0000,
    0x0000,0x0000,0x0000,0x0000,0x0000,0x0000,0x0000,0x0000,0x0000,0x0000,0x0000,0x0000,
    0x0000,0x0000,0x0000,0x0000,0x0000,0x0000,0x0000,0x0000,0x0000,0x0000,0x0000,0x0000,
    0x0000,0x0000,0x0000,0x0000,0x0000,0x0000,0x0000,0x0000,0x0000,0x0000,0x0000,0x0000,
    0x0000,0x0000,0x0000,0x0000,0x0000,0x0000,0x0000,0x0000,0x0000,0x0000,0x0000,0x0000,
    0x0000,0x0000,0x0000,0x0000,0x0000,0x0000,0x0000,0x0000,0x0000,0x0000,0x0000,0x0000,
    0x0000,0x0000,0x0000,0x0000,0x0000,0x0000,0x0000,0x0000,0x0000,0x0000,0x0000,0x0000,
    0x0000,0x0000,0x0000,0x0000,0x0000,0x0000,0x0000,0x0000,0x0000,0x0000,0x0000,0x0000,
    0x0000,0x0000,0x0000,0x0000,0x0000,0x0000,0x0000,0x0000,0x0000,0x0000,0x0000,0x0000,
    0x0000,0x0000,0x0000,0x0000,0x0000,0x0000,0x0000,0x0000,0x0000,0x0000,0x0000,0x0000,
    0x0000,0x0000,0x0000,0x0000,0x0000,0x0000,0x0000,0x0000,0x0000,0x0000,0x0000,0x0000,
    0x0000,0x0000,0x0000,0x0000,0x0000,0x0000,0x0000,0x0000,0x0000,0x0000,0x0000,0x0000,
    0x0000,0x0000,0x0000,0x0000,0x0000,0x0000,0x0000,0x0000,0x0000,0x0000,0x0000,0x0000,
    0x0000,0x0000,0x0000,0x0000,0x0000,0x0000,0x0000,0x0000,0x0000,0x0000,0x0000,0x0000,
    0x0000,0x0000,0x0000,0x0000,0x0000,0x0000,0x0000,0x0000,0x0000,0x0000,0x0000,0x0000,
    0x0000,0x0000,0x0000,0x0000,0x0000,0x0000,0x0000,0x0000,0x0000,0x0000,0x0000,0x0000,
    0x0000,0x0000,0x0000,0x0000,0x0000,0x0000,0x0000,0x0000,0x0000,0x0000,0x0000,0x0000,
    0x0000,0x0000,0x0000,0x0000,0x0000,0x0000,0x0000,0x0000,0x0000,0x0000,0x0000,0x0000,
    0x0000,0x0000,0x0000,0x0000,0x0000,0x0000,0x0000,0x0000,0x0000,0x0000,0x0000,0x0000,
    0x0000,0x0000,0x0000,0x0000,0x0000,0x0000,0x0000,0x0000,0x0000,0x0000,0x0000,0x0000,
    0x0000,0x0000,0x0000,0x0000,0x0000,0x0000,0x0000,0x0000,0x0000,0x0000,0x0000,0x0000,
    0x0000,0x0000,0x0000,0x0000,0x0000,0x0000,0x0000,0x0000,0x0000,0x0000,0x0000,0x0000,
    0x0000,0x0000,0x0000,0x0000,0x0000,0x0000,0x0000,0x0000,0x0000,0x0000,0x0000,0x0000,
    0x0000,0x0000,0x0000,0x0000,0x0000,0x0000,0x0000,0x0000,0x0000,0x0000,0x0000,0x0000,
    0x0000,0x0000,0x0000,0x0000,0x0000,0x0000,0x0000,0x0000,0x0000,0x0000,0x0000,0x0000,
    0x0000,0x0000,0x0000,0x0000,0x0000,0x0000,0x0000,0x0000,0x0000,0x0000,0x0000,0x0000,
    0x0000,0x0000,0x0000,0x0000,0x0000,0x0000,0x0000,0x0000,0x0000,0x0000,0x0000,0x0000,
    0x0000,0x0000,0x0000,0x0000,0x0000,0x0000,0x0000,0x0000,0x0000,0x0000,0x0000,0x0000,
    0x0000,0x0000,0x0000,0x0000,0x0000,0x0000,0x0000,0x0000,0x0000,0x0000,0x0000,0x0000,
    0x0000,0x0000,0x0000,0x0000,0x0000,0x0000,0x0000,0x0000,0x0000,0x0000,0x0000,0x0000,
    0x0000,0x0000,0x0000,0x0000,0x0000,0x0000,0x0000,0x0000,0x0000,0x0000,0x0000,0x0000,
    0x0000,0x0000,0x0000,0x0000,0x0000,0x0000,0x0000,0x0000,0x0000,0x0000,0x0000,0x0000,
    0x0000,0x0000,0x0000,0x0000,0x0000,0x0000,0x0000,0x0000,0x0000,0x0000,0x0000,0x0000,
    0x0000,0x0000,0x0000,0x0000,0x0000,0x0000,0x0000,0x0000,0x0000,0x0000,0x0000,0x0000,
    0x0000,0x0000,0x0000,0x0000,0x0000,0x0000,0x0000,0x0000,0x0000,0x0000,0x0000,0x0000,
    0x0000,0x0000,0x0000,0x0000,0x0000,0x0000,0x0000,0x0000,0x0000,0x0000,0x0000,0x0000,
    0x0000,0x0000,0x0000,0x0000,0x0000,0x0000,0x0000,0x0000,0x0000,0x0000,0x0000,0x0000,
    0x0000,0x0000,0x0000,0x0000,0x0000,0x0000,0x0000,0x0000,0x0000,0x0000,0x0000,0x0000,
    0x0000,0x0000,0x0000,0x0000,0x0000,0x0000,0x0000,0x0000,0x0000,0x0000,0x0000,0x0000,
    0x0000,0x0000,0x0000,0x0000,0x0000,0x0000,0x0000,0x0000,0x0000,0x0000,0x0000,0x0000,
    0x0000,0x0000,0x0000,0x0000,0x0000,0x0000,0x0000,0x0000,0x0000,0x0000,0x0000,0x0000,
    0x0000,0x0000,0x0000,0x0000,0x0000,0x0000,0x0000,0x0000,0x0000,0x0000,0x0000,0x0000,
    0x0000,0x0000,0x0000,0x0000,0x0000,0x0000,0x0000,0x0000,0x0000,0x0000,0x0000,0x0000,
    0x0000,0x0000,0x0000,0x0000,0x0000,0x0000,0x0000,0x0000,0x0000,0x0000,0x0000,0x0000,
    0x0000,0x0000,0x0000,0x0000,0x0000,0x0000,0x0000,0x0000,0x0000,0x0000,0x0000,0x0000,
    0x0000,0x0000,0x0000,0x0000,
};

const uint16_t face_cold[6400] = {
    0x0000,0x0000,0x0000,0x0000,0x0000,0x0000,0x0000,0x0000,0x0000,0x0000,0x0000,0x0000,
    0x0000,0x0000,0x0000,0x0000,0x0000,0x0000,0x0000,0x0000,0x0000,0x0000,0x0000,0x0000,
    0x0000,0x0000,0x0000,0x0000,0x0000,0x0000,0x0000,0x0000,0x0000,0x0000,0x0000,0x0000,
    0x0000,0x0000,0x0000,0x0000,0x0000,0x0000,0x0000,0x0000,0x0000,0x0000,0x0000,0x0000,
    0x0000,0x0000,0x0000,0x0000,0x0000,0x0000,0x0000,0x0000,0x0000,0x0000,0x0000,0x0000,
    0x0000,0x0000,0x0000,0x0000,0x0000,0x0000,0x0000,0x0000,0x0000,0x0000,0x0000,0x0000,
    0x0000,0x0000,0x0000,0x0000,0x0000,0x0000,0x0000,0x0000,0x0000,0x0000,0x0000,0x0000,
    0x0000,0x0000,0x0000,0x0000,0x0000,0x0000,0x0000,0x0000,0x0000,0x0000,0x0000,0x0000,
    0x0000,0x0000,0x0000,0x0000,0x0000,0x0000,0x0000,0x0000,0x0000,0x0000,0x0000,0x0000,
    0x0000,0x0000,0x0000,0x0000,0x0000,0x0000,0x0000,0x0000,0x0000,0x0000,0x0000,0x0000,
    0x0000,0x0000,0x0000,0x0000,0x0000,0x0000,0x0000,0x0000,0x0000,0x0000,0x0000,0x0000,
    0x0000,0x0000,0x0000,0x0000,0x0000,0x0000,0x0000,0x0000,0x0000,0x0000,0x0000,0x0000,
    0x0000,0x0000,0x0000,0x0000,0x0000,0x0000,0x0000,0x0000,0x0000,0x0000,0x0000,0x0000,
    0x0000,0x0000,0x0000,0x0000,0x0000,0x0000,0x0000,0x0000,0x0000,0x0000,0x0000,0x0000,
    0x0000,0x0000,0x0000,0x0000,0x0000,0x0000,0x0000,0x0000,0x0000,0x0000,0x0000,0x0000,
    0x0000,0x0000,0x0000,0x0000,0x0000,0x0000,0x0000,0x0000,0x0000,0x0000,0x0000,0x0000,
    0x0000,0x0000,0x0000,0x0000,0x0000,0x0000,0x0000,0x0000,0x0000,0x0000,0x0000,0x0000,
    0x0000,0x0000,0x0000,0x0000,0x0000,0x0000,0x0000,0x0000,0x0000,0x0000,0x0000,0x0000,
    0x0000,0x0000,0x0000,0x0000,0x0000,0x0000,0x0000,0x0000,0x0000,0x0000,0x0000,0x0000,
    0x0000,0x0000,0x0000,0x0000,0x0000,0x0000,0x0000,0x0000,0x0000,0x0000,0x0000,0x0000,
    0x0000,0x0000,0x0000,0x0000,0x0000,0x0000,0x0000,0x0000,0x0000,0x0000,0x0000,0x0000,
    0x0000,0x0000,0x0000,0x0000,0x0000,0x0000,0x0000,0x0000,0x0000,0x0000,0x0000,0x0000,
    0x0000,0x0000,0x0000,0x0000,0x0000,0x0000,0x0000,0x0000,0x0000,0x0000,0x0000,0x0000,
    0x0000,0x0000,0x0000,0x0000,0x0000,0x0000,0x0000,0x0000,0x0000,0x0000,0x0000,0x0000,
    0x0000,0x0000,0x0000,0x0000,0x0000,0x0000,0x0000,0x0000,0x0000,0x0000,0x0000,0x0000,
    0x0000,0x0000,0x0000,0x0000,0x0000,0x0000,0x0000,0x0000,0x0000,0x0000,0x0000,0x0000,
    0x0000,0x0000,0x0000,0x0000,0x0000,0x0000,0x0000,0x0000,0x0000,0x0000,0x0000,0x0000,
    0x0000,0x0000,0x0000,0x0000,0x0000,0x0000,0x0000,0x0000,0x0000,0x0000,0x0000,0x0000,
    0x0000,0x0000,0x0000,0x0000,0x0000,0x0000,0x0000,0x0000,0x0000,0x0000,0x0000,0x0000,
    0x0000,0x0000,0x0000,0x0000,0x0000,0x0000,0x0000,0x0000,0x0000,0x0000,0x0000,0x0000,
    0x0000,0x0000,0x0000,0x0000,0x0000,0x0000,0x0000,0x0000,0x0000,0x0000,0x0000,0x0000,
    0x0000,0x0000,0x0000,0x0000,0x0000,0x0000,0x0000,0x0000,0x0000,0x0000,0x0000,0x0000,
    0x0000,0x0000,0x0000,0x0000,0x0000,0x0000,0x0000,0x0000,0x0000,0x0000,0x0000,0x0000,
    0x0000,0x0000,0x0000,0x0000,0x0000,0x0000,0x0000,0x0000,0x0000,0x0000,0x0000,0x0000,
    0x0000,0x0000,0x0000,0x0000,0x0000,0x0000,0x0000,0x0000,0x0000,0x0000,0x0000,0x0000,
    0x0000,0x0000,0x0000,0x0000,0x0000,0x0000,0x0000,0x0000,0x0000,0x0000,0x0000,0x0000,
    0x0000,0x0000,0x0000,0x0000,0x0000,0x0000,0x0000,0x0000,0x0000,0x0000,0x0000,0x0000,
    0x0000,0x0000,0x0000,0x0000,0x0000,0x0000,0x0000,0x0000,0x0000,0x0000,0x0000,0x0000,
    0x0000,0x0000,0x0000,0x0000,0x0000,0x0000,0x0000,0x0000,0x0000,0x0000,0x0000,0x0000,
    0x0000,0x0000,0x0000,0x0000,0x0000,0x0000,0x0000,0x0000,0x0000,0x0000,0x0000,0x0000,
    0x0000,0x0000,0x0000,0x0000,0x0000,0x0000,0x0000,0x0000,0x0000,0x0000,0x0000,0x0000,
    0x0000,0x0000,0x0000,0x0000,0x0000,0x0000,0x0000,0x0000,0x0000,0x0000,0x0000,0x0000,
    0x0000,0x0000,0x0000,0x0000,0x0000,0x0000,0x0000,0x0020,0x0000,0x0000,0x0020,0x0000,
    0x0000,0x0000,0x0000,0x0000,0x0000,0x0000,0x0000,0x0000,0x0000,0x0000,0x0000,0x0000,
    0x0000,0x0000,0x0000,0x0000,0x0000,0x0000,0x0000,0x0000,0x0000,0x0000,0x0000,0x0000,
    0x0000,0x0000,0x0000,0x0000,0x0000,0x0000,0x0000,0x0000,0x0000,0x0000,0x0000,0x0000,
    0x0000,0x0000,0x0000,0x0000,0x0000,0x0000,0x0000,0x0000,0x0000,0x0000,0x0000,0x0000,
    0x0000,0x0000,0x0000,0x0000,0x0000,0x0000,0x0000,0x0000,0x0000,0x0000,0x0000,0x0000,
    0x0000,0x0000,0x0000,0x0000,0x0000,0x0000,0x0000,0x0000,0x0000,0x0000,0x0000,0x0000,
    0x0000,0x0000,0x0000,0x0000,0x0000,0x0000,0x0000,0x0000,0x0020,0x0000,0x0000,0x0000,
    0x0000,0x0000,0x0000,0x0000,0x0000,0x0000,0x0000,0x0000,0x0000,0x0000,0x0000,0x0000,
    0x0000,0x0000,0x0000,0x0000,0x0000,0x0000,0x0000,0x0000,0x0000,0x0000,0x0000,0x0000,
    0x0000,0x0000,0x0000,0x0000,0x0000,0x0000,0x0000,0x0000,0x0000,0x0000,0x0000,0x0000,
    0x0000,0x0000,0x0000,0x0000,0x0000,0x0000,0x0000,0x0000,0x0000,0x0000,0x0000,0x0000,
    0x0000,0x0000,0x0000,0x0000,0x0000,0x0000,0x0000,0x0000,0x0000,0x0000,0x0000,0x0000,
    0x0000,0x0000,0x0000,0x0000,0x0000,0x0000,0x0000,0x0000,0x0000,0x0000,0x2945,0x7BEF,
    0xB596,0xAD75,0x738E,0x18C3,0x0000,0x0000,0x0000,0x0000,0x0000,0x0000,0x0000,0x0000,
    0x0000,0x0000,0x0000,0x0000,0x0000,0x0000,0x0000,0x0000,0x0000,0x0000,0x0000,0x0000,
    0x0000,0x0000,0x0000,0x0000,0x0000,0x0000,0x0000,0x0000,0x0000,0x0000,0x0000,0x0000,
    0x0000,0x0000,0x0000,0x0000,0x0000,0x0000,0x0000,0x0000,0x0000,0x0000,0x0000,0x0000,
    0x0000,0x0000,0x0000,0x0000,0x0000,0x0000,0x0000,0x0000,0x0000,0x0000,0x0000,0x0000,
    0x0000,0x0000,0x0000,0x0000,0x0000,0x0000,0x0000,0x0000,0x0000,0x0000,0x0000,0x0000,
    0x0000,0x0000,0x0000,0x0000,0x0861,0x94B2,0xFFDF,0xFFFF,0xFFFF,0xFFFF,0xFFFF,0xEF7D,
    0x8C51,0x2104,0x0000,0x0000,0x0000,0x0000,0x0000,0x0000,0x0000,0x0000,0x0000,0x0000,
    0x0000,0x0000,0x0000,0x0000,0x0000,0x0000,0x0000,0x0000,0x0000,0x0000,0x0000,0x0000,
    0x0000,0x0000,0x0000,0x0000,0x0000,0x0000,0x0000,0x0000,0x0000,0x0000,0x0000,0x0000,
    0x0000,0x0000,0x0000,0x0000,0x0000,0x0000,0x0000,0x0000,0x0000,0x0000,0x0000,0x0000,
    0x0000,0x0000,0x0000,0x0000,0x0000,0x0000,0x0000,0x0000,0x0000,0x0000,0x0000,0x0000,
    0x0000,0x0000,0x0000,0x0000,0x0000,0x0000,0x0000,0x0000,0x0000,0x0020,0x0000,0x2945,
    0xD6BA,0xFFFF,0xFFFF,0xFFDF,0xFFFF,0xFFFF,0xFFDF,0xFFFF,0xFFFF,0xF7BE,0xA534,0x4A49,
    0x0841,0x0000,0x0000,0x0000,0x0000,0x0000,0x0000,0x0000,0x0020,0x0020,0x0000,0x0000,
    0x0000,0x0000,0x0000,0x0000,0x0000,0x0000,0x0000,0x0000,0x0000,0x0000,0x0000,0x0000,
    0x0000,0x0000,0x0000,0x0000,0x0000,0x0000,0x0000,0x0000,0x0000,0x0000,0x0000,0x0000,
    0x0000,0x0000,0x0000,0x0000,0x0000,0x0000,0x0000,0x0000,0x0000,0x0000,0x0000,0x0000,
    0x0000,0x0000,0x0000,0x0000,0x0000,0x0000,0x0000,0x0000,0x0000,0x0000,0x0000,0x0000,
    0x0000,0x0000,0x0000,0x0000,0x0000,0x0000,0x31A6,0xEF5D,0xFFFF,0xFFDF,0xFFFF,0xFFFF,
    0xFFFF,0xFFFF,0xFFFF,0xFFFF,0xFFDF,0xFFFF,0xFFFF,0xFFFF,0xDEFB,0x94B2,0x528A,0x18E3,
    0x0000,0x0000,0x0000,0x0000,0x0000,0x0000,0x0000,0x0000,0x0000,0x0000,0x0000,0x0000,
    0x0000,0x0000,0x0000,0x0000,0x0000,0x0000,0x0000,0x0000,0x0000,0x0000,0x0000,0x0000,
    0x0000,0x0000,0x0000,0x0000,0x0000,0x0000,0x0000,0x0000,0x0000,0x0000,0x0000,0x0000,
    0x0000,0x0000,0x0000,0x0000,0x0000,0x0000,0x0000,0x0000,0x0000,0x0000,0x0000,0x0000,
    0x0000,0x0000,0x0000,0x0000,0x0000,0x0000,0x0000,0x0000,0x0000,0x0000,0x0000,0x0000,
    0x0000,0x2945,0xEF5D,0xFFFF,0xFFFF,0xFFFF,0xFFFF,0xFFFF,0xFFFF,0xFFFF,0xFFFF,0xFFFF,
    0xFFFF,0xFFFF,0xFFFF,0xFFFF,0xFFFF,0xFFFF,0xFFFF,0xF7BE,0xDEDB,0xC638,0xBDD7,0xAD55,
    0x8C71,0x6B4D,0x39E7,0x0861,0x0000,0x0000,0x0000,0x0000,0x0000,0x0000,0x0000,0x0000,
    0x0000,0x0000,0x0000,0x0000,0x0000,0x0000,0x0000,0x0000,0x0000,0x0000,0x0000,0x0000,
    0x0000,0x0000,0x0000,0x0000,0x0000,0x0000,0x0000,0x0000,0x0000,0x0000,0x0000,0x0000,
    0x0000,0x0000,0x0000,0x0000,0x0000,0x0000,0x0000,0x0000,0x0000,0x0000,0x0000,0x0000,
    0x0000,0x0000,0x0000,0x0000,0x0000,0x0000,0x0000,0x0000,0x1082,0xDEDB,0xFFFF,0xFFFF,
    0xFFFF,0xFFFF,0xFFFF,0xFFFF,0xFFFF,0xFFFF,0xFFFF,0xFFFF,0xFFFF,0xFFFF,0xFFFF,0xFFFF,
    0xFFFF,0xFFDF,0xFFFF,0xFFFF,0xFFFF,0xFFFF,0xFFFF,0xFFFF,0xFFFF,0xFFFF,0xFFFF,0xE73C,
    0x9CD3,0x2124,0x0000,0x0000,0x0000,0x0000,0x0000,0x0000,0x0000,0x0000,0x0000,0x0000,
    0x0000,0x0000,0x0000,0x0000,0x0000,0x0000,0x0000,0x0000,0x0000,0x0000,0x0000,0x0000,
    0x0000,0x0000,0x0000,0x0000,0x0000,0x0000,0x0000,0x0000,0x0000,0x0000,0x0000,0x0000,
    0x0000,0x0000,0x0000,0x0000,0x0000,0x0000,0x0000,0x0000,0x0000,0x0000,0x0000,0x0000,
    0x0000,0x0000,0x0000,0x0000,0xB596,0xFFFF,0xFFDF,0xFFFF,0xFFFF,0xFFFF,0xFFFF,0xFFFF,
    0xFFFF,0xFFFF,0xFFFF,0xFFFF,0xFFFF,0xFFFF,0xFFFF,0xFFFF,0xFFFF,0xFFFF,0xFFFF,0xFFFF,
    0xFFDF,0xFFDF,0xFFFF,0xFFFF,0xFFFF,0xFFFF,0xFFFF,0xFFFF,0xFFFF,0xEF7D,0x2965,0x0000,
    0x0000,0x0000,0x0000,0x0000,0x0000,0x0000,0x0000,0x0000,0x0000,0x0000,0x0000,0x0000,
    0x0000,0x0000,0x0000,0x0000,0x0000,0x0000,0x0000,0x0000,0x0000,0x0000,0x0000,0x0000,
    0x0000,0x0000,0x0000,0x0000,0x0000,0x0000,0x0000,0x0000,0x0000,0x0000,0x0000,0x0000,
    0x0000,0x0000,0x0000,0x0000,0x0000,0x0000,0x0000,0x0000,0x0000,0x0000,0x0000,0x632C,
    0xFFFF,0xFFDF,0xFFFF,0xFFFF,0xFFFF,0xFFFF,0xFFFF,0xFFFF,0xFFFF,0xFFFF,0xFFFF,0xFFFF,
    0xFFFF,0xFFFF,0xFFFF,0xFFFF,0xFFFF,0xFFFF,0xFFFF,0xFFFF,0xFFFF,0xFFFF,0xF79E,0xD69A,
    0xC618,0xD69A,0xFFDF,0xFFFF,0xF7BE,0xFFFF,0x73AE,0x0000,0x0020,0x0000,0x0000,0x0000,
    0x0000,0x0000,0x0000,0x0000,0x0000,0x0000,0x0000,0x0000,0x0000,0x0000,0x0000,0x0000,
    0x0000,0x0000,0x0000,0x0000,0x0000,0x0000,0x0000,0x0000,0x0000,0x0000,0x0000,0x0000,
    0x0000,0x0000,0x0000,0x0000,0x0000,0x0000,0x0000,0x0000,0x0000,0x0000,0x0000,0x0000,
    0x0000,0x0000,0x0000,0x0000,0x0000,0x0000,0x10A2,0xEF7D,0xFFFF,0xFFFF,0xFFFF,0xFFFF,
    0xFFFF,0xFFFF,0xFFFF,0xFFFF,0xFFFF,0xFFFF,0xFFFF,0xFFFF,0xFFFF,0xFFFF,0xFFFF,0xFFFF,
    0xFFFF,0xFFFF,0xFFFF,0xFFFF,0xD69A,0x632C,0x18E3,0x0000,0x0000,0x0000,0x2945,0xA534,
    0xFFFF,0xFFFF,0x4228,0x0000,0x0020,0x0000,0x0000,0x0000,0x0000,0x0000,0x0000,0x0000,
    0x0000,0x0000,0x0000,0x0000,0x0000,0x0000,0x0000,0x0000,0x0000,0x0000,0x0000,0x0000,
    0x0000,0x0000,0x0000,0x0000,0x0000,0x0000,0x0000,0x0000,0x0000,0x0000,0x0000,0x0000,
    0x0000,0x0000,0x0000,0x0000,0x0000,0x0000,0x0000,0x0000,0x0000,0x0000,0x0000,0x0000,
    0x0020,0x0000,0x94B2,0xFFFF,0xFFDF,0xFFFF,0xFFFF,0xFFFF,0xFFFF,0xFFFF,0xFFFF,0xFFFF,
    0xFFFF,0xFFFF,0xFFFF,0xFFFF,0xFFFF,0xFFFF,0xFFFF,0xFFFF,0xFFFF,0xFFFF,0xFFFF,0x94B2,
    0x0841,0x0000,0x0000,0x0020,0x08A2,0x0000,0x0000,0x0000,0x6B6D,0x8430,0x0041,0x0000,
    0x0000,0x0000,0x0000,0x0000,0x0000,0x0000,0x0000,0x0000,0x0000,0x0000,0x0000,0x0000,
    0x0000,0x0000,0x0000,0x0000,0x0000,0x0000,0x0000,0x0000,0x0000,0x0000,0x0000,0x0000,
    0x0000,0x0000,0x0000,0x0000,0x0000,0x0000,0x0000,0x0000,0x0000,0x0000,0x0000,0x0000,
    0x0000,0x0000,0x0000,0x0000,0x0000,0x0000,0x0000,0x0000,0x0000,0x39C7,0xFFFF,0xFFFF,
    0xFFFF,0xFFFF,0xFFFF,0xFFFF,0xFFFF,0xFFFF,0xFFFF,0xFFFF,0xFFFF,0xFFFF,0xFFFF,0xFFFF,
    0xFFFF,0xFFFF,0xFFFF,0xFFFF,0xFFDF,0xFFFF,0xB5B6,0x0000,0x0000,0x1945,0x5C53,0x85DA,
    0x8E5D,0x7DDA,0x3229,0x0000,0x0000,0x0000,0x0000,0x1966,0x10A2,0x0000,0x0000,0x0000,
    0x0000,0x0000,0x0000,0x0000,0x0000,0x0000,0x0000,0x0000,0x0000,0x0000,0x0000,0x0000,
    0x0000,0x0000,0x0000,0x0000,0x0000,0x0000,0x0000,0x0000,0x0000,0x0000,0x0000,0x0000,
    0x0000,0x0000,0x0000,0x0000,0x0000,0x0000,0x0000,0x0000,0x0000,0x0000,0x0000,0x0000,
    0x0000,0x0000,0x0000,0x0000,0x0841,0xD6BA,0xFFFF,0xFFFF,0xFFFF,0xFFDF,0xFFFF,0xFFFF,
    0xFFFF,0xFFFF,0xFFFF,0xFFFF,0xFFFF,0xFFDF,0xFFDF,0xFFDF,0xFFDF,0xFFDF,0xFFDF,0xFFFF,
    0xFFFF,0xFFFF,0x4A69,0x0000,0x29E8,0x96BE,0x9F1F,0x96DF,0x96BF,0x9EFF,0x96DF,0x5C12,
    0x29E9,0x21A7,0x432E,0x85DA,0x324B,0x0020,0x0000,0x0000,0x0000,0x0000,0x0000,0x0000,
    0x0000,0x0000,0x0000,0x0000,0x0000,0x0000,0x0000,0x0000,0x0000,0x0000,0x0000,0x0000,
    0x0000,0x0000,0x0000,0x0000,0x0000,0x0000,0x0000,0x0000,0x0000,0x0000,0x0000,0x0000,
    0x0000,0x0000,0x0000,0x0000,0x0000,0x0000,0x0000,0x0000,0x0000,0x0020,0x0000,0x0000,
    0xAD75,0xFFFF,0xFFFF,0xFFFF,0xFFFF,0xFFFF,0xFFFF,0xE73C,0xDEFB,0xE73C,0xF79E,0xFFFF,
    0xFFFF,0xFFFF,0xFFFF,0xFFFF,0xFFFF,0xFFFF,0xFFFF,0xFFFF,0xFFFF,0xB5B6,0x10C3,0x0000,
    0x5C33,0x9F3F,0x8E7D,0x969E,0x969E,0x969E,0x969E,0x9F1F,0x9EFF,0x96BE,0xA79F,0x432E,
    0x0000,0x0041,0x0020,0x0000,0x0000,0x0000,0x0000,0x0000,0x0000,0x0000,0x0000,0x0000,
    0x0000,0x0000,0x0000,0x0000,0x0000,0x0000,0x0000,0x0000,0x0000,0x0000,0x0000,0x0000,
    0x0000,0x0000,0x0000,0x0000,0x0000,0x0000,0x0000,0x0000,0x0000,0x0000,0x0000,0x0000,
    0x0000,0x0000,0x0000,0x0841,0x0000,0x0000,0x18C3,0xAD75,0xFFFF,0xFFFF,0xFFFF,0xFFFF,
    0xFFFF,0x8C51,0x3186,0x0861,0x0020,0x0841,0x18C3,0x3186,0x4A69,0x632C,0x7BCF,0x8431,
    0x8C71,0x8C51,0x73CF,0x5ACB,0x2965,0x0000,0x0000,0x10C3,0x8E3C,0x96BE,0x969E,0x969E,
    0x969E,0x969E,0x969E,0x969E,0x969E,0x969E,0x96BE,0x7DBA,0x10E4,0x0000,0x0020,0x0020,
    0x0000,0x0000,0x0000,0x0000,0x0000,0x0000,0x0000,0x0000,0x0000,0x0000,0x0000,0x0000,
    0x0000,0x0000,0x0000,0x0000,0x0000,0x0000,0x0000,0x0000,0x0000,0x0000,0x0000,0x0000,
    0x0000,0x0000,0x0000,0x0000,0x0000,0x0000,0x0000,0x0000,0x0000,0x0000,0x528A,0xE71C,
    0xC618,0xAD75,0xEF7D,0xFFFF,0xFFFF,0xFFFF,0xFFFF,0xFFDF,0x4A69,0x0000,0x0000,0x0000,
    0x0000,0x0000,0x0000,0x0000,0x0000,0x0000,0x0000,0x0000,0x0000,0x0000,0x0000,0x0000,
    0x0000,0x0000,0x29E9,0x85DA,0x96DF,0x969E,0x969E,0x969E,0x969E,0x969E,0x969E,0x969E,
    0x969E,0x969E,0x969E,0x9EFF,0x861B,0x1905,0x0000,0x0020,0x0020,0x0000,0x0000,0x0000,
    0x0000,0x0000,0x0000,0x0000,0x0000,0x0000,0x0000,0x0000,0x0000,0x0000,0x0000,0x0000,
    0x0000,0x0000,0x0000,0x0000,0x0000,0x0000,0x0000,0x0000,0x0000,0x0000,0x0000,0x0000,
    0x0000,0x0000,0x0000,0x0000,0x0000,0x1082,0xF79E,0xFFFF,0xFFFF,0xFFFF,0xFFFF,0xFFFF,
    0xFFFF,0xFFFF,0xFFFF,0x738E,0x0000,0x0020,0x432E,0x7558,0x7D9A,0x7579,0x6CD6,0x5C12,
    0x4B4F,0x3AAC,0x322A,0x29E8,0x29C8,0x29C8,0x322A,0x42ED,0x5BF2,0x7D79,0x96DF,0x96DF,
    0x969E,0x969E,0x969E,0x969E,0x969E,0x969E,0x969E,0x969E,0x969E,0x969E,0x969E,0x8E7E,
    0x9EFF,0x861B,0x10C4,0x0000,0x0020,0x0000,0x0000,0x0000,0x0000,0x0000,0x0000,0x0000,
    0x0000,0x0000,0x0000,0x0000,0x0000,0x0000,0x0000,0x0000,0x0000,0x0000,0x0000,0x0000,
    0x0000,0x0000,0x0000,0x0000,0x0000,0x0000,0x0000,0x0000,0x0000,0x0000,0x0000,0x0000,
    0x0000,0x4228,0xFFFF,0xFFDF,0xFFFF,0xFFFF,0xFFFF,0xFFFF,0xFFFF,0xFFFF,0xC638,0x0000,
    0x0000,0x4B70,0xA75F,0x9EDF,0x96DF,0x9EFF,0x9EFF,0x9F1F,0x9F1F,0x9F1F,0x9EFF,0x9EFF,
    0x9EDF,0x9EFF,0x9EFF,0x9F1F,0x9F1F,0x9EDF,0x969E,0x969E,0x969E,0x969E,0x969E,0x969E,
    0x969E,0x969E,0x969E,0x969E,0x969E,0x969E,0x969E,0x969E,0x8E7E,0x9EFF,0x7D99,0x0841,
    0x0000,0x0020,0x0000,0x0000,0x0000,0x0000,0x0000,0x0000,0x0000,0x0000,0x0000,0x0000,
    0x0000,0x0000,0x0000,0x0000,0x0000,0x0000,0x0000,0x0000,0x0000,0x0000,0x0000,0x0000,
    0x0000,0x0000,0x0000,0x0000,0x0000,0x0000,0x0000,0x0000,0x0000,0x4208,0xFFFF,0xFFFF,
    0xFFFF,0xFFFF,0xFFFF,0xFFFF,0xFFFF,0xFFFF,0x3186,0x0000,0x2187,0x96DF,0x969E,0x969E,
    0x969E,0x969E,0x969E,0x969E,0x969E,0x969E,0x969E,0x969E,0x969E,0x969E,0x969E,0x969E,
    0x969E,0x969E,0x969E,0x969E,0x969E,0x969E,0x969E,0x969E,0x969E,0x969E,0x969E,0x969E,
    0x969E,0x969E,0x969E,0x969E,0x969E,0x8E7E,0x9F1F,0x6454,0x0000,0x0020,0x0020,0x0000,
    0x0000,0x0000,0x0000,0x0000,0x0000,0x0000,0x0000,0x0000,0x0000,0x0000,0x0000,0x0000,
    0x0000,0x0000,0x0000,0x0000,0x0000,0x0000,0x0000,0x0000,0x0000,0x0000,0x0000,0x0000,
    0x0000,0x0000,0x0000,0x0000,0x0000,0x1082,0xEF5D,0xFFFF,0xFFFF,0xFFFF,0xFFFF,0xFFDF,
    0xFFFF,0x7BF0,0x0000,0x0020,0x7578,0x9EFF,0x969E,0x969E,0x969E,0x969E,0x969E,0x969E,
    0x969E,0x969E,0x969E,0x969E,0x969E,0x969E,0x969E,0x969E,0x969E,0x969E,0x969E,0x969E,
    0x969E,0x969E,0x969E,0x969E,0x969E,0x969E,0x969E,0x969E,0x969E,0x969E,0x969E,0x969E,
    0x969E,0x969E,0x969E,0x9F1F,0x326B,0x0000,0x0020,0x0000,0x0000,0x0000,0x0000,0x0000,
    0x0000,0x0000,0x0000,0x0000,0x0000,0x0000,0x0000,0x0000,0x0000,0x0000,0x0000,0x0000,
    0x0000,0x0000,0x0000,0x0000,0x0000,0x0000,0x0000,0x0000,0x0000,0x0000,0x0000,0x0000,
    0x0000,0x0000,0x9CD3,0xFFFF,0xFFDF,0xFFFF,0xFFDF,0xFFFF,0xBDD7,0x0020,0x0000,0x4B2F,
    0x9F1F,0x8E7E,0x969E,0x969E,0x969E,0x969E,0x969E,0x969E,0x969E,0x969E,0x969E,0x969E,
    0x969E,0x969E,0x969E,0x969E,0x969E,0x969E,0x969E,0x969E,0x969E,0x969E,0x969E,0x969E,
    0x969E,0x969E,0x969E,0x969E,0x969E,0x969E,0x969E,0x969E,0x969E,0x969E,0x969E,0x96BF,
    0x8E3C,0x0882,0x0000,0x0020,0x0000,0x0000,0x0000,0x0000,0x0000,0x0000,0x0000,0x0000,
    0x0000,0x0000,0x0000,0x0000,0x0000,0x0000,0x0000,0x0000,0x0000,0x0000,0x0000,0x0000,
    0x0000,0x0000,0x0000,0x0000,0x0000,0x0000,0x0000,0x0000,0x0020,0x0000,0x5ACB,0xFFFF,
    0xFFDF,0xFFDF,0xFFFF,0xCE79,0x1082,0x0000,0x2187,0x96DF,0x969E,0x969E,0x969E,0x969E,
    0x969E,0x969E,0x969E,0x969E,0x969E,0x969E,0x969E,0x969E,0x969E,0x969E,0x969E,0x969E,
    0x969E,0x969E,0x969E,0x969E,0x969E,0x969E,0x969E,0x969E,0x969E,0x969E,0x969E,0x969E,
    0x969E,0x969E,0x969E,0x969E,0x969E,0x969E,0x969E,0x8E7E,0x9F1F,0x53B1,0x0000,0x0020,
    0x0020,0x0000,0x0000,0x0000,0x0000,0x0000,0x0000,0x0000,0x0000,0x0000,0x0000,0x0000,
    0x0000,0x0000,0x0000,0x0000,0x0000,0x0000,0x0000,0x0000,0x0000,0x0000,0x0000,0x0000,
    0x0000,0x0000,0x0000,0x0000,0x0000,0x0000,0x1082,0xEF7D,0xFFFF,0xFFFF,0xCE59,0x18C3,
    0x0000,0x10C3,0x8E3C,0x96DF,0x969E,0x969E,0x969E,0x969E,0x969E,0x969E,0x969E,0x969E,
    0x969E,0x969E,0x969E,0x969E,0x969E,0x969E,0x969E,0x969E,0x969E,0x969E,0x969E,0x969E,
    0x969E,0x969E,0x969E,0x969E,0x969E,0x969E,0x969E,0x969E,0x969E,0x969E,0x969E,0x969E,
    0x969E,0x969E,0x969E,0x969E,0x96BE,0x8E7D,0x10C3,0x0000,0x0021,0x0000,0x0000,0x0000,
    0x0000,0x0000,0x0000,0x0000,0x0000,0x0000,0x0000,0x0000,0x0000,0x0000,0x0000,0x0000,
    0x0000,0x0000,0x0000,0x0000,0x0000,0x0000,0x0000,0x0000,0x0000,0x0000,0x0000,0x0000,
    0x0000,0x0000,0x0000,0x528A,0xD69A,0x8C71,0x0861,0x0000,0x08A3,0x7DBA,0x9EFF,0x969E,
    0x969E,0x969E,0x969E,0x96BE,0x9F1F,0x96BE,0x96BE,0x9F1F,0x96BE,0x969E,0x969E,0x969E,
    0x969E,0x969E,0x969E,0x969E,0x969E,0x969E,0x969E,0x969E,0x969E,0x969E,0x969E,0x96BE,
    0x9F1F,0x96BE,0x96BE,0x9F1F,0x96BE,0x969E,0x969E,0x969E,0x969E,0x969E,0x969E,0x969E,
    0x967E,0x9F1F,0x4B6F,0x0000,0x0020,0x0000,0x0000,0x0000,0x0000,0x0000,0x0000,0x0000,
    0x0000,0x0000,0x0000,0x0000,0x0000,0x0000,0x0000,0x0000,0x0000,0x0000,0x0000,0x0000,
    0x0000,0x0000,0x0000,0x0000,0x0000,0x0000,0x0000,0x0000,0x0000,0x0000,0x0000,0x0000,
    0x0000,0x0000,0x0000,0x1925,0x7DBA,0x9EFF,0x969E,0x969E,0x969E,0x969E,0x96BE,0x969E,
    0x4B4F,0x1925,0x1925,0x4B4F,0x969E,0x96BE,0x969E,0x969E,0x969E,0x969E,0x969E,0x969E,
    0x969E,0x969E,0x969E,0x969E,0x969E,0x969E,0x96BE,0x969E,0x4B4F,0x1925,0x1925,0x4B4F,
    0x969E,0x96BE,0x969E,0x969E,0x969E,0x969E,0x969E,0x969E,0x969E,0x96DF,0x85DA,0x0021,
    0x0000,0x0020,0x0000,0x0000,0x0000,0x0000,0x0000,0x0000,0x0000,0x0000,0x0000,0x0000,
    0x0000,0x0000,0x0000,0x0000,0x0000,0x0000,0x0000,0x0000,0x0000,0x0000,0x0000,0x0000,
    0x0000,0x0000,0x0000,0x0000,0x0000,0x0000,0x0020,0x0000,0x0000,0x10C3,0x430E,0x8E5D,
    0x9EFF,0x969E,0x969E,0x969E,0x969E,0x969E,0x96DF,0x324A,0x0000,0x0000,0x0000,0x0000,
    0x324A,0x96DF,0x969E,0x969E,0x969E,0x969E,0x969E,0x969E,0x969E,0x969E,0x969E,0x969E,
    0x969E,0x969E,0x96DF,0x324A,0x0000,0x0000,0x0000,0x0000,0x324A,0x96DF,0x969E,0x969E,
    0x969E,0x969E,0x969E,0x969E,0x969E,0x969E,0x9EFF,0x21C8,0x0000,0x0041,0x0000,0x0000,
    0x0000,0x0000,0x0000,0x0000,0x0000,0x0000,0x0000,0x0000,0x0000,0x0000,0x0000,0x0000,
    0x0000,0x0000,0x0000,0x0000,0x0000,0x0000,0x0000,0x0000,0x0000,0x0000,0x0000,0x0000,
    0x0000,0x0000,0x0041,0x0000,0x4B4F,0x96BE,0x9EFF,0x96BF,0x969E,0x969E,0x969E,0x969E,
    0x969E,0x9EFF,0x7558,0x0000,0x0020,0x0000,0x0000,0x0020,0x0000,0x7558,0x9EFF,0x969E,
    0x969E,0x969E,0x969E,0x969E,0x969E,0x969E,0x969E,0x969E,0x969E,0x9EFF,0x7558,0x0000,
    0x0020,0x0000,0x0000,0x0020,0x0000,0x7558,0x9EFF,0x969E,0x969E,0x969E,0x969E,0x969E,
    0x969E,0x969E,0x9F1F,0x53B1,0x0000,0x0041,0x0000,0x0000,0x0000,0x0000,0x0000,0x0000,
    0x0000,0x0000,0x0000,0x0000,0x0000,0x0000,0x0000,0x0000,0x0000,0x0000,0x0000,0x0000,
    0x0000,0x0000,0x0000,0x0000,0x0000,0x0000,0x0000,0x0000,0x0000,0x0882,0x0020,0x0000,
    0x7D79,0x9EFF,0x8E7D,0x969E,0x969E,0x969E,0x969E,0x969E,0x969E,0x9F1F,0x6454,0x0000,
    0x0000,0x0000,0x0000,0x0000,0x0000,0x6474,0x9F1F,0x969E,0x969E,0x969E,0x969E,0x969E,
    0x969E,0x969E,0x969E,0x969E,0x969E,0x9F1F,0x6454,0x0000,0x0000,0x0000,0x0000,0x0000,
    0x0000,0x6474,0x9F1F,0x969E,0x969E,0x969E,0x969E,0x969E,0x969E,0x969E,0x96DF,0x7538,
    0x0000,0x0000,0x0861,0x0000,0x0000,0x0000,0x0000,0x0000,0x0000,0x0000,0x0000,0x0000,
    0x0000,0x0000,0x0000,0x0000,0x0000,0x0000,0x0000,0x0000,0x0000,0x0000,0x0000,0x0000,
    0x0000,0x0000,0x0000,0x0000,0x0000,0x2A09,0x7537,0x64B5,0x9F1F,0x969E,0x969E,0x969E,
    0x969E,0x969E,0x969E,0x969E,0x969E,0x9EDF,0x7D79,0x0000,0x0000,0x0000,0x0000,0x0000,
    0x0000,0x7D79,0x9EDF,0x969E,0x969E,0x969E,0x969E,0x969E,0x969E,0x969E,0x969E,0x969E,
    0x969E,0x9EDF,0x7D79,0x0000,0x0000,0x0000,0x0000,0x0000,0x0000,0x7D79,0x9EDF,0x969E,
    0x969E,0x969E,0x969E,0x969E,0x969E,0x969E,0x96DF,0x9F1F,0x53B1,0x5C12,0x29E9,0x0000,
    0x0000,0x0000,0x0000,0x0000,0x0000,0x0000,0x0000,0x0000,0x0000,0x0000,0x0000,0x0000,
    0x0000,0x0000,0x0000,0x0000,0x0000,0x0000,0x0000,0x0000,0x0000,0x0000,0x0000,0x0000,
    0x0000,0x432D,0x9EFF,0x6CF6,0x6CD6,0x969E,0x9EDF,0x969E,0x969E,0x969E,0x969E,0x969E,
    0x969E,0x969E,0x9EFF,0x3ACD,0x0000,0x0000,0x0000,0x0000,0x3ACD,0x9EFF,0x969E,0x969E,
    0x969E,0x969E,0x969E,0x969E,0x969E,0x969E,0x969E,0x969E,0x969E,0x969E,0x9EFF,0x3ACD,
    0x0000,0x0000,0x0000,0x0000,0x3ACD,0x9EFF,0x969E,0x969E,0x969E,0x969E,0x969E,0x969E,
    0x969E,0x9EFF,0x7DBA,0x6495,0x7D99,0xAFBF,0x42ED,0x0000,0x0000,0x0000,0x0000,0x0000,
    0x0000,0x0000,0x0000,0x0000,0x0000,0x0000,0x0000,0x0000,0x0000,0x0000,0x0000,0x0000,
    0x0000,0x0000,0x0000,0x0000,0x0000,0x0000,0x0000,0x0000,0x0000,0x21A7,0x10C3,0x0000,
    0x0000,0x1945,0x7D99,0x9EFF,0x969E,0x969E,0x969E,0x969E,0x969E,0x969E,0x96BE,0x96DF,
    0x5C12,0x29C8,0x29C8,0x5C12,0x96DF,0x96BE,0x969E,0x969E,0x969E,0x969E,0x969E,0x969E,
    0x969E,0x969E,0x969E,0x969E,0x969E,0x969E,0x96BE,0x96DF,0x5C12,0x29C8,0x29C8,0x5C12,
    0x96DF,0x96BE,0x969E,0x969E,0x969E,0x969E,0x969E,0x969E,0x9EDF,0x432E,0x0041,0x0000,
    0x0000,0x324A,0x432E,0x0000,0x0000,0x0000,0x0000,0x0000,0x0000,0x0000,0x0000,0x0000,
    0x0000,0x0000,0x0000,0x0000,0x0000,0x0000,0x0000,0x0000,0x0000,0x0000,0x0000,0x0000,
    0x0000,0x0000,0x0000,0x0000,0x0000,0x0000,0x0000,0x10C3,0x0861,0x0000,0x08A3,0x8E3C,
    0x96BF,0x969E,0x969E,0x969E,0x969E,0x969E,0x969E,0x969E,0x9F1F,0x9EFF,0x9EFF,0x9F1F,
    0x969E,0x969E,0x969E,0x969E,0x969E,0x969E,0x969E,0x969E,0x969E,0x969E,0x969E,0x969E,
    0x969E,0x969E,0x969E,0x969E,0x9F1F,0x9EFF,0x9EFF,0x9F1F,0x969E,0x969E,0x969E,0x969E,
    0x969E,0x969E,0x969E,0x9F1F,0x4B90,0x0000,0x0000,0x18E3,0x0000,0x0000,0x0021,0x0000,
    0x0000,0x0000,0x0000,0x0000,0x0000,0x0000,0x0000,0x0000,0x0000,0x0000,0x0000,0x0000,
    0x0000,0x0000,0x0000,0x0000,0x0000,0x0000,0x0000,0x0000,0x0000,0x0000,0x0000,0x0000,
    0x0000,0x0000,0x39E7,0xEF7D,0xCE79,0x10C3,0x0000,0x3A8C,0x9F1F,0x969E,0x969E,0x969E,
    0x969E,0x969E,0x969E,0x969E,0x969E,0x969E,0x969E,0x969E,0x969E,0x969E,0x969E,0x969E,
    0x969E,0x969E,0x969E,0x969E,0x969E,0x969E,0x969E,0x969E,0x969E,0x969E,0x969E,0x969E,
    0x969E,0x969E,0x969E,0x969E,0x969E,0x969E,0x969E,0x969E,0x969E,0x969E,0x96DF,0x7DBA,
    0x0020,0x0000,0x6B4D,0xF7BE,0xA534,0x0020,0x0000,0x0000,0x0000,0x0000,0x0000,0x0000,
    0x0000,0x0000,0x0000,0x0000,0x0000,0x0000,0x0000,0x0000,0x0000,0x0000,0x0000,0x0000,
    0x0000,0x0000,0x0000,0x0000,0x0000,0x0000,0x0000,0x0000,0x0000,0x0841,0xDEFB,0xFFFF,
    0xFFFF,0x9CF3,0x0000,0x0841,0x85DB,0x96DF,0x969E,0x969E,0x969E,0x969E,0x969E,0x969E,
    0x969E,0x969E,0x969E,0x969E,0x969E,0x969E,0x969E,0x969E,0x969E,0x969E,0x969E,0x969E,
    0x969E,0x969E,0x969E,0x969E,0x969E,0x969E,0x969E,0x969E,0x969E,0x969E,0x969E,0x969E,
    0x969E,0x969E,0x969E,0x969E,0x969E,0x969E,0x9F1F,0x430E,0x0000,0x2945,0xFFFF,0xFFFF,
    0xFFFF,0x632C,0x0000,0x0000,0x0000,0x0000,0x0000,0x0000,0x0000,0x0000,0x0000,0x0000,
    0x0000,0x0000,0x0000,0x0000,0x0000,0x0000,0x0000,0x0000,0x0000,0x0000,0x0000,0x0000,
    0x0000,0x0000,0x0000,0x0000,0x0000,0x528A,0xFFFF,0xFFDF,0xFFFF,0xFFDF,0x1904,0x0000,
    0x53F2,0x9F1F,0x969E,0x969E,0x969E,0x969E,0x969E,0x969E,0x969E,0x969E,0x969E,0x969E,
    0x969E,0x969E,0x969E,0x969E,0x969E,0x969E,0x969E,0x969E,0x969E,0x969E,0x969E,0x969E,
    0x969E,0x969E,0x969E,0x969E,0x969E,0x969E,0x969E,0x969E,0x969E,0x969E,0x969E,0x969E,
    0x969E,0x96BE,0x969E,0x1904,0x0000,0x8C71,0xFFFF,0xFFDF,0xFFFF,0xD6BA,0x0020,0x0000,
    0x0000,0x0000,0x0000,0x0000,0x0000,0x0000,0x0000,0x0000,0x0000,0x0000,0x0000,0x0000,
    0x0000,0x0000,0x0000,0x0000,0x0000,0x0000,0x0000,0x0000,0x0000,0x0000,0x0000,0x0000,
    0x0000,0xA534,0xFFFF,0xFFDF,0xFFDF,0xFFFF,0x634D,0x0000,0x324A,0x9EFF,0x969E,0x969E,
    0x969E,0x969E,0x969E,0x969E,0x969E,0x969E,0x969E,0x969E,0x969E,0x969E,0x969E,0x969E,
    0x969E,0x969E,0x969E,0x969E,0x969E,0x969E,0x969E,0x969E,0x969E,0x969E,0x969E,0x969E,
    0x969E,0x969E,0x969E,0x969E,0x969E,0x969E,0x969E,0x969E,0x969E,0x9EFF,0x7578,0x0000,
    0x0020,0xDEDB,0xFFFF,0xFFFF,0xFFFF,0xFFFF,0x2965,0x0000,0x0000,0x0000,0x0000,0x0000,
    0x0000,0x0000,0x0000,0x0000,0x0000,0x0000,0x0000,0x0000,0x0000,0x0000,0x0000,0x0000,
    0x0000,0x0000,0x0000,0x0000,0x0000,0x0000,0x0000,0x0000,0x0020,0xDEDB,0xFFFF,0xFFFF,
    0xFFDF,0xFFFF,0x9D14,0x0000,0x1925,0x969E,0x969E,0x969E,0x969E,0x969E,0x969E,0x969E,
    0x969E,0x96DF,0x9EFF,0x9EFF,0x9EFF,0x9EFF,0x9EFF,0x9EFF,0x9EFF,0x9EFF,0x9EFF,0x9EFF,
    0x9EFF,0x9EFF,0x9EFF,0x9EFF,0x9EFF,0x9EFF,0x9EFF,0x9EFF,0x9EFF,0x9EFF,0x96DF,0x969E,
    0x969E,0x969E,0x969E,0x969E,0x969E,0x9F1F,0x5C33,0x0000,0x2145,0xFFDF,0xFFFF,0xFFFF,
    0xFFDF,0xFFFF,0x632C,0x0000,0x0020,0x0000,0x0000,0x0000,0x0000,0x0000,0x0000,0x0000,
    0x0000,0x0000,0x0000,0x0000,0x0000,0x0000,0x0000,0x0000,0x0000,0x0000,0x0000,0x0000,
    0x0000,0x0000,0x0000,0x0000,0x18C3,0xF7BE,0xFFFF,0xFFFF,0xFFFF,0xFFFF,0xC618,0x0000,
    0x0882,0x863C,0x96BF,0x969E,0x969E,0x969E,0x969E,0x9EFF,0x96BE,0x7D99,0x6CF6,0x6CF6,
    0x6CF6,0x6CF6,0x6CF6,0x6CF6,0x6CF6,0x6CF6,0x6CF6,0x6CF6,0x6CF6,0x6CF6,0x6CF6,0x6CF6,
    0x6CF6,0x6CF6,0x6CF6,0x6CF6,0x6CF6,0x6CF7,0x7D99,0x96BE,0x9EFF,0x969E,0x969E,0x969E,
    0x969E,0x9F1F,0x4B4F,0x0000,0x4A49,0xFFFF,0xFFFF,0xFFFF,0xFFDF,0xFFFF,0x8C51,0x0000,
    0x0020,0x0000,0x0000,0x0000,0x0000,0x0000,0x0000,0x0000,0x0000,0x0000,0x0000,0x0000,
    0x0000,0x0000,0x0000,0x0000,0x0000,0x0000,0x0000,0x0000,0x0000,0x0000,0x0000,0x0000,
    0x2945,0xFFFF,0xFFFF,0xFFFF,0xFFFF,0xFFFF,0xD6BA,0x0000,0x0020,0x85DA,0x96DF,0x969E,
    0x969E,0x969E,0x9EFF,0x6474,0x1966,0x0000,0x0000,0x0000,0x0000,0x0000,0x0000,0x0000,
    0x0000,0x0000,0x0000,0x0000,0x0000,0x0000,0x0000,0x0000,0x0000,0x0000,0x0000,0x0000,
    0x0000,0x0000,0x0000,0x1946,0x6474,0x9EFF,0x969E,0x969E,0x969E,0x9F1F,0x42ED,0x0000,
    0x5B0C,0xFFFF,0xFFDF,0xFFFF,0xFFDF,0xFFFF,0xA514,0x0000,0x0000,0x0000,0x0000,0x0000,
    0x0000,0x0000,0x0000,0x0000,0x0000,0x0000,0x0000,0x0000,0x0000,0x0000,0x0000,0x0000,
    0x0000,0x0000,0x0000,0x0000,0x0000,0x0000,0x0000,0x0000,0x2965,0xFFFF,0xFFFF,0xFFFF,
    0xFFFF,0xFFFF,0xDEDB,0x0000,0x0000,0x7DBA,0x96DF,0x969E,0x969E,0x9EFF,0x4B90,0x0000,
    0x0000,0x0000,0x0020,0x0000,0x1082,0x18C3,0x18C3,0x0861,0x0000,0x0041,0x18C3,0x18C3,
    0x18C3,0x0020,0x0000,0x1082,0x18C3,0x18C3,0x1082,0x0000,0x0020,0x10A2,0x0000,0x0000,
    0x0000,0x4B90,0x9EFF,0x969E,0x969E,0x9F1F,0x3ACC,0x0000,0x630C,0xFFFF,0xFFDF,0xFFFF,
    0xFFDF,0xFFFF,0xA534,0x0000,0x0000,0x0000,0x0000,0x0000,0x0000,0x0000,0x0000,0x0000,
    0x0000,0x0000,0x0000,0x0000,0x0000,0x0000,0x0000,0x0000,0x0000,0x0000,0x0000,0x0000,
    0x0000,0x0000,0x0000,0x0000,0x2124,0xFFDF,0xFFFF,0xFFFF,0xFFFF,0xFFFF,0xD69A,0x0000,
    0x0041,0x85FB,0x96DF,0x8E7E,0x9EFF,0x6D17,0x0000,0x0000,0x52AA,0xC638,0x1082,0x0000,
    0xBDD7,0xF79E,0xF79E,0x8C51,0x0000,0x39E7,0xF79E,0xF79E,0xF79E,0x2124,0x0000,0xA514,
    0xF79E,0xF79E,0xA514,0x0000,0x2124,0xEF7D,0xCE79,0x528A,0x0000,0x0000,0x6D17,0x9EFF,
    0x8E7D,0x9F1F,0x430E,0x0000,0x52AB,0xFFFF,0xFFFF,0xFFFF,0xFFDF,0xFFFF,0x9CF3,0x0000,
    0x0000,0x0000,0x0000,0x0000,0x0000,0x0000,0x0000,0x0000,0x0000,0x0000,0x0000,0x0000,
    0x0000,0x0000,0x0000,0x0000,0x0000,0x0000,0x0000,0x0000,0x0000,0x0000,0x0000,0x0000,
    0x10A2,0xF79E,0xFFFF,0xFFFF,0xFFFF,0xFFFF,0xC618,0x0000,0x0882,0x8E3C,0x96BF,0x969E,
    0x9EFF,0x3229,0x0000,0x3A08,0xFFFF,0xFFDF,0x1082,0x0000,0xC638,0xFFFF,0xFFFF,0x9492,
    0x0000,0x4208,0xFFFF,0xFFFF,0xFFFF,0x2945,0x0000,0xAD75,0xFFFF,0xFFFF,0xAD75,0x0000,
    0x2945,0xFFFF,0xFFFF,0xFFFF,0x3A08,0x0000,0x3229,0x9EFF,0x8E7D,0x9F1F,0x4B90,0x0000,
    0x4228,0xFFFF,0xFFFF,0xFFFF,0xFFDF,0xFFFF,0x8C51,0x0000,0x0020,0x0000,0x0000,0x0000,
    0x0000,0x0000,0x0000,0x0000,0x0000,0x0000,0x0000,0x0000,0x0000,0x0000,0x0000,0x0000,
    0x0000,0x0000,0x0000,0x0000,0x0000,0x0000,0x0000,0x0000,0x0020,0xE71C,0xFFFF,0xFFFF,
    0xFFDF,0xFFFF,0xAD55,0x0000,0x1904,0x969E,0x969E,0x96BE,0x8E7D,0x10C3,0x0000,0xAD75,
    0xFFFF,0xE73C,0x1082,0x0000,0xC618,0xFFFF,0xFFFF,0x8C71,0x0000,0x4208,0xFFFF,0xFFFF,
    0xFFFF,0x2945,0x0000,0xAD55,0xFFFF,0xFFFF,0xAD55,0x0000,0x2945,0xFFFF,0xFFDF,0xFFFF,
    0xAD75,0x0000,0x10C3,0x8E7D,0x969E,0x9F1F,0x5C33,0x0000,0x2986,0xFFFF,0xFFFF,0xFFFF,
    0xFFDF,0xFFFF,0x6B6D,0x0000,0x0020,0x0000,0x0000,0x0000,0x0000,0x0000,0x0000,0x0000,
    0x0000,0x0000,0x0000,0x0000,0x0000,0x0000,0x0000,0x0000,0x0000,0x0000,0x0000,0x0000,
    0x0000,0x0000,0x0000,0x0000,0x0000,0xC638,0xFFFF,0xFFFF,0xFFDF,0xFFFF,0x8C51,0x0000,
    0x21A7,0x96DF,0x969E,0x96BF,0x8E3C,0x0882,0x0000,0xC618,0xFFFF,0xEF5D,0x1082,0x0000,
    0xC638,0xFFFF,0xFFFF,0x9492,0x0000,0x4208,0xFFFF,0xFFFF,0xFFFF,0x2945,0x0000,0xAD55,
    0xFFFF,0xFFFF,0xAD55,0x0000,0x2945,0xFFFF,0xFFFF,0xFFFF,0xC638,0x0000,0x0882,0x8E3C,
    0x96BE,0x9EFF,0x6CD6,0x0000,0x10A2,0xF79E,0xFFFF,0xFFFF,0xFFFF,0xFFFF,0x528A,0x0000,
    0x0020,0x0000,0x0000,0x0000,0x0000,0x0000,0x0000,0x0000,0x0000,0x0000,0x0000,0x0000,
    0x0000,0x0000,0x0000,0x0000,0x0000,0x0000,0x0000,0x0000,0x0000,0x0000,0x0000,0x0000,
    0x0000,0xA534,0xFFFF,0xFFDF,0xFFDF,0xFFFF,0x632C,0x0000,0x3A8B,0x9F1F,0x969E,0x969E,
    0x969E,0x1925,0x0000,0x8C51,0xFFFF,0xE73C,0x1082,0x0000,0xC618,0xFFDF,0xFFDF,0x8C71,
    0x0000,0x39E7,0xFFDF,0xFFDF,0xFFDF,0x2124,0x0000,0xAD55,0xFFDF,0xFFDF,0xAD55,0x0000,
    0x2124,0xFFDF,0xFFDF,0xFFFF,0x8C51,0x0000,0x1925,0x96BE,0x969E,0x96DF,0x7D9A,0x0000,
    0x0000,0xD6BA,0xFFFF,0xFFFF,0xFFFF,0xFFFF,0x2965,0x0000,0x0000,0x0000,0x0000,0x0000,
    0x0000,0x0000,0x0000,0x0000,0x0000,0x0000,0x0000,0x0000,0x0000,0x0000,0x0000,0x0000,
    0x0000,0x0000,0x0000,0x0000,0x0000,0x0000,0x0000,0x0020,0x0000,0x73AE,0xFFFF,0xFFDF,
    0xFFFF,0xFFFF,0x39C7,0x0000,0x53B0,0x9F1F,0x969E,0x969E,0x9F1F,0x430E,0x0000,0x10A2,
    0xD69A,0xFFFF,0x1082,0x0000,0xD69A,0xFFFF,0xFFFF,0x9CD3,0x0000,0x4228,0xFFFF,0xFFFF,
    0xFFFF,0x2945,0x0000,0xB5B6,0xFFFF,0xFFFF,0xB5B6,0x0000,0x2945,0xFFFF,0xFFFF,0xCE79,
    0x10A2,0x0000,0x432E,0x9F1F,0x8E7E,0x96BF,0x8E5D,0x10C3,0x0000,0xB596,0xFFFF,0xFFDF,
    0xFFFF,0xEF5D,0x0861,0x0000,0x0000,0x0000,0x0000,0x0000,0x0000,0x0000,0x0000,0x0000,
    0x0000,0x0000,0x0000,0x0000,0x0000,0x0000,0x0000,0x0000,0x0000,0x0000,0x0000,0x0000,
    0x0000,0x0000,0x0000,0x0000,0x0000,0x4228,0xFFFF,0xFFFF,0xFFFF,0xEF7D,0x1082,0x0000,
    0x6CD6,0x9EFF,0x969E,0x969E,0x96BE,0x861C,0x08A3,0x0000,0x1082,0x6B6D,0x0882,0x0000,
    0x7BEF,0xA534,0xA534,0x5AEB,0x0000,0x2945,0xA534,0xA514,0xA514,0x18C3,0x0000,0x6B6D,
    0xA534,0xA534,0x6B6D,0x0000,0x18C3,0x9CF4,0x738E,0x1082,0x0000,0x08A3,0x863C,0x96BE,
    0x969E,0x969E,0x9EDF,0x29C8,0x0000,0x7BEF,0xFFFF,0xFFDF,0xFFFF,0xC618,0x0000,0x0000,
    0x0000,0x0000,0x0000,0x0000,0x0000,0x0000,0x0000,0x0000,0x0000,0x0000,0x0000,0x0000,
    0x0000,0x0000,0x0000,0x0000,0x0000,0x0000,0x0000,0x0000,0x0000,0x0000,0x0000,0x0000,
    0x0000,0x10A2,0xF79E,0xFFFF,0xFFFF,0xBDF7,0x0000,0x0841,0x85FB,0x96DF,0x969E,0x969E,
    0x96BF,0xA75F,0x861B,0x1925,0x0000,0x0000,0x0000,0x0000,0x0000,0x0000,0x0000,0x0000,
    0x0000,0x0000,0x0000,0x0000,0x0000,0x0000,0x0000,0x0000,0x0000,0x0000,0x0000,0x0000,
    0x0000,0x0000,0x0000,0x0000,0x10E4,0x85DA,0xA75F,0x9EFF,0x96BE,0x8E7D,0x9F1F,0x432E,
    0x0000,0x4228,0xFFFF,0xFFDF,0xFFFF,0x8C51,0x0000,0x0000,0x0000,0x0000,0x0000,0x0000,
    0x0000,0x0000,0x0000,0x0000,0x0000,0x0000,0x0000,0x0000,0x0000,0x0000,0x0000,0x0000,
    0x0000,0x0000,0x0000,0x0000,0x0000,0x0000,0x0000,0x0000,0x0000,0x0000,0xBDF7,0xFFFF,
    0xFFFF,0x8410,0x0000,0x2187,0x96BF,0x969E,0x969E,0x9EFF,0x7DBA,0x5BF2,0x6474,0x85FB,
    0x5C12,0x29C8,0x1925,0x1925,0x1925,0x1945,0x1945,0x1925,0x1925,0x1925,0x1945,0x1945,
    0x1945,0x1925,0x1925,0x1925,0x1945,0x1945,0x1925,0x1925,0x1925,0x1946,0x29E8,0x53D1,
    0x96BF,0x7DBA,0x53F2,0x6474,0x8E7D,0x96DF,0x9EFF,0x64B5,0x0000,0x1082,0xEF7D,0xFFFF,
    0xFFFF,0x4A49,0x0000,0x0000,0x0000,0x0000,0x0000,0x0000,0x0000,0x0000,0x0000,0x0000,
    0x0000,0x0000,0x0000,0x0000,0x0000,0x0000,0x0000,0x0000,0x0000,0x0000,0x0000,0x0000,
    0x0000,0x0000,0x0000,0x0000,0x0020,0x0000,0x7BCF,0xFFFF,0xFFFF,0x39C7,0x0000,0x4B6F,
    0x9F3F,0x8E5D,0x9EFF,0x53D1,0x0041,0x0000,0x0000,0x10E4,0x7DBA,0x9F3F,0x969E,0x96BE,
    0x96BE,0x96BE,0x96BE,0x96BE,0x96BE,0x96BE,0x96BE,0x96BE,0x96BE,0x96BE,0x96BE,0x96BE,
    0x96BE,0x96BE,0x96BE,0x96BE,0x96BE,0x96BE,0x96DF,0xA75F,0x4B4F,0x0000,0x0000,0x0000,
    0x1925,0x7DBA,0x9EFF,0x863C,0x08A2,0x0000,0xB596,0xFFFF,0xEF5D,0x0861,0x0000,0x0000,
    0x0000,0x0000,0x0000,0x0000,0x0000,0x0000,0x0000,0x0000,0x0000,0x0000,0x0000,0x0000,
    0x0000,0x0000,0x0000,0x0000,0x0000,0x0000,0x0000,0x0000,0x0000,0x0000,0x0000,0x0000,
    0x0000,0x0000,0x2945,0xFFFF,0xDEDB,0x0020,0x0000,0x1966,0x8E5C,0x9F1F,0x6CF6,0x0000,
    0x0000,0x2945,0x18C3,0x0000,0x0882,0x8E3C,0x96BF,0x969E,0x969E,0x969E,0x969E,0x969E,
    0x969E,0x969E,0x969E,0x969E,0x969E,0x969E,0x969E,0x969E,0x969E,0x969E,0x969E,0x969E,
    0x969E,0x969E,0x9EFF,0x5C33,0x0000,0x0000,0x2965,0x1082,0x0000,0x1905,0x96DF,0x8E5C,
    0x10E4,0x0000,0x5AEB,0xFFFF,0xA534,0x0000,0x0000,0x0000,0x0000,0x0000,0x0000,0x0000,
    0x0000,0x0000,0x0000,0x0000,0x0000,0x0000,0x0000,0x0000,0x0000,0x0000,0x0000,0x0000,
    0x0000,0x0000,0x0000,0x0000,0x0000,0x0000,0x0000,0x0000,0x0000,0x0000,0x0000,0xDEFB,
    0x94B2,0x0000,0x0020,0x0000,0x2187,0x96DE,0x29E8,0x0000,0x4208,0xFFDF,0xDEDB,0x10C3,
    0x0000,0x4B6F,0x9F1F,0x967E,0x969E,0x969E,0x969E,0x969E,0x969E,0x969E,0x969E,0x969E,
    0x969E,0x969E,0x969E,0x969E,0x969E,0x969E,0x969E,0x969E,0x969E,0x969E,0x96BE,0x1925,
    0x0000,0x52AA,0xFFFF,0xC638,0x0861,0x0000,0x53F1,0x2986,0x0000,0x0000,0x1082,0xFFDF,
    0x52AA,0x0000,0x0000,0x0000,0x0000,0x0000,0x0000,0x0000,0x0000,0x0000,0x0000,0x0000,
    0x0000,0x0000,0x0000,0x0000,0x0000,0x0000,0x0000,0x0000,0x0000,0x0000,0x0000,0x0000,
    0x0000,0x0000,0x0000,0x0000,0x0000,0x0000,0x0000,0x6B4D,0x39E7,0x0000,0x0000,0x0000,
    0x0000,0x1946,0x0862,0x0000,0xBDF7,0xFFFF,0xFFFF,0x7BEF,0x0000,0x2187,0x96DF,0x969E,
    0x969E,0x969E,0x969E,0x969E,0x969E,0x969E,0x969E,0x969E,0x969E,0x969E,0x969E,0x969E,
    0x969E,0x969E,0x969E,0x969E,0x969E,0x9EFF,0x7558,0x0000,0x0020,0xD6BA,0xFFFF,0xFFFF,
    0x5AEB,0x0000,0x0000,0x0000,0x0000,0x0000,0x0000,0x8410,0x18C3,0x0000,0x0000,0x0000,
    0x0000,0x0000,0x0000,0x0000,0x0000,0x0000,0x0000,0x0000,0x0000,0x0000,0x0000,0x0000,
    0x0000,0x0000,0x0000,0x0000,0x0000,0x0000,0x0000,0x0000,0x0000,0x0000,0x0000,0x0000,
    0x0000,0x0000,0x0000,0x0000,0x0000,0x0000,0x0000,0x0000,0x0000,0x0000,0x0000,0x1082,
    0xEF7D,0xFFFF,0xFFFF,0xBDD7,0x0000,0x10A3,0x8E5D,0x96BF,0x969E,0x969E,0x969E,0x969E,
    0x969E,0x969E,0x969E,0x969E,0x969E,0x969E,0x969E,0x969E,0x969E,0x969E,0x969E,0x969E,
    0x8E7E,0x9F1F,0x6474,0x0000,0x2124,0xFFFF,0xFFFF,0xFFFF,0x9CF3,0x0000,0x0000,0x0000,
    0x0000,0x0000,0x0000,0x0000,0x0000,0x0000,0x0000,0x0000,0x0000,0x0000,0x0000,0x0000,
    0x0000,0x0000,0x0000,0x0000,0x0000,0x0000,0x0000,0x0000,0x0000,0x0000,0x0000,0x0000,
    0x0000,0x0000,0x0000,0x0000,0x0000,0x0000,0x0000,0x0000,0x0000,0x0000,0x0000,0x0000,
    0x0000,0x0000,0x0000,0x0000,0x0000,0x0000,0x0000,0x10A2,0xF79E,0xFFFF,0xFFFF,0xBE18,
    0x0000,0x0882,0x8E3C,0x96BE,0x8E7E,0x969E,0x969E,0x969E,0x969E,0x969E,0x969E,0x969E,
    0x969E,0x969E,0x969E,0x969E,0x969E,0x969E,0x969E,0x969E,0x96BE,0x9F1F,0x5C53,0x0000,
    0x2965,0xFFFF,0xFFFF,0xFFFF,0xA534,0x0000,0x0000,0x0000,0x0000,0x0000,0x0000,0x0000,
    0x0000,0x0000,0x0000,0x0000,0x0000,0x0000,0x0000,0x0000,0x0000,0x0000,0x0000,0x0000,
    0x0000,0x0000,0x0000,0x0000,0x0000,0x0000,0x0000,0x0000,0x0000,0x0000,0x0000,0x0000,
    0x0000,0x0000,0x0000,0x0000,0x0000,0x0000,0x0000,0x0000,0x0000,0x0000,0x0000,0x0000,
    0x0000,0x0000,0x0000,0x0020,0xDEFB,0xFFFF,0xFFFF,0xA534,0x0000,0x1904,0x8E7E,0x9EFF,
    0x9EFF,0x9F1F,0x9EFF,0x96BF,0x969E,0x969E,0x969E,0x969E,0x969E,0x969E,0x969E,0x969E,
    0x96BF,0x9EFF,0x9F1F,0x9EFF,0x861B,0x9EFF,0x6CD6,0x0000,0x10A2,0xF79E,0xFFFF,0xFFFF,
    0x8C51,0x0000,0x0020,0x0000,0x0000,0x0000,0x0000,0x0000,0x0000,0x0000,0x0000,0x0000,
    0x0000,0x0000,0x0000,0x0000,0x0000,0x0000,0x0000,0x0000,0x0000,0x0000,0x0000,0x0000,
    0x0000,0x0000,0x0000,0x0000,0x0000,0x0000,0x0000,0x0000,0x0000,0x0000,0x0000,0x0000,
    0x0000,0x0000,0x0000,0x0000,0x0000,0x0000,0x0000,0x0000,0x0000,0x0000,0x0000,0x0000,
    0xBDD7,0xFFFF,0xFFFF,0x7BEF,0x0000,0x2A09,0xA77F,0x6CD6,0x324A,0x53D1,0x7558,0x8E5D,
    0x96DF,0x9EFF,0x9F1F,0x9F1F,0x9F1F,0x9F1F,0x9EFF,0x96DF,0x8E5D,0x7558,0x53D1,0x29E9,
    0x0861,0x430E,0x8E7D,0x0020,0x0000,0xD69A,0xFFFF,0xFFFF,0x5AEB,0x0000,0x0020,0x0000,
    0x0000,0x0000,0x0000,0x0000,0x0000,0x0000,0x0000,0x0000,0x0000,0x0000,0x0000,0x0000,
    0x0000,0x0000,0x0000,0x0000,0x0000,0x0000,0x0000,0x0000,0x0000,0x0000,0x0000,0x0000,
    0x0000,0x0000,0x0000,0x0000,0x0000,0x0000,0x0000,0x0000,0x0000,0x0000,0x0000,0x0000,
    0x0000,0x0000,0x0000,0x0000,0x0000,0x0000,0x0020,0x0000,0x7BEF,0xFFFF,0xFFFF,0x4208,
    0x0000,0x29C8,0x8E7A,0x326B,0x0000,0x0000,0x0000,0x0882,0x1946,0x2A29,0x3AAC,0x3AED,
    0x3AED,0x3AAC,0x2A29,0x1946,0x0882,0x0000,0x0000,0x0000,0x0000,0x2187,0x4B90,0x0021,
    0x0000,0x9CD3,0xFFFF,0xFFDF,0x2124,0x0000,0x0000,0x0000,0x0000,0x0000,0x0000,0x0000,
    0x0000,0x0000,0x0000,0x0000,0x0000,0x0000,0x0000,0x0000,0x0000,0x0000,0x0000,0x0000,
    0x0000,0x0000,0x0000,0x0000,0x0000,0x0000,0x0000,0x0000,0x0000,0x0000,0x0000,0x0000,
    0x0000,0x0000,0x0000,0x0000,0x0000,0x0000,0x0000,0x0000,0x0000,0x0000,0x0000,0x0000,
    0x0000,0x0000,0x0000,0x0000,0x3186,0xFFFF,0xE71C,0x0841,0x0000,0x0000,0x0020,0x1104,
    0x0041,0x0041,0x0000,0x0000,0x0000,0x0000,0x0000,0x0000,0x0000,0x0000,0x0000,0x0000,
    0x0000,0x0000,0x0041,0x0041,0x0021,0x0020,0x0000,0x0000,0x0000,0x4A49,0xFFFF,0xCE59,
    0x0000,0x0000,0x0000,0x0000,0x0000,0x0000,0x0000,0x0000,0x0000,0x0000,0x0000,0x0000,
    0x0000,0x0000,0x0000,0x0000,0x0000,0x0000,0x0000,0x0000,0x0000,0x0000,0x0000,0x0000,
    0x0000,0x0000,0x0000,0x0000,0x0000,0x0000,0x0000,0x0000,0x0000,0x0000,0x0000,0x0000,
    0x0000,0x0000,0x0000,0x0000,0x0000,0x0000,0x0000,0x0000,0x0000,0x0000,0x0000,0x0000,
    0x0000,0xDEFB,0x94B2,0x0000,0x0020,0x0000,0x0000,0x0000,0x0000,0x0000,0x0020,0x0021,
    0x0041,0x0021,0x0041,0x0041,0x0041,0x0041,0x0021,0x0041,0x0021,0x0020,0x0000,0x0000,
    0x0000,0x0000,0x0000,0x0000,0x0000,0x0020,0xF79E,0x73AE,0x0000,0x0000,0x0000,0x0000,
    0x0000,0x0000,0x0000,0x0000,0x0000,0x0000,0x0000,0x0000,0x0000,0x0000,0x0000,0x0000,
    0x0000,0x0000,0x0000,0x0000,0x0000,0x0000,0x0000,0x0000,0x0000,0x0000,0x0000,0x0000,
    0x0000,0x0000,0x0000,0x0000,0x0000,0x0000,0x0000,0x0000,0x0000,0x0000,0x0000,0x0000,
    0x0000,0x0000,0x0000,0x0000,0x0000,0x0000,0x0000,0x0000,0x0000,0x4A49,0x2945,0x0000,
    0x0000,0x0000,0x0000,0x0000,0x0000,0x0000,0x0000,0x0000,0x0000,0x0000,0x0000,0x0000,
    0x0000,0x0000,0x0000,0x0000,0x0000,0x0000,0x0000,0x0000,0x0000,0x0000,0x0000,0x0000,
    0x0000,0x0000,0x52AA,0x18E3,0x0000,0x0000,0x0000,0x0000,0x0000,0x0000,0x0000,0x0000,
    0x0000,0x0000,0x0000,0x0000,0x0000,0x0000,0x0000,0x0000,0x0000,0x0000,0x0000,0x0000,
    0x0000,0x0000,0x0000,0x0000,0x0000,0x0000,0x0000,0x0000,0x0000,0x0000,0x0000,0x0000,
    0x0000,0x0000,0x0000,0x0000,0x0000,0x0000,0x0000,0x0000,0x0000,0x0000,0x0000,0x0000,
    0x0000,0x0000,0x0000,0x0000,0x0000,0x0000,0x0000,0x0000,0x0000,0x0000,0x0000,0x0000,
    0x0000,0x0000,0x0000,0x0000,0x0000,0x0000,0x0000,0x0000,0x0000,0x0000,0x0000,0x0000,
    0x0000,0x0000,0x0000,0x0000,0x0000,0x0000,0x0000,0x0000,0x0000,0x0000,0x0000,0x0000,
    0x0000,0x0000,0x0000,0x0000,0x0000,0x0000,0x0000,0x0000,0x0000,0x0000,0x0000,0x0000,
    0x0000,0x0000,0x0000,0x0000,0x0000,0x0000,0x0000,0x0000,0x0000,0x0000,0x0000,0x0000,
    0x0000,0x0000,0x0000,0x0000,0x0000,0x0000,0x0000,0x0000,0x0000,0x0000,0x0000,0x0000,
    0x0000,0x0000,0x0000,0x0000,0x0000,0x0000,0x0000,0x0000,0x0000,0x0000,0x0000,0x0000,
    0x0000,0x0000,0x0000,0x0000,0x0000,0x0000,0x0000,0x0000,0x0000,0x0000,0x0000,0x0000,
    0x0000,0x0000,0x0000,0x0000,0x0000,0x0000,0x0000,0x0000,0x0000,0x0000,0x0000,0x0000,
    0x0000,0x0000,0x0000,0x0000,0x0000,0x0000,0x0000,0x0000,0x0000,0x0000,0x0000,0x0000,
    0x0000,0x0000,0x0000,0x0000,0x0000,0x0000,0x0000,0x0000,0x0000,0x0000,0x0000,0x0000,
    0x0000,0x0000,0x0000,0x0000,0x0000,0x0000,0x0000,0x0000,0x0000,0x0000,0x0000,0x0000,
    0x0000,0x0000,0x0000,0x0000,0x0000,0x0000,0x0000,0x0000,0x0000,0x0000,0x0000,0x0000,
    0x0000,0x0000,0x0000,0x0000,0x0000,0x0000,0x0000,0x0000,0x0000,0x0000,0x0000,0x0000,
    0x0000,0x0000,0x0000,0x0000,0x0000,0x0000,0x0000,0x0000,0x0000,0x0000,0x0000,0x0000,
    0x0000,0x0000,0x0000,0x0000,0x0000,0x0000,0x0000,0x0000,0x0000,0x0000,0x0000,0x0000,
    0x0000,0x0000,0x0000,0x0000,0x0000,0x0000,0x0000,0x0000,0x0000,0x0000,0x0000,0x0000,
    0x0000,0x0000,0x0000,0x0000,0x0000,0x0000,0x0000,0x0000,0x0000,0x0000,0x0000,0x0000,
    0x0000,0x0000,0x0000,0x0000,0x0000,0x0000,0x0000,0x0000,0x0000,0x0000,0x0000,0x0000,
    0x0000,0x0000,0x0000,0x0000,0x0000,0x0000,0x0000,0x0000,0x0000,0x0000,0x0000,0x0000,
    0x0000,0x0000,0x0000,0x0000,0x0000,0x0000,0x0000,0x0000,0x0000,0x0000,0x0000,0x0000,
    0x0000,0x0000,0x0000,0x0000,0x0000,0x0000,0x0000,0x0000,0x0000,0x0000,0x0000,0x0000,
    0x0000,0x0000,0x0000,0x0000,0x0000,0x0000,0x0000,0x0000,0x0000,0x0000,0x0000,0x0000,
    0x0000,0x0000,0x0000,0x0000,0x0000,0x0000,0x0000,0x0000,0x0000,0x0000,0x0000,0x0000,
    0x0000,0x0000,0x0000,0x0000,0x0000,0x0000,0x0000,0x0000,0x0000,0x0000,0x0000,0x0000,
    0x0000,0x0000,0x0000,0x0000,0x0000,0x0000,0x0000,0x0000,0x0000,0x0000,0x0000,0x0000,
    0x0000,0x0000,0x0000,0x0000,0x0000,0x0000,0x0000,0x0000,0x0000,0x0000,0x0000,0x0000,
    0x0000,0x0000,0x0000,0x0000,0x0000,0x0000,0x0000,0x0000,0x0000,0x0000,0x0000,0x0000,
    0x0000,0x0000,0x0000,0x0000,0x0000,0x0000,0x0000,0x0000,0x0000,0x0000,0x0000,0x0000,
    0x0000,0x0000,0x0000,0x0000,0x0000,0x0000,0x0000,0x0000,0x0000,0x0000,0x0000,0x0000,
    0x0000,0x0000,0x0000,0x0000,0x0000,0x0000,0x0000,0x0000,0x0000,0x0000,0x0000,0x0000,
    0x0000,0x0000,0x0000,0x0000,0x0000,0x0000,0x0000,0x0000,0x0000,0x0000,0x0000,0x0000,
    0x0000,0x0000,0x0000,0x0000,0x0000,0x0000,0x0000,0x0000,0x0000,0x0000,0x0000,0x0000,
    0x0000,0x0000,0x0000,0x0000,0x0000,0x0000,0x0000,0x0000,0x0000,0x0000,0x0000,0x0000,
    0x0000,0x0000,0x0000,0x0000,0x0000,0x0000,0x0000,0x0000,0x0000,0x0000,0x0000,0x0000,
    0x0000,0x0000,0x0000,0x0000,0x0000,0x0000,0x0000,0x0000,0x0000,0x0000,0x0000,0x0000,
    0x0000,0x0000,0x0000,0x0000,0x0000,0x0000,0x0000,0x0000,0x0000,0x0000,0x0000,0x0000,
    0x0000,0x0000,0x0000,0x0000,0x0000,0x0000,0x0000,0x0000,0x0000,0x0000,0x0000,0x0000,
    0x0000,0x0000,0x0000,0x0000,0x0000,0x0000,0x0000,0x0000,0x0000,0x0000,0x0000,0x0000,
    0x0000,0x0000,0x0000,0x0000,0x0000,0x0000,0x0000,0x0000,0x0000,0x0000,0x0000,0x0000,
    0x0000,0x0000,0x0000,0x0000,0x0000,0x0000,0x0000,0x0000,0x0000,0x0000,0x0000,0x0000,
    0x0000,0x0000,0x0000,0x0000,0x0000,0x0000,0x0000,0x0000,0x0000,0x0000,0x0000,0x0000,
    0x0000,0x0000,0x0000,0x0000,0x0000,0x0000,0x0000,0x0000,0x0000,0x0000,0x0000,0x0000,
    0x0000,0x0000,0x0000,0x0000,0x0000,0x0000,0x0000,0x0000,0x0000,0x0000,0x0000,0x0000,
    0x0000,0x0000,0x0000,0x0000,0x0000,0x0000,0x0000,0x0000,0x0000,0x0000,0x0000,0x0000,
    0x0000,0x0000,0x0000,0x0000,0x0000,0x0000,0x0000,0x0000,0x0000,0x0000,0x0000,0x0000,
    0x0000,0x0000,0x0000,0x0000,0x0000,0x0000,0x0000,0x0000,0x0000,0x0000,0x0000,0x0000,
    0x0000,0x0000,0x0000,0x0000,0x0000,0x0000,0x0000,0x0000,0x0000,0x0000,0x0000,0x0000,
    0x0000,0x0000,0x0000,0x0000,0x0000,0x0000,0x0000,0x0000,0x0000,0x0000,0x0000,0x0000,
    0x0000,0x0000,0x0000,0x0000,0x0000,0x0000,0x0000,0x0000,0x0000,0x0000,0x0000,0x0000,
    0x0000,0x0000,0x0000,0x0000,0x0000,0x0000,0x0000,0x0000,0x0000,0x0000,0x0000,0x0000,
    0x0000,0x0000,0x0000,0x0000,0x0000,0x0000,0x0000,0x0000,0x0000,0x0000,0x0000,0x0000,
    0x0000,0x0000,0x0000,0x0000,0x0000,0x0000,0x0000,0x0000,0x0000,0x0000,0x0000,0x0000,
    0x0000,0x0000,0x0000,0x0000,0x0000,0x0000,0x0000,0x0000,0x0000,0x0000,0x0000,0x0000,
    0x0000,0x0000,0x0000,0x0000,0x0000,0x0000,0x0000,0x0000,0x0000,0x0000,0x0000,0x0000,
    0x0000,0x0000,0x0000,0x0000,0x0000,0x0000,0x0000,0x0000,0x0000,0x0000,0x0000,0x0000,
    0x0000,0x0000,0x0000,0x0000,0x0000,0x0000,0x0000,0x0000,0x0000,0x0000,0x0000,0x0000,
    0x0000,0x0000,0x0000,0x0000,0x0000,0x0000,0x0000,0x0000,0x0000,0x0000,0x0000,0x0000,
    0x0000,0x0000,0x0000,0x0000,0x0000,0x0000,0x0000,0x0000,0x0000,0x0000,0x0000,0x0000,
    0x0000,0x0000,0x0000,0x0000,0x0000,0x0000,0x0000,0x0000,0x0000,0x0000,0x0000,0x0000,
    0x0000,0x0000,0x0000,0x0000,0x0000,0x0000,0x0000,0x0000,0x0000,0x0000,0x0000,0x0000,
    0x0000,0x0000,0x0000,0x0000,0x0000,0x0000,0x0000,0x0000,0x0000,0x0000,0x0000,0x0000,
    0x0000,0x0000,0x0000,0x0000,0x0000,0x0000,0x0000,0x0000,0x0000,0x0000,0x0000,0x0000,
    0x0000,0x0000,0x0000,0x0000,0x0000,0x0000,0x0000,0x0000,0x0000,0x0000,0x0000,0x0000,
    0x0000,0x0000,0x0000,0x0000,0x0000,0x0000,0x0000,0x0000,0x0000,0x0000,0x0000,0x0000,
    0x0000,0x0000,0x0000,0x0000,0x0000,0x0000,0x0000,0x0000,0x0000,0x0000,0x0000,0x0000,
    0x0000,0x0000,0x0000,0x0000,0x0000,0x0000,0x0000,0x0000,0x0000,0x0000,0x0000,0x0000,
    0x0000,0x0000,0x0000,0x0000,0x0000,0x0000,0x0000,0x0000,0x0000,0x0000,0x0000,0x0000,
    0x0000,0x0000,0x0000,0x0000,0x0000,0x0000,0x0000,0x0000,0x0000,0x0000,0x0000,0x0000,
    0x0000,0x0000,0x0000,0x0000,0x0000,0x0000,0x0000,0x0000,0x0000,0x0000,0x0000,0x0000,
    0x0000,0x0000,0x0000,0x0000,0x0000,0x0000,0x0000,0x0000,0x0000,0x0000,0x0000,0x0000,
    0x0000,0x0000,0x0000,0x0000,0x0000,0x0000,0x0000,0x0000,0x0000,0x0000,0x0000,0x0000,
    0x0000,0x0000,0x0000,0x0000,0x0000,0x0000,0x0000,0x0000,0x0000,0x0000,0x0000,0x0000,
    0x0000,0x0000,0x0000,0x0000,0x0000,0x0000,0x0000,0x0000,0x0000,0x0000,0x0000,0x0000,
    0x0000,0x0000,0x0000,0x0000,0x0000,0x0000,0x0000,0x0000,0x0000,0x0000,0x0000,0x0000,
    0x0000,0x0000,0x0000,0x0000,0x0000,0x0000,0x0000,0x0000,0x0000,0x0000,0x0000,0x0000,
    0x0000,0x0000,0x0000,0x0000,0x0000,0x0000,0x0000,0x0000,0x0000,0x0000,0x0000,0x0000,
    0x0000,0x0000,0x0000,0x0000,0x0000,0x0000,0x0000,0x0000,0x0000,0x0000,0x0000,0x0000,
    0x0000,0x0000,0x0000,0x0000,
};

const uint16_t face_hot[6400] = {
    0x0000,0x0000,0x0000,0x0000,0x0000,0x0000,0x0000,0x0000,0x0000,0x0000,0x0000,0x0000,
    0x0000,0x0000,0x0000,0x0000,0x0000,0x0000,0x0000,0x0000,0x0000,0x0000,0x0000,0x0000,
    0x0000,0x0000,0x0000,0x0000,0x0000,0x0000,0x0000,0x0000,0x0000,0x0000,0x0000,0x0000,
    0x0000,0x0000,0x0000,0x0000,0x0000,0x0000,0x0000,0x0000,0x0000,0x0000,0x0000,0x0000,
    0x0000,0x0000,0x0000,0x0000,0x0000,0x0000,0x0000,0x0000,0x0000,0x0000,0x0000,0x0000,
    0x0000,0x0000,0x0000,0x0000,0x0000,0x0000,0x0000,0x0000,0x0000,0x0000,0x0000,0x0000,
    0x0000,0x0000,0x0000,0x0000,0x0000,0x0000,0x0000,0x0000,0x0000,0x0000,0x0000,0x0000,
    0x0000,0x0000,0x0000,0x0000,0x0000,0x0000,0x0000,0x0000,0x0000,0x0000,0x0000,0x0000,
    0x0000,0x0000,0x0000,0x0000,0x0000,0x0000,0x0000,0x0000,0x0000,0x0000,0x0000,0x0000,
    0x0000,0x0000,0x0000,0x0000,0x0000,0x0000,0x0000,0x0000,0x0000,0x0000,0x0000,0x0000,
    0x0000,0x0000,0x0000,0x0000,0x0000,0x0000,0x0000,0x0000,0x0000,0x0000,0x0000,0x0000,
    0x0000,0x0000,0x0000,0x0000,0x0000,0x0000,0x0000,0x0000,0x0000,0x0000,0x0000,0x0000,
    0x0000,0x0000,0x0000,0x0000,0x0000,0x0000,0x0000,0x0000,0x0000,0x0000,0x0000,0x0000,
    0x0000,0x0000,0x0000,0x0000,0x0000,0x0000,0x0000,0x0000,0x0000,0x0000,0x0000,0x0000,
    0x0000,0x0000,0x0000,0x0000,0x0000,0x0000,0x0000,0x0000,0x0000,0x0000,0x0000,0x0000,
    0x0000,0x0000,0x0000,0x0000,0x0000,0x0000,0x0000,0x0000,0x0000,0x0000,0x0000,0x0000,
    0x0000,0x0000,0x0000,0x0000,0x0000,0x0000,0x0000,0x0000,0x0000,0x0000,0x0000,0x0000,
    0x0000,0x0000,0x0000,0x0000,0x0000,0x0000,0x0000,0x0000,0x0000,0x0000,0x0000,0x0000,
    0x0000,0x0000,0x0000,0x0000,0x0000,0x0000,0x0000,0x0000,0x0000,0x0000,0x0000,0x0000,
    0x0000,0x0000,0x0000,0x0000,0x0000,0x0000,0x0000,0x0000,0x0000,0x0000,0x0000,0x0000,
    0x0000,0x0000,0x0000,0x0000,0x0000,0x0000,0x0000,0x0000,0x0000,0x0000,0x0000,0x0000,
    0x0000,0x0000,0x0000,0x0000,0x0000,0x0000,0x0000,0x0000,0x0000,0x0000,0x0000,0x0000,
    0x0000,0x0000,0x0000,0x0000,0x0000,0x0000,0x0000,0x0000,0x0000,0x0000,0x0000,0x0000,
    0x0000,0x0000,0x0000,0x0000,0x0000,0x0000,0x0000,0x0000,0x0000,0x0000,0x0000,0x0000,
    0x0000,0x0000,0x0000,0x0000,0x0000,0x0000,0x0000,0x0000,0x0000,0x0000,0x0000,0x0000,
    0x0000,0x0000,0x0000,0x0000,0x0000,0x0000,0x0000,0x0000,0x0000,0x0000,0x0000,0x0000,
    0x0000,0x0000,0x0000,0x0000,0x0000,0x0000,0x0000,0x0000,0x0000,0x0000,0x0000,0x0000,
    0x0000,0x0000,0x0000,0x0000,0x0000,0x0000,0x0000,0x0000,0x0000,0x0000,0x0000,0x0000,
    0x0000,0x0000,0x0000,0x0000,0x0000,0x0000,0x0000,0x0000,0x0000,0x0000,0x0000,0x0000,
    0x0000,0x0000,0x0000,0x0000,0x0000,0x0000,0x0000,0x0000,0x0000,0x0000,0x0000,0x0000,
    0x0000,0x0000,0x0000,0x0000,0x0000,0x0000,0x0000,0x0000,0x0000,0x0000,0x0000,0x0000,
    0x0000,0x0000,0x0000,0x0000,0x0000,0x0000,0x0000,0x0000,0x0000,0x0000,0x0000,0x0000,
    0x0000,0x0000,0x0000,0x0000,0x0000,0x0000,0x0000,0x0000,0x0000,0x0000,0x0000,0x0000,
    0x0000,0x0000,0x0000,0x0000,0x0000,0x0000,0x0000,0x0000,0x0000,0x0000,0x0000,0x0000,
    0x0000,0x0000,0x0000,0x0000,0x0000,0x0000,0x0000,0x0000,0x0000,0x0000,0x0000,0x0000,
    0x0000,0x0000,0x0000,0x0000,0x0000,0x0000,0x0000,0x0000,0x0000,0x0000,0x0000,0x0000,
    0x0000,0x0000,0x0000,0x0000,0x0000,0x0000,0x0000,0x0000,0x0000,0x0000,0x0000,0x0000,
    0x0000,0x0000,0x0000,0x0000,0x0000,0x0000,0x0000,0x0000,0x0000,0x0000,0x0000,0x0000,
    0x0000,0x0000,0x0000,0x0000,0x0000,0x0000,0x0000,0x0000,0x0000,0x0000,0x0000,0x0000,
    0x0000,0x0000,0x0000,0x0000,0x0000,0x0000,0x0000,0x0000,0x0000,0x0000,0x0000,0x0000,
    0x0000,0x0000,0x0000,0x0000,0x0000,0x0000,0x0000,0x0000,0x0000,0x0000,0x0000,0x0000,
    0x0000,0x0000,0x0000,0x0000,0x0000,0x0000,0x0000,0x0000,0x0000,0x0000,0x0000,0x0000,
    0x0000,0x0000,0x0000,0x0000,0x0000,0x0000,0x0000,0x0000,0x0000,0x0000,0x0000,0x0000,
    0x0000,0x0000,0x0000,0x0000,0x0000,0x0000,0x0000,0x0000,0x0000,0x0000,0x0000,0x0000,
    0x0000,0x0000,0x0000,0x0000,0x0000,0x0000,0x0000,0x0000,0x0000,0x0000,0x0000,0x0000,
    0x0000,0x0000,0x0000,0x0000,0x0000,0x0000,0x0000,0x0000,0x0000,0x0000,0x0000,0x0000,
    0x0000,0x0000,0x0000,0x0000,0x0000,0x0000,0x0000,0x0000,0x0000,0x0000,0x0000,0x0000,
    0x0000,0x0000,0x0000,0x0000,0x0000,0x0000,0x0000,0x0000,0x0000,0x0000,0x0000,0x0000,
    0x0000,0x0000,0x0000,0x0000,0x0000,0x0000,0x0000,0x0000,0x0000,0x0000,0x0000,0x0000,
    0x0000,0x0000,0x0000,0x0000,0x0000,0x0000,0x0000,0x0000,0x0000,0x0000,0x0000,0x0000,
    0x0000,0x0000,0x0000,0x0000,0x0000,0x0000,0x0000,0x0000,0x0000,0x0000,0x0000,0x0000,
    0x0000,0x0000,0x0000,0x0000,0x0000,0x0000,0x0000,0x0000,0x0000,0x0000,0x0000,0x0000,
    0x0000,0x0000,0x0000,0x0000,0x0000,0x0000,0x0000,0x0000,0x0000,0x0000,0x0000,0x0000,
    0x0000,0x0000,0x0000,0x0000,0x0000,0x0000,0x0000,0x0000,0x0000,0x0000,0x0000,0x0000,
    0x0000,0x0000,0x0000,0x0000,0x0000,0x0000,0x0000,0x0000,0x0000,0x0000,0x0000,0x0000,
    0x0000,0x0000,0x0000,0x0000,0x0000,0x0000,0x0000,0x0000,0x0000,0x0000,0x0000,0x0000,
    0x0000,0x0000,0x0000,0x0000,0x0000,0x0000,0x0000,0x0000,0x0000,0x0000,0x0000,0x0000,
    0x0000,0x0000,0x0000,0x0000,0x0000,0x0000,0x0000,0x0000,0x0000,0x0000,0x0000,0x0000,
    0x0000,0x0000,0x0000,0x0000,0x0000,0x0000,0x0000,0x0000,0x0000,0x0000,0x0000,0x0000,
    0x0000,0x0000,0x0000,0x0000,0x0000,0x0000,0x0000,0x0000,0x0000,0x0000,0x0000,0x0000,
    0x0000,0x0000,0x0000,0x0000,0x0000,0x0000,0x0000,0x0000,0x0000,0x0000,0x0000,0x0000,
    0x0000,0x0000,0x0000,0x0000,0x0000,0x0000,0x0000,0x0000,0x0000,0x0000,0x0000,0x0000,
    0x0000,0x0000,0x0000,0x0000,0x0000,0x0000,0x0000,0x0000,0x0000,0x0000,0x0000,0x0000,
    0x0000,0x0000,0x0000,0x0000,0x0000,0x0000,0x0000,0x0000,0x0000,0x0000,0x0000,0x0000,
    0x0000,0x0000,0x0000,0x0000,0x0000,0x0000,0x0000,0x0000,0x0000,0x0000,0x0000,0x0000,
    0x0000,0x0000,0x0000,0x0000,0x0000,0x0000,0x0000,0x0000,0x0000,0x0000,0x0000,0x0000,
    0x0000,0x0000,0x0000,0x0000,0x0000,0x0000,0x0000,0x0000,0x0000,0x0000,0x0000,0x0000,
    0x0000,0x0000,0x0000,0x0000,0x0000,0x0000,0x0000,0x0000,0x0000,0x0000,0x0000,0x0000,
    0x0000,0x0000,0x0000,0x0000,0x0000,0x0000,0x0000,0x0000,0x0000,0x0000,0x0000,0x0000,
    0x0000,0x0000,0x0000,0x0000,0x0000,0x0000,0x0000,0x0000,0x0000,0x0000,0x0000,0x0000,
    0x0000,0x0000,0x0000,0x0000,0x0000,0x0000,0x0000,0x0000,0x0000,0x0000,0x0000,0x0000,
    0x0000,0x0000,0x0000,0x0000,0x0000,0x0000,0x0000,0x0000,0x0000,0x0000,0x0000,0x0000,
    0x0000,0x0000,0x0000,0x0000,0x0000,0x0000,0x0000,0x0000,0x0000,0x0000,0x0000,0x0000,
    0x0000,0x0000,0x0000,0x0000,0x0000,0x0000,0x0000,0x0000,0x0000,0x0000,0x0000,0x0000,
    0x0000,0x0000,0x0000,0x0000,0x0000,0x0000,0x0000,0x0000,0x0000,0x0000,0x0000,0x0000,
    0x0000,0x0000,0x0000,0x0000,0x0000,0x0000,0x0000,0x0000,0x0000,0x0000,0x0000,0x0000,
    0x0000,0x0000,0x0000,0x0000,0x0000,0x0000,0x0000,0x0000,0x0000,0x0000,0x0000,0x0000,
    0x0000,0x0000,0x0000,0x0000,0x0000,0x0000,0x0000,0x0000,0x0000,0x0000,0x0000,0x0000,
    0x0000,0x0000,0x0000,0x0000,0x0000,0x0000,0x0000,0x0000,0x0000,0x0000,0x0000,0x0000,
    0x0000,0x0000,0x0000,0x0000,0x0000,0x0000,0x0000,0x0000,0x0000,0x0000,0x0000,0x0000,
    0x0000,0x0000,0x0000,0x0000,0x0000,0x0000,0x0000,0x0000,0x0000,0x0000,0x0000,0x0000,
    0x0000,0x0000,0x0000,0x0000,0x0000,0x0000,0x0000,0x0000,0x0000,0x0000,0x0000,0x0000,
    0x0000,0x0000,0x0000,0x0000,0x0000,0x0000,0x0000,0x0000,0x0000,0x0000,0x0000,0x0000,
    0x0000,0x0000,0x0000,0x0000,0x0000,0x0000,0x0000,0x0000,0x0000,0x0000,0x0000,0x0000,
    0x0000,0x0000,0x0000,0x0000,0x0000,0x0000,0x0000,0x0000,0x0000,0x0000,0x0000,0x0000,
    0x0000,0x0000,0x0000,0x0000,0x0000,0x0000,0x0000,0x0000,0x0000,0x0000,0x0000,0x0000,
    0x0000,0x0000,0x0000,0x0000,0x0000,0x0000,0x0000,0x0000,0x0000,0x0000,0x0000,0x0000,
    0x0000,0x0000,0x0000,0x0000,0x0000,0x0000,0x0000,0x0000,0x0000,0x0000,0x0000,0x0000,
    0x0000,0x0000,0x0000,0x0000,0x0000,0x0000,0x0000,0x0000,0x0000,0x0000,0x0000,0x0000,
    0x0000,0x0000,0x0000,0x0000,0x0000,0x0000,0x0000,0x0000,0x0000,0x0000,0x0000,0x0000,
    0x0000,0x0000,0x0000,0x0000,0x0000,0x0000,0x0000,0x0000,0x0000,0x0000,0x0000,0x0000,
    0x0000,0x0000,0x0000,0x0000,0x0000,0x0000,0x0000,0x0000,0x0000,0x0000,0x0000,0x0000,
    0x0000,0x0000,0x0000,0x0000,0x0000,0x0000,0x0000,0x0000,0x0000,0x0000,0x0000,0x0000,
    0x0000,0x0000,0x0000,0x0000,0x0000,0x0000,0x0000,0x0000,0x0000,0x0000,0x0000,0x0000,
    0x0000,0x0000,0x0000,0x0000,0x0000,0x0000,0x0000,0x0000,0x0000,0x0000,0x0000,0x0000,
    0x0000,0x0000,0x0000,0x0000,0x0000,0x0000,0x0000,0x0000,0x0000,0x0000,0x0000,0x0000,
    0x0000,0x0000,0x0000,0x0000,0x0000,0x0000,0x0000,0x0000,0x0000,0x0000,0x0000,0x0000,
    0x0000,0x0000,0x0000,0x0000,0x0000,0x0000,0x0000,0x0000,0x0000,0x0000,0x0000,0x0000,
    0x0000,0x0000,0x0000,0x0000,0x0000,0x0000,0x0000,0x0000,0x0000,0x0000,0x0000,0x0000,
    0x0000,0x0000,0x0000,0x0000,0x0000,0x0000,0x0000,0x0000,0x0000,0x0000,0x0000,0x0000,
    0x0000,0x0000,0x0000,0x0000,0x0000,0x0000,0x0000,0x0000,0x0000,0x0000,0x0000,0x0000,
    0x0000,0x0000,0x0000,0x0000,0x0000,0x0000,0x0000,0x0000,0x0000,0x0000,0x0000,0x0000,
    0x0000,0x0000,0x0000,0x0000,0x0000,0x0000,0x0000,0x0000,0x0000,0x0000,0x0000,0x1040,
    0x3081,0x48E2,0x5903,0x6123,0x6123,0x5903,0x48E2,0x3081,0x1040,0x0000,0x0000,0x0000,
    0x0000,0x0000,0x0000,0x0000,0x0000,0x0000,0x0000,0x0000,0x0000,0x0000,0x0000,0x0000,
    0x0000,0x0000,0x0000,0x0000,0x0000,0x0000,0x0000,0x0000,0x0000,0x0000,0x0000,0x0000,
    0x0000,0x0000,0x0000,0x0000,0x0000,0x0000,0x0000,0x0000,0x0000,0x0000,0x0000,0x0000,
    0x0000,0x0000,0x0000,0x0000,0x0000,0x0000,0x0000,0x0000,0x0000,0x0000,0x0000,0x0000,
    0x0000,0x0000,0x0000,0x0000,0x0000,0x0000,0x0000,0x0000,0x0000,0x0000,0x0000,0x0000,
    0x0000,0x0000,0x0000,0x0800,0x40C2,0x81A5,0xBA47,0xDAA8,0xEAE9,0xF2E9,0xFB09,0xFB09,
    0xFB09,0xFB09,0xF2E9,0xEAE9,0xDAA8,0xBA47,0x81A5,0x40C2,0x0820,0x0000,0x0000,0x0000,
    0x0000,0x0000,0x0000,0x0000,0x0000,0x0000,0x0000,0x0000,0x0000,0x0000,0x0000,0x0000,
    0x0000,0x0000,0x0000,0x0000,0x0000,0x0000,0x0000,0x0000,0x0000,0x0000,0x0000,0x0000,
    0x0000,0x0000,0x0000,0x0000,0x0000,0x0000,0x0000,0x0000,0x0000,0x0000,0x0000,0x0000,
    0x0000,0x0000,0x0000,0x0000,0x0000,0x0000,0x0000,0x0000,0x0000,0x0000,0x0000,0x0000,
    0x0000,0x0000,0x0000,0x0000,0x0000,0x0000,0x0000,0x0000,0x0000,0x1861,0x7984,0xCA87,
    0xF2E9,0xFB09,0xF2E9,0xEAC9,0xEAC8,0xE2C8,0xE2C8,0xE2C8,0xE2C8,0xE2C8,0xE2C8,0xEAC8,
    0xEAC9,0xF2E9,0xFB09,0xF2E9,0xCA87,0x7984,0x1861,0x0000,0x0000,0x0000,0x0000,0x0000,
    0x0000,0x0000,0x0000,0x0000,0x0000,0x0000,0x0000,0x0000,0x0000,0x0000,0x0000,0x0000,
    0x0000,0x0000,0x0000,0x0000,0x0000,0x0000,0x0000,0x0000,0x0000,0x0000,0x0000,0x0000,
    0x0000,0x0000,0x0000,0x0000,0x0000,0x0000,0x0000,0x0000,0x0000,0x0000,0x0000,0x0000,
    0x0000,0x0000,0x0000,0x0000,0x0000,0x0000,0x0000,0x0000,0x0000,0x0000,0x0000,0x0000,
    0x0000,0x0000,0x0000,0x1040,0x81A5,0xE2C8,0xFB09,0xF2E9,0xEAC8,0xE2C8,0xEAC8,0xEAC8,
    0xEAC8,0xEAC8,0xEAC8,0xEAC8,0xEAC8,0xEAC8,0xEAC8,0xEAC8,0xEAC8,0xEAC8,0xE2C8,0xEAC8,
    0xF2E9,0xFB09,0xE2C8,0x81A5,0x1040,0x0000,0x0000,0x0000,0x0000,0x0000,0x0000,0x0000,
    0x0000,0x0000,0x0000,0x0000,0x0000,0x0000,0x0000,0x0000,0x0000,0x0000,0x0000,0x0000,
    0x0000,0x0000,0x0000,0x0000,0x0000,0x0000,0x0000,0x0000,0x0000,0x0000,0x0000,0x0000,
    0x0000,0x0000,0x0000,0x0000,0x0000,0x0000,0x0000,0x0000,0x0000,0x0000,0x0000,0x0000,
    0x0000,0x0000,0x0000,0x0000,0x0000,0x0000,0x0000,0x0000,0x0000,0x0000,0x5903,0xDAA8,
    0xFB09,0xEAC9,0xE2C8,0xEAC8,0xEAC8,0xEAC8,0xEAC8,0xEAC8,0xEAC8,0xEAC8,0xEAC8,0xEAC8,
    0xEAC8,0xEAC8,0xEAC8,0xEAC8,0xEAC8,0xEAC8,0xEAC8,0xEAC8,0xEAC8,0xE2C8,0xEAC9,0xFB09,
    0xDAA8,0x5903,0x0000,0x0000,0x0000,0x0000,0x0000,0x0000,0x0000,0x0000,0x0000,0x0000,
    0x0000,0x0000,0x0000,0x0000,0x0000,0x0000,0x0000,0x0000,0x0000,0x0000,0x0000,0x0000,
    0x0000,0x0000,0x0000,0x0000,0x0000,0x0000,0x0000,0x0000,0x0000,0x0000,0x0000,0x0000,
    0x0000,0x0000,0x0000,0x0000,0x0000,0x0000,0x0000,0x0000,0x0000,0x0000,0x0000,0x0000,
    0x0000,0x0000,0x0000,0x0000,0x0820,0x99E5,0xFB09,0xEAE9,0xE2C8,0xEAC8,0xEAC8,0xEAC8,
    0xEAC8,0xEAC8,0xEAC8,0xEAC8,0xEAC8,0xEAC8,0xEAC8,0xEAC8,0xEAC8,0xEAC8,0xEAC8,0xEAC8,
    0xEAC8,0xEAC8,0xEAC8,0xEAC8,0xEAC8,0xEAC8,0xEAC8,0xE2C8,0xEAE9,0xFB09,0x99E6,0x0820,
    0x0000,0x0000,0x0000,0x0000,0x0000,0x0000,0x0000,0x0000,0x0000,0x0000,0x0000,0x0000,
    0x0000,0x0000,0x0000,0x0000,0x0000,0x0000,0x0000,0x0000,0x0000,0x0000,0x0000,0x0000,
    0x0000,0x0000,0x0000,0x0000,0x0000,0x0000,0x0000,0x0000,0x0000,0x0000,0x0000,0x0000,
    0x0000,0x0000,0x0000,0x0000,0x0000,0x0000,0x0000,0x0000,0x0000,0x0000,0x0000,0x1861,
    0xC267,0xFB09,0xE2C8,0xEAC8,0xEAC8,0xEAC8,0xEAC8,0xEAC8,0xE2C8,0xEAC8,0xEAC8,0xEAC8,
    0xEAC8,0xEAC8,0xEAC8,0xEAC8,0xEAC8,0xEAC8,0xEAC8,0xEAC8,0xEAC8,0xEAC8,0xEAC8,0xE2C8,
    0xEAC8,0xEAC8,0xEAC8,0xEAC8,0xEAC8,0xE2C8,0xFB09,0xC267,0x1861,0x0000,0x0000,0x0000,
    0x0000,0x0000,0x0000,0x0000,0x0000,0x0000,0x0000,0x0000,0x0000,0x0000,0x0000,0x0000,
    0x0000,0x0000,0x0000,0x0000,0x0000,0x0000,0x0000,0x0000,0x0000,0x0000,0x0000,0x0000,
    0x0000,0x0000,0x0000,0x0000,0x0000,0x0000,0x0000,0x0000,0x0000,0x0000,0x0000,0x0000,
    0x0000,0x0000,0x0000,0x0000,0x0000,0x0000,0x2061,0xD288,0xF2E9,0xE2C8,0xEAC8,0xEAC8,
    0xEAC8,0xEAC8,0xEAC8,0xEAC9,0xF2E9,0xEAC8,0xEAC8,0xEAC8,0xEAC8,0xEAC8,0xEAC8,0xEAC8,
    0xEAC8,0xEAC8,0xEAC8,0xEAC8,0xEAC8,0xEAC8,0xEAC8,0xF2E9,0xEAC9,0xEAC8,0xEAC8,0xEAC8,
    0xEAC8,0xEAC8,0xE2C8,0xF2E9,0xD288,0x2061,0x0000,0x0000,0x0000,0x0000,0x0000,0x0000,
    0x0000,0x0000,0x0000,0x0000,0x0000,0x0000,0x0000,0x0000,0x0000,0x0000,0x0000,0x0000,
    0x0000,0x0000,0x0000,0x0000,0x0000,0x0000,0x0000,0x0000,0x0000,0x0000,0x0000,0x0000,
    0x0000,0x0000,0x0000,0x0000,0x0000,0x0000,0x0000,0x0000,0x0000,0x0000,0x0000,0x0000,
    0x0000,0x1861,0xD288,0xF2E9,0xE2C8,0xEAC8,0xEAC8,0xEAC8,0xEAC8,0xEAC8,0xEAC9,0xDAA8,
    0xAA06,0xEAC8,0xEAC8,0xEAC8,0xEAC8,0xEAC8,0xEAC8,0xEAC8,0xEAC8,0xEAC8,0xEAC8,0xEAC8,
    0xEAC8,0xEAC8,0xEAC8,0xAA06,0xDAA8,0xEAE9,0xEAC8,0xEAC8,0xEAC8,0xEAC8,0xEAC8,0xE2C8,
    0xF2E9,0xD288,0x1861,0x0000,0x0000,0x0000,0x0000,0x0000,0x0000,0x0000,0x0000,0x0000,
    0x0000,0x0000,0x0000,0x0000,0x0000,0x0000,0x0000,0x0000,0x0000,0x0000,0x0000,0x0000,
    0x0000,0x0000,0x0000,0x0000,0x0000,0x0000,0x0000,0x0000,0x0000,0x0000,0x0000,0x0000,
    0x0000,0x0000,0x0000,0x0000,0x0000,0x0000,0x0000,0x0000,0x0820,0xC267,0xF2E9,0xE2C8,
    0xEAC8,0xEAC8,0xEAC8,0xEAC8,0xEAC8,0xE2C8,0xFAE9,0x40C2,0x0000,0x89A5,0xFB09,0xE2C8,
    0xEAC8,0xEAC8,0xEAC8,0xEAC8,0xEAC8,0xEAC8,0xEAC8,0xEAC8,0xE2C8,0xFB09,0x91C5,0x0000,
    0x40C2,0xF2E9,0xE2C8,0xEAC8,0xEAC8,0xEAC8,0xEAC8,0xEAC8,0xE2C8,0xF2E9,0xC267,0x0820,
    0x0000,0x0000,0x0000,0x0000,0x0000,0x0000,0x0000,0x0000,0x0000,0x0000,0x0000,0x0000,
    0x0000,0x0000,0x0000,0x0000,0x0000,0x0000,0x0000,0x0000,0x0000,0x0000,0x0000,0x0000,
    0x0000,0x0000,0x0000,0x0000,0x0000,0x0000,0x0000,0x0000,0x0000,0x0000,0x0000,0x0000,
    0x0000,0x0000,0x0000,0x0000,0x99E5,0xFB09,0xE2C8,0xE2C8,0xEAC8,0xEAC8,0xEAC8,0xE2C8,
    0xE2C8,0xFB09,0x81A5,0x0000,0x0000,0xA206,0xF2E9,0xE2C8,0xEAC8,0xEAC8,0xEAC8,0xEAC8,
    0xEAC8,0xEAC8,0xEAC8,0xEAC8,0xEAC8,0xF2E9,0xAA06,0x0000,0x0000,0x8185,0xFB09,0xEAC8,
    0xE2C8,0xEAC8,0xEAC8,0xEAC8,0xE2C8,0xE2C8,0xFB09,0x99C5,0x0000,0x0000,0x0000,0x0000,
    0x0000,0x0000,0x0000,0x0000,0x0000,0x0000,0x0000,0x0000,0x0000,0x0000,0x0000,0x0000,
    0x0000,0x0000,0x0000,0x0000,0x0000,0x0000,0x0000,0x0000,0x0000,0x0000,0x0000,0x0000,
    0x0000,0x0000,0x0000,0x0000,0x0000,0x0000,0x0000,0x0000,0x0000,0x0000,0x0000,0x5103,
    0xFB09,0xE2C8,0xF2E9,0xF2E9,0xF2E9,0xEAE9,0xF2E9,0xFB09,0xF2E9,0x8185,0x0000,0x0000,
    0x5903,0xFB09,0xE2C8,0xEAC8,0xEAC8,0xEAC8,0xEAC8,0xEAC8,0xEAC8,0xEAC8,0xEAC8,0xEAC8,
    0xEAC8,0xE2C8,0xFB09,0x5923,0x0000,0x0000,0x8184,0xF2E9,0xFB09,0xF2E9,0xEAE9,0xF2E9,
    0xF2E9,0xF2E9,0xE2C8,0xFB09,0x5103,0x0000,0x0000,0x0000,0x0000,0x0000,0x0000,0x0000,
    0x0000,0x0000,0x0000,0x0000,0x0000,0x0000,0x0000,0x0000,0x0000,0x0000,0x0000,0x0000,
    0x0000,0x0000,0x0000,0x0000,0x0000,0x0000,0x0000,0x0000,0x0000,0x0000,0x0000,0x0000,
    0x0000,0x0000,0x0000,0x0000,0x0000,0x0000,0x1020,0xDAA8,0xEAC9,0xEAE9,0xCA67,0xA206,
    0xCA67,0xD288,0xC267,0x99C5,0x38C2,0x0000,0x0000,0x38C2,0xEAC8,0xEAC8,0xEAC8,0xEAC8,
    0xEAC8,0xEAC8,0xEAC8,0xEAC8,0xEAC8,0xEAC8,0xEAC8,0xEAC8,0xEAC8,0xEAC8,0xEAC8,0xEAC8,
    0x40C2,0x0000,0x0000,0x38A2,0x99C5,0xC267,0xD288,0xCA67,0xA206,0xCA67,0xEAE9,0xEAC9,
    0xDAA8,0x1020,0x0000,0x0000,0x0000,0x0000,0x0000,0x0000,0x0000,0x0000,0x0000,0x0000,
    0x0000,0x0000,0x0000,0x0000,0x0000,0x0000,0x0000,0x0000,0x0000,0x0000,0x0000,0x0000,
    0x0000,0x0000,0x0000,0x0000,0x0000,0x0000,0x0000,0x0000,0x0000,0x0000,0x0000,0x0000,
    0x0000,0x0000,0x8185,0xFB09,0xE2C8,0xEAC9,0x2061,0x0000,0x0000,0x0820,0x0000,0x0000,
    0x0000,0x0000,0x6123,0xEAC8,0xEAC9,0xEAC8,0xEAC8,0xEAC8,0xEAC8,0xEAC8,0xEAC8,0xEAC8,
    0xEAC8,0xEAC8,0xEAC8,0xEAC8,0xEAC8,0xEAC8,0xEAC8,0xEAC9,0xEAC8,0x6123,0x0000,0x0000,
    0x0000,0x0000,0x0820,0x0000,0x0000,0x1841,0xEAC8,0xE2C8,0xFB09,0x8185,0x0000,0x0000,
    0x0000,0x0000,0x0000,0x0000,0x0000,0x0000,0x0000,0x0000,0x0000,0x0000,0x0000,0x0000,
    0x0000,0x0000,0x0000,0x0000,0x0000,0x0000,0x0000,0x0000,0x0000,0x0000,0x0000,0x0000,
    0x0000,0x0000,0x0000,0x0000,0x0000,0x0000,0x0000,0x0000,0x0000,0x1841,0xE2C8,0xEAC8,
    0xEAC8,0xF2E9,0x6944,0x1840,0x0000,0x0000,0x0000,0x1841,0x5103,0xBA27,0xFB09,0xEAC8,
    0xE2C8,0xEAC8,0xEAC8,0xEAC8,0xEAC8,0xEAC8,0xEAC8,0xEAC8,0xEAC8,0xEAC8,0xEAC8,0xEAC8,
    0xEAC8,0xEAC8,0xEAC8,0xE2C8,0xEAC8,0xFB09,0xBA27,0x5103,0x1841,0x0000,0x0000,0x0000,
    0x1040,0x6944,0xEAE9,0xEAC8,0xEAC8,0xE2C8,0x1841,0x0000,0x0000,0x0000,0x0000,0x0000,
    0x0000,0x0000,0x0000,0x0000,0x0000,0x0000,0x0000,0x0000,0x0000,0x0000,0x0000,0x0000,
    0x0000,0x0000,0x0000,0x0000,0x0000,0x0000,0x0000,0x0000,0x0000,0x0000,0x0000,0x0000,
    0x0000,0x0000,0x0000,0x0000,0x0000,0x7964,0xFB09,0xE2C8,0xEAC8,0xEAC8,0xF2E9,0xDAA8,
    0xC247,0xBA47,0xC267,0xE2C8,0xFB29,0xEAC9,0xDAA8,0xF2E9,0xEAC9,0xEAC8,0xEAC8,0xEAC8,
    0xEAC8,0xEAC8,0xEAC8,0xEAC8,0xEAC8,0xEAC8,0xEAC8,0xEAC8,0xEAC8,0xEAC8,0xEAC8,0xEAC9,
    0xF2E9,0xE2A8,0xEAE9,0xFB2A,0xE2C8,0xC267,0xBA47,0xC247,0xDAA8,0xF2E9,0xEAC8,0xEAC8,
    0xE2C8,0xFB09,0x7964,0x0000,0x0000,0x0000,0x0000,0x0000,0x0000,0x0000,0x0000,0x0000,
    0x0000,0x0000,0x0000,0x0000,0x0000,0x0000,0x0000,0x0000,0x0000,0x0000,0x0000,0x0000,
    0x0000,0x0000,0x0000,0x0000,0x0000,0x0000,0x0000,0x0000,0x0000,0x0000,0x0000,0x0000,
    0x0800,0xCA67,0xF2E9,0xEAC8,0xEAC8,0xEAC8,0xEAC8,0xEAC9,0xF2E9,0xF2E9,0xF2E9,0xE2C8,
    0x5903,0x1841,0x1841,0x6123,0xE2A8,0xEAE9,0xEAC8,0xEAC8,0xEAC8,0xEAC8,0xEAC8,0xEAC8,
    0xEAC8,0xEAC8,0xEAC8,0xEAC8,0xEAC8,0xEAC8,0xEAE9,0xE2A8,0x6123,0x1861,0x1841,0x6123,
    0xE2C8,0xF2E9,0xF2E9,0xF2E9,0xEAC9,0xEAC8,0xEAC8,0xEAC8,0xEAC8,0xF2E9,0xCA67,0x0800,
    0x0000,0x0000,0x0000,0x0000,0x0000,0x0000,0x0000,0x0000,0x0000,0x0000,0x0000,0x0000,
    0x0000,0x0000,0x0000,0x0000,0x0000,0x0000,0x0000,0x0000,0x0000,0x0000,0x0000,0x0000,
    0x0000,0x0000,0x0000,0x0000,0x0000,0x0000,0x0000,0x0000,0x40C2,0xF2E9,0xE2C8,0xEAC8,
    0xEAC8,0xEAC8,0xEAC8,0xEAC8,0xEAC8,0xE2C8,0xEAC9,0x38C2,0x0000,0x0000,0x0000,0x0000,
    0x40C2,0xF2E9,0xEAC8,0xEAC8,0xEAC8,0xEAC8,0xEAC8,0xEAC8,0xEAC8,0xEAC8,0xEAC8,0xEAC8,
    0xEAC8,0xEAC8,0xF2E9,0x40C2,0x0000,0x0000,0x0000,0x0000,0x40C2,0xEAE9,0xE2C8,0xEAC8,
    0xEAC8,0xEAC8,0xEAC8,0xEAC8,0xEAC8,0xE2C8,0xF2E9,0x40C2,0x0000,0x0000,0x0000,0x0000,
    0x0000,0x0000,0x0000,0x0000,0x0000,0x0000,0x0000,0x0000,0x0000,0x0000,0x0000,0x0000,
    0x0000,0x0000,0x0000,0x0000,0x0000,0x0000,0x0000,0x0000,0x0000,0x0000,0x0000,0x0000,
    0x0000,0x0000,0x0000,0x0000,0x8185,0xFB09,0xE2C8,0xEAC8,0xEAC8,0xEAC8,0xEAC8,0xEAC8,
    0xEAC8,0xF2E9,0xB226,0x0000,0x0000,0x0000,0x0000,0x0000,0x0000,0xB226,0xF2E9,0xEAC8,
    0xEAC8,0xEAC8,0xEAC8,0xEAC8,0xEAC8,0xEAC8,0xEAC8,0xEAC8,0xEAC8,0xF2E9,0xB226,0x0000,
    0x0000,0x0000,0x0000,0x0000,0x0000,0xB226,0xF2E9,0xEAC8,0xEAC8,0xEAC8,0xEAC8,0xEAC8,
    0xEAC8,0xE2C8,0xFB09,0x8185,0x0000,0x0000,0x0000,0x0000,0x0000,0x0000,0x0000,0x0000,
    0x0000,0x0000,0x0000,0x0000,0x0000,0x0000,0x0000,0x0000,0x0000,0x0000,0x0000,0x0000,
    0x0000,0x0000,0x0000,0x0000,0x0000,0x0000,0x0000,0x0000,0x0000,0x0000,0x0000,0x0000,
    0xBA47,0xF2E9,0xEAC8,0xEAC8,0xEAC8,0xEAC8,0xEAC8,0xEAC8,0xE2C8,0xFB09,0x99E5,0x0000,
    0x0000,0x0000,0x0000,0x0000,0x0000,0x99E5,0xFB09,0xE2C8,0xEAC8,0xEAC8,0xEAC8,0xEAC8,
    0xEAC8,0xEAC8,0xEAC8,0xEAC8,0xE2C8,0xFB09,0x99E5,0x0000,0x0000,0x0000,0x0000,0x0000,
    0x0000,0x99E5,0xFB09,0xE2C8,0xEAC8,0xEAC8,0xEAC8,0xEAC8,0xEAC8,0xEAC8,0xF2E9,0xBA47,
    0x0000,0x0000,0x0000,0x0000,0x0000,0x0000,0x0000,0x0000,0x0000,0x0000,0x0000,0x0000,
    0x0000,0x0000,0x0000,0x0000,0x0000,0x0000,0x0000,0x0000,0x0000,0x0000,0x0000,0x0000,
    0x0000,0x0000,0x0000,0x0000,0x0000,0x0000,0x0000,0x1040,0xDAA8,0xEAC9,0xEAC8,0xEAC8,
    0xEAC8,0xEAC8,0xEAC8,0xEAC8,0xEAC8,0xF2E9,0xC267,0x0000,0x0000,0x0000,0x0000,0x0000,
    0x0000,0xCA67,0xF2E9,0xEAC8,0xEAC8,0xEAC8,0xEAC8,0xEAC8,0xEAC8,0xEAC8,0xEAC8,0xEAC8,
    0xEAC8,0xF2E9,0xC267,0x0000,0x0000,0x0000,0x0000,0x0000,0x0000,0xC267,0xF2E9,0xE2C8,
    0xEAC9,0xF2E9,0xF2E9,0xF2E9,0xE2C8,0xEAC8,0xEAC9,0xDAA8,0x1020,0x0000,0x0000,0x0000,
    0x0000,0x0000,0x0000,0x0000,0x0000,0x0000,0x0000,0x0000,0x0000,0x0000,0x0000,0x0000,
    0x0000,0x0000,0x0000,0x0000,0x0000,0x0000,0x0000,0x0000,0x0000,0x0000,0x0000,0x0000,
    0x0000,0x0000,0x0000,0x3081,0xEAE9,0xEAC8,0xEAC8,0xEAC8,0xEAC8,0xEAC8,0xEAC8,0xEAC8,
    0xEAC8,0xE2C8,0xF2E9,0x7164,0x0000,0x0000,0x0000,0x0000,0x7164,0xF2E9,0xE2C8,0xEAC8,
    0xEAC8,0xEAC8,0xEAC8,0xEAC8,0xEAC8,0xEAC8,0xEAC8,0xEAC8,0xEAC8,0xE2C8,0xF2E9,0x7144,
    0x0000,0x0000,0x0000,0x0000,0x7144,0xF2E9,0xE2C8,0xEAE9,0xE2A8,0x5103,0x30A2,0xAA06,
    0xFAE9,0xE2C8,0xEAC8,0xEAE9,0x3081,0x0000,0x0000,0x0000,0x0000,0x0000,0x0000,0x0000,
    0x0000,0x0000,0x0000,0x0000,0x0000,0x0000,0x0000,0x0000,0x0000,0x0000,0x0000,0x0000,
    0x0000,0x0000,0x0000,0x0000,0x0000,0x0000,0x0000,0x0000,0x0000,0x0000,0x0000,0x48E2,
    0xF2E9,0xE2C8,0xEAC8,0xEAC8,0xEAC8,0xEAC8,0xEAC8,0xEAC8,0xEAC8,0xEAC8,0xEAC8,0xF2E9,
    0xA1E6,0x5103,0x5103,0xA1E6,0xF2E9,0xEAC8,0xEAC8,0xEAC8,0xEAC8,0xEAC8,0xEAC8,0xEAC8,
    0xEAC8,0xEAC8,0xEAC8,0xEAC8,0xEAC8,0xEAC8,0xEAC8,0xF2E9,0x99E5,0x50E3,0x50E3,0x99E6,
    0xF2E9,0xEAC8,0xEAC8,0xF2E9,0x40C2,0x0000,0x0000,0x0000,0xBA47,0xF2E9,0xE2C8,0xF2E9,
    0x48E2,0x0000,0x0000,0x0000,0x0000,0x0000,0x0000,0x0000,0x0000,0x0000,0x0000,0x0000,
    0x0000,0x0000,0x0000,0x0000,0x0000,0x0000,0x0000,0x0000,0x0000,0x0000,0x0000,0x0000,
    0x0000,0x0000,0x0000,0x0000,0x0000,0x0000,0x0000,0x5903,0xFB09,0xE2C8,0xEAC8,0xEAC8,
    0xEAC8,0xEAC8,0xEAC8,0xEAC8,0xEAC8,0xEAC8,0xEAC8,0xEAC8,0xF2E9,0xFB09,0xFB09,0xF2E9,
    0xEAC8,0xEAC8,0xEAC8,0xEAC8,0xEAC8,0xEAC8,0xEAC8,0xEAC8,0xEAC8,0xEAC8,0xEAC8,0xEAC8,
    0xEAC8,0xEAC8,0xEAC8,0xEAC8,0xFAE9,0xFAE9,0xFAE9,0xFAE9,0xEAC8,0xE2C8,0xFB09,0x7964,
    0x0000,0x0821,0x10A3,0x0000,0x2061,0xE2C8,0xEAC8,0xFB09,0x5903,0x0000,0x0000,0x0000,
    0x0000,0x0000,0x0000,0x0000,0x0000,0x0000,0x0000,0x0000,0x0000,0x0000,0x0000,0x0000,
    0x0000,0x0000,0x0000,0x0000,0x0000,0x0000,0x0000,0x0000,0x0000,0x0000,0x0000,0x0000,
    0x0000,0x0000,0x0000,0x6123,0xFB09,0xE2C8,0xEAC8,0xEAC8,0xEAC8,0xEAC8,0xEAC8,0xEAC8,
    0xEAC8,0xEAC8,0xEAC8,0xEAC8,0xE2C8,0xE2C8,0xE2C8,0xE2C8,0xEAC8,0xEAC8,0xEAC8,0xEAC8,
    0xEAC8,0xEAC8,0xEAC8,0xEAC8,0xEAC8,0xEAC8,0xEAC8,0xEAC8,0xEAC8,0xEAC8,0xEAC8,0xEAC8,
    0xE2C8,0xE2C8,0xE2C8,0xE2C8,0xEAC8,0xF2E9,0xCA67,0x0820,0x0000,0x4B4F,0x85DA,0x0041,
    0x0000,0x7964,0xF2E9,0xF2E9,0x6123,0x0000,0x0000,0x0000,0x0000,0x0000,0x0000,0x0000,
    0x0000,0x0000,0x0000,0x0000,0x0000,0x0000,0x0000,0x0000,0x0000,0x0000,0x0000,0x0000,
    0x0000,0x0000,0x0000,0x0000,0x0000,0x0000,0x0000,0x0000,0x0000,0x0000,0x0000,0x6123,
    0xFB09,0xE2C8,0xEAC8,0xEAC8,0xEAC8,0xEAC8,0xEAC8,0xEAC8,0xEAC8,0xEAC8,0xEAC8,0xEAC8,
    0xEAC8,0xEAC8,0xEAC8,0xEAC8,0xEAC8,0xEAC8,0xEAC8,0xEAC8,0xEAC8,0xEAC8,0xEAC8,0xEAC8,
    0xEAC8,0xEAC8,0xEAC8,0xEAC8,0xEAC8,0xEAC8,0xEAC8,0xEAC8,0xEAC8,0xEAC8,0xEAC8,0xEAC8,
    0xE2C8,0xFB09,0x6944,0x0000,0x10E4,0x8E7D,0xA73F,0x4B4F,0x0000,0x1861,0xDAA8,0xFB09,
    0x6123,0x0000,0x0000,0x0000,0x0000,0x0000,0x0000,0x0000,0x0000,0x0000,0x0000,0x0000,
    0x0000,0x0000,0x0000,0x0000,0x0000,0x0000,0x0000,0x0000,0x0000,0x0000,0x0000,0x0000,
    0x0000,0x0000,0x0000,0x0000,0x0000,0x0000,0x0000,0x5903,0xFB09,0xE2C8,0xEAC8,0xEAC8,
    0xEAC8,0xEAC8,0xEAC8,0xEAC8,0xEAC8,0xEAC8,0xEAC8,0xEAC8,0xEAC8,0xEAC8,0xEAC8,0xEAC8,
    0xEAC8,0xEAC8,0xEAC8,0xEAC8,0xEAC8,0xEAC8,0xEAC8,0xEAC8,0xEAC8,0xEAC8,0xEAC8,0xEAC8,
    0xEAC8,0xEAC8,0xEAC8,0xEAC8,0xEAC8,0xEAC8,0xEAC8,0xEAC8,0xEAC8,0xEAC8,0x2882,0x0000,
    0x53B0,0x9F1F,0x96BE,0x85FB,0x0841,0x0000,0xAA06,0xFB2A,0x5903,0x0000,0x0000,0x0000,
    0x0000,0x0000,0x0000,0x0000,0x0000,0x0000,0x0000,0x0000,0x0000,0x0000,0x0000,0x0000,
    0x0000,0x0000,0x0000,0x0000,0x0000,0x0000,0x0000,0x0000,0x0000,0x0000,0x0000,0x0000,
    0x0000,0x0000,0x0000,0x48E2,0xF2E9,0xE2C8,0xEAC8,0xEAC8,0xEAC8,0xEAC8,0xEAC8,0xEAC8,
    0xEAC8,0xEAC8,0xEAC8,0xEAC8,0xEAC8,0xEAC8,0xEAC8,0xEAC8,0xEAC8,0xEAC8,0xEAC8,0xEAC8,
    0xEAC8,0xEAC8,0xEAC8,0xEAC8,0xEAC8,0xEAC8,0xEAC8,0xEAC8,0xEAC8,0xEAC8,0xEAC8,0xEAC8,
    0xEAC8,0xEAC8,0xEAC8,0xEAC8,0xEAE9,0xD288,0x0820,0x0000,0x7538,0x96DF,0x8E7D,0x96BF,
    0x2166,0x0000,0x81A5,0xFB2A,0x40C2,0x0000,0x0000,0x0000,0x0000,0x0000,0x0000,0x0000,
    0x0000,0x0000,0x0000,0x0000,0x0000,0x0000,0x0000,0x0000,0x0000,0x0000,0x0000,0x0000,
    0x0000,0x0000,0x0000,0x0000,0x0000,0x0000,0x0000,0x0000,0x0000,0x0000,0x0000,0x3081,
    0xEAE9,0xEAC8,0xEAC8,0xEAC8,0xEAC8,0xEAC8,0xEAC8,0xEAC8,0xEAC8,0xEAC8,0xEAC8,0xEAC8,
    0xEAC8,0xEAC8,0xEAC8,0xE2C8,0xE2C8,0xE2C8,0xE2C8,0xE2C8,0xE2C8,0xE2C8,0xE2C8,0xE2C8,
    0xE2C8,0xE2C8,0xE2C8,0xE2C8,0xE2C8,0xE2C8,0xE2C8,0xE2C8,0xE2C8,0xEAC8,0xEAC8,0xEAC8,
    0xEAE9,0xDAA8,0x1040,0x0000,0x6CD6,0xA75F,0x96DF,0x96DF,0x1904,0x0000,0x89A5,0xFB09,
    0x2881,0x0000,0x0000,0x0000,0x0000,0x0000,0x0000,0x0000,0x0000,0x0000,0x0000,0x0000,
    0x0000,0x0000,0x0000,0x0000,0x0000,0x0000,0x0000,0x0000,0x0000,0x0000,0x0000,0x0000,
    0x0000,0x0000,0x0000,0x0000,0x0000,0x0000,0x0000,0x1040,0xDAA8,0xEAC9,0xEAC8,0xEAC8,
    0xEAC8,0xEAC8,0xEAC8,0xEAC8,0xEAC8,0xEAC8,0xEAC8,0xEAC8,0xEAC8,0xE2C8,0xF2E9,0xFB09,
    0xFB09,0xFB09,0xFB09,0xFB09,0xFB09,0xFB09,0xFB09,0xFB09,0xFB09,0xFB09,0xFB09,0xFB09,
    0xFB09,0xFB09,0xFB09,0xFB09,0xFB09,0xF2E9,0xE2C8,0xEAC8,0xEAC8,0xF2E9,0x40C2,0x0000,
    0x1925,0x7538,0x861B,0x42CD,0x0000,0x0000,0xCA67,0xE2C8,0x1020,0x0000,0x0000,0x0000,
    0x0000,0x0000,0x0000,0x0000,0x0000,0x0000,0x0000,0x0000,0x0000,0x0000,0x0000,0x0000,
    0x0000,0x0000,0x0000,0x0000,0x0000,0x0000,0x0000,0x0000,0x0000,0x0000,0x0000,0x0000,
    0x0000,0x0000,0x0000,0x0000,0xBA47,0xF2E9,0xEAC8,0xEAC8,0xEAC8,0xEAC8,0xEAC8,0xEAC8,
    0xEAC8,0xEAC8,0xEAC8,0xEAC8,0xEAC9,0xF2E9,0xC267,0x91C5,0x89A5,0x89A5,0x89A5,0x89A5,
    0x89A5,0x89A5,0x89A5,0x89A5,0x89A5,0x89A5,0x89A5,0x89A5,0x89A5,0x89A5,0x89A5,0x89A5,
    0x91C5,0xC267,0xF2E9,0xEAC9,0xE2C8,0xF2E9,0xBA47,0x0000,0x0000,0x0000,0x0020,0x0000,
    0x0000,0x6944,0xFB09,0xB227,0x0000,0x0000,0x0000,0x0000,0x0000,0x0000,0x0000,0x0000,
    0x0000,0x0000,0x0000,0x0000,0x0000,0x0000,0x0000,0x0000,0x0000,0x0000,0x0000,0x0000,
    0x0000,0x0000,0x0000,0x0000,0x0000,0x0000,0x0000,0x0000,0x0000,0x0000,0x0000,0x0000,
    0x8185,0xFB09,0xE2C8,0xEAC8,0xEAC8,0xEAC8,0xEAC8,0xEAC8,0xEAC8,0xEAC8,0xEAC8,0xEAC9,
    0xEAC8,0x5923,0x0000,0x0000,0x0000,0x0000,0x0000,0x0000,0x0000,0x0000,0x0000,0x0000,
    0x0000,0x0000,0x0000,0x0000,0x0000,0x0000,0x0000,0x0000,0x0000,0x0000,0x5923,0xEAC8,
    0xEAC9,0xE2C8,0xF2E9,0xBA27,0x30A2,0x0000,0x0000,0x1861,0x7984,0xEAC9,0xFB09,0x8185,
    0x0000,0x0000,0x0000,0x0000,0x0000,0x0000,0x0000,0x0000,0x0000,0x0000,0x0000,0x0000,
    0x0000,0x0000,0x0000,0x0000,0x0000,0x0000,0x0000,0x0000,0x0000,0x0000,0x0000,0x0000,
    0x0000,0x0000,0x0000,0x0000,0x0000,0x0000,0x0000,0x0000,0x40C2,0xF2E9,0xE2C8,0xEAC8,
    0xEAC8,0xEAC8,0xEAC8,0xEAC8,0xEAC8,0xEAC8,0xEAC8,0xF2E9,0x50E3,0x0000,0x0000,0x0000,
    0x0000,0x0000,0x0000,0x0000,0x0000,0x0000,0x0000,0x0020,0x0020,0x0000,0x0000,0x0000,
    0x0000,0x0000,0x0000,0x0000,0x0000,0x0000,0x0000,0x48E2,0xF2E9,0xEAC8,0xE2C8,0xF2E9,
    0xEAE9,0xCA67,0xC247,0xDAA8,0xFB09,0xE2C8,0xF2E9,0x40C2,0x0000,0x0000,0x0000,0x0000,
    0x0000,0x0000,0x0000,0x0000,0x0000,0x0000,0x0000,0x0000,0x0000,0x0000,0x0000,0x0000,
    0x0000,0x0000,0x0000,0x0000,0x0000,0x0000,0x0000,0x0000,0x0000,0x0000,0x0000,0x0000,
    0x0000,0x0000,0x0000,0x0000,0x0800,0xCA67,0xF2E9,0xEAC8,0xEAC8,0xEAC8,0xEAC8,0xEAC8,
    0xEAC8,0xE2C8,0xF2E9,0xAA06,0x0000,0x0000,0x0000,0x0000,0x0000,0x0000,0x0000,0x0000,
    0x0000,0x0000,0x0000,0x0000,0x0000,0x0000,0x0000,0x0000,0x0000,0x0000,0x0000,0x0000,
    0x0000,0x0000,0x0000,0x0000,0xAA06,0xF2E9,0xE2C8,0xE2C8,0xEAC8,0xF2E9,0xF2E9,0xEAC9,
    0xE2C8,0xF2E9,0xCA67,0x0800,0x0000,0x0000,0x0000,0x0000,0x0000,0x0000,0x0000,0x0000,
    0x0000,0x0000,0x0000,0x0000,0x0000,0x0000,0x0000,0x0000,0x0000,0x0000,0x0000,0x0000,
    0x0000,0x0000,0x0000,0x0000,0x0000,0x0000,0x0000,0x0000,0x0000,0x0000,0x0000,0x0000,
    0x0000,0x7964,0xFB09,0xE2C8,0xEAC8,0xEAC8,0xEAC8,0xEAC8,0xEAC8,0xE2C8,0xFB09,0x5923,
    0x0000,0x0000,0x0000,0x0000,0x0000,0x0000,0x0000,0x0000,0x0020,0x20C3,0x4166,0x51C8,
    0x51A7,0x3946,0x18A2,0x0000,0x0000,0x0000,0x0000,0x0000,0x0000,0x0000,0x0000,0x0000,
    0x5923,0xFB09,0xE2C8,0xEAC8,0xEAC8,0xEAC8,0xEAC8,0xEAC8,0xE2C8,0xFB09,0x7964,0x0000,
    0x0000,0x0000,0x0000,0x0000,0x0000,0x0000,0x0000,0x0000,0x0000,0x0000,0x0000,0x0000,
    0x0000,0x0000,0x0000,0x0000,0x0000,0x0000,0x0000,0x0000,0x0000,0x0000,0x0000,0x0000,
    0x0000,0x0000,0x0000,0x0000,0x0000,0x0000,0x0000,0x0000,0x0000,0x1841,0xE2C8,0xEAC8,
    0xEAC8,0xEAC8,0xEAC8,0xEAC8,0xEAC8,0xE2C8,0xF2E9,0x48E2,0x0000,0x0000,0x0000,0x0000,
    0x0000,0x0000,0x1062,0xA34F,0xDC95,0xFD37,0xFD79,0xFD99,0xFD99,0xFD78,0xF517,0xD453,
    0x930D,0x1061,0x0000,0x0000,0x0000,0x0000,0x0000,0x0000,0x40C2,0xF2E9,0xE2C8,0xEAC8,
    0xEAC8,0xEAC8,0xEAC8,0xEAC8,0xEAC8,0xE2C8,0x1841,0x0000,0x0000,0x0000,0x0000,0x0000,
    0x0000,0x0000,0x0000,0x0000,0x0000,0x0000,0x0000,0x0000,0x0000,0x0000,0x0000,0x0000,
    0x0000,0x0000,0x0000,0x0000,0x0000,0x0000,0x0000,0x0000,0x0000,0x0000,0x0000,0x0000,
    0x0000,0x0000,0x0000,0x0000,0x0000,0x0000,0x8185,0xFB09,0xE2C8,0xEAC8,0xEAC8,0xEAC8,
    0xEAC8,0xE2C8,0xFB09,0x5923,0x0000,0x0000,0x0000,0x0000,0x0000,0x0000,0x20C3,0xFD79,
    0xFD78,0xFD38,0xFD37,0xFD37,0xFD37,0xFD37,0xFD58,0xFD79,0xFD99,0x28C3,0x0000,0x0000,
    0x0000,0x0000,0x0000,0x0000,0x5903,0xFB09,0xE2C8,0xEAC8,0xEAC8,0xEAC8,0xEAC8,0xE2C8,
    0xFB09,0x8185,0x0000,0x0000,0x0000,0x0000,0x0000,0x0000,0x0000,0x0000,0x0000,0x0000,
    0x0000,0x0000,0x0000,0x0000,0x0000,0x0000,0x0000,0x0000,0x0000,0x0000,0x0000,0x0000,
    0x0000,0x0000,0x0000,0x0000,0x0000,0x0000,0x0000,0x0000,0x0000,0x0000,0x0000,0x0000,
    0x0000,0x0000,0x1020,0xDAA8,0xEAE9,0xEAC8,0xEAC8,0xEAC8,0xEAC8,0xE2C8,0xFAE9,0xA1E6,
    0x0000,0x0000,0x0000,0x0000,0x0000,0x0000,0x1041,0xECD6,0xFD58,0xFD37,0xFD38,0xFD38,
    0xFD38,0xFD38,0xFD37,0xFD58,0xECD6,0x1061,0x0000,0x0000,0x0000,0x0000,0x0000,0x0000,
    0xA1E6,0xFAE9,0xE2C8,0xEAC8,0xEAC8,0xEAC8,0xEAC8,0xEAE9,0xDAA8,0x1020,0x0000,0x0000,
    0x0000,0x0000,0x0000,0x0000,0x0000,0x0000,0x0000,0x0000,0x0000,0x0000,0x0000,0x0000,
    0x0000,0x0000,0x0000,0x0000,0x0000,0x0000,0x0000,0x0000,0x0000,0x0000,0x0000,0x0000,
    0x0000,0x0000,0x0000,0x0000,0x0000,0x0000,0x0000,0x0000,0x0000,0x0000,0x0000,0x5103,
    0xFB09,0xE2C8,0xEAC8,0xEAC8,0xEAC8,0xEAC8,0xEAC8,0xF2E9,0x40C2,0x0000,0x0000,0x0000,
    0x0000,0x0000,0x0000,0xD453,0xFD78,0xFD37,0xFD38,0xFD38,0xFD38,0xFD38,0xFD37,0xFD78,
    0xD474,0x0000,0x0000,0x0000,0x0000,0x0000,0x0000,0x40C2,0xF2E9,0xEAC8,0xEAC8,0xEAC8,
    0xEAC8,0xEAC8,0xE2C8,0xFB09,0x5103,0x0000,0x0000,0x0000,0x0000,0x0000,0x0000,0x0000,
    0x0000,0x0000,0x0000,0x0000,0x0000,0x0000,0x0000,0x0000,0x0000,0x0000,0x0000,0x0000,
    0x0000,0x0000,0x0000,0x0000,0x0000,0x0000,0x0000,0x0000,0x0000,0x0000,0x0000,0x0000,
    0x0000,0x0000,0x0000,0x0000,0x0000,0x0000,0x0000,0x0000,0x99C5,0xFB09,0xE2C8,0xEAC8,
    0xEAC8,0xEAC8,0xEAC8,0xEAE9,0xE2C8,0x50E3,0x0000,0x0000,0x0000,0x0000,0x0000,0xA36F,
    0xFD99,0xFD37,0xFD38,0xFD38,0xFD38,0xFD38,0xFD37,0xFD99,0xAB6F,0x0000,0x0000,0x0000,
    0x0000,0x0000,0x50E3,0xE2A8,0xEAE9,0xEAC8,0xEAC8,0xEAC8,0xEAC8,0xE2C8,0xFB09,0x99C5,
    0x0000,0x0000,0x0000,0x0000,0x0000,0x0000,0x0000,0x0000,0x0000,0x0000,0x0000,0x0000,
    0x0000,0x0000,0x0000,0x0000,0x0000,0x0000,0x0000,0x0000,0x0000,0x0000,0x0000,0x0000,
    0x0000,0x0000,0x0000,0x0000,0x0000,0x0000,0x0000,0x0000,0x0000,0x0000,0x0000,0x0000,
    0x0000,0x0000,0x0000,0x0000,0x0820,0xC267,0xF2E9,0xE2C8,0xEAC8,0xEAC8,0xEAC8,0xEAC8,
    0xEAC9,0xF2E9,0xBA47,0x81A5,0x8185,0x3082,0x0000,0x6A09,0xFD99,0xFD37,0xFD38,0xFD38,
    0xFD38,0xFD38,0xFD37,0xFD99,0x6A29,0x0000,0x2882,0x8185,0x81A5,0xBA27,0xF2E9,0xEAC9,
    0xEAC8,0xEAC8,0xEAC8,0xEAC8,0xE2C8,0xF2E9,0xC267,0x0820,0x0000,0x0000,0x0000,0x0000,
    0x0000,0x0000,0x0000,0x0000,0x0000,0x0000,0x0000,0x0000,0x0000,0x0000,0x0000,0x0000,
    0x0000,0x0000,0x0000,0x0000,0x0000,0x0000,0x0000,0x0000,0x0000,0x0000,0x0000,0x0000,
    0x0000,0x0000,0x0000,0x0000,0x0000,0x0000,0x0000,0x0000,0x0000,0x0000,0x0000,0x0000,
    0x0000,0x1841,0xD288,0xF2E9,0xE2C8,0xEAC8,0xEAC8,0xEAC8,0xEAC8,0xEAC8,0xF2E9,0xF2E9,
    0xFB2A,0x89A5,0x0000,0x20A2,0xF517,0xFD58,0xFD38,0xFD38,0xFD38,0xFD38,0xFD58,0xF517,
    0x20A2,0x0000,0x89A5,0xFB2A,0xF2E9,0xF2E9,0xEAC8,0xEAC8,0xEAC8,0xEAC8,0xEAC8,0xE2C8,
    0xF2E9,0xD288,0x1841,0x0000,0x0000,0x0000,0x0000,0x0000,0x0000,0x0000,0x0000,0x0000,
    0x0000,0x0000,0x0000,0x0000,0x0000,0x0000,0x0000,0x0000,0x0000,0x0000,0x0000,0x0000,
    0x0000,0x0000,0x0000,0x0000,0x0000,0x0000,0x0000,0x0000,0x0000,0x0000,0x0000,0x0000,
    0x0000,0x0000,0x0000,0x0000,0x0000,0x0000,0x0000,0x0000,0x0000,0x0000,0x2061,0xD288,
    0xF2E9,0xE2C8,0xEAC8,0xEAC8,0xEAC8,0xEAC8,0xEAC8,0xE2C8,0xEAC9,0xCA87,0x0820,0x0000,
    0xAB6F,0xFD99,0xFD37,0xFD38,0xFD38,0xFD37,0xFD99,0xAB6F,0x0000,0x0820,0xCA67,0xEAC9,
    0xE2C8,0xEAC8,0xEAC8,0xEAC8,0xEAC8,0xEAC8,0xE2C8,0xF2E9,0xD288,0x2061,0x0000,0x0000,
    0x0000,0x0000,0x0000,0x0000,0x0000,0x0000,0x0000,0x0000,0x0000,0x0000,0x0000,0x0000,
    0x0000,0x0000,0x0000,0x0000,0x0000,0x0000,0x0000,0x0000,0x0000,0x0000,0x0000,0x0000,
    0x0000,0x0000,0x0000,0x0000,0x0000,0x0000,0x0000,0x0000,0x0000,0x0000,0x0000,0x0000,
    0x0000,0x0000,0x0000,0x0000,0x0000,0x0000,0x0000,0x1861,0xC267,0xFB09,0xE2C8,0xEAC8,
    0xEAC8,0xEAC8,0xEAC8,0xEAC8,0xE2C8,0xFB09,0x5103,0x0000,0x28E4,0xFD58,0xFD58,0xFD37,
    0xFD37,0xFD58,0xFD58,0x28E4,0x0000,0x5103,0xFB09,0xE2C8,0xEAC8,0xEAC8,0xEAC8,0xEAC8,
    0xEAC8,0xE2C8,0xFB09,0xC267,0x1861,0x0000,0x0000,0x0000,0x0000,0x0000,0x0000,0x0000,
    0x0000,0x0000,0x0000,0x0000,0x0000,0x0000,0x0000,0x0000,0x0000,0x0000,0x0000,0x0000,
    0x0000,0x0000,0x0000,0x0000,0x0000,0x0000,0x0000,0x0000,0x0000,0x0000,0x0000,0x0000,
    0x0000,0x0000,0x0000,0x0000,0x0000,0x0000,0x0000,0x0000,0x0000,0x0000,0x0000,0x0000,
    0x0000,0x0000,0x0000,0x0000,0x0820,0x99E5,0xFB09,0xEAE9,0xE2C8,0xEAC8,0xEAC8,0xEAC8,
    0xEAC8,0xF2E9,0xC267,0x0000,0x0000,0x6A29,0xFDB9,0xFD78,0xFD78,0xFDB9,0x6A2A,0x0000,
    0x0000,0xC267,0xF2E9,0xEAC8,0xEAC8,0xEAC8,0xEAC8,0xE2C8,0xEAE9,0xFB09,0x99E5,0x0820,
    0x0000,0x0000,0x0000,0x0000,0x0000,0x0000,0x0000,0x0000,0x0000,0x0000,0x0000,0x0000,
    0x0000,0x0000,0x0000,0x0000,0x0000,0x0000,0x0000,0x0000,0x0000,0x0000,0x0000,0x0000,
    0x0000,0x0000,0x0000,0x0000,0x0000,0x0000,0x0000,0x0000,0x0000,0x0000,0x0000,0x0000,
    0x0000,0x0000,0x0000,0x0000,0x0000,0x0000,0x0000,0x0000,0x0000,0x0000,0x0000,0x0000,
    0x0000,0x0000,0x5903,0xDAA8,0xFB09,0xEAC9,0xE2C8,0xEAC8,0xEAC8,0xE2C8,0xFB09,0x8184,
    0x0000,0x0000,0x61E8,0xD474,0xD474,0x61E9,0x0000,0x0000,0x7984,0xFB09,0xE2C8,0xEAC8,
    0xEAC8,0xE2C8,0xEAC9,0xFB09,0xDAA8,0x5903,0x0000,0x0000,0x0000,0x0000,0x0000,0x0000,
    0x0000,0x0000,0x0000,0x0000,0x0000,0x0000,0x0000,0x0000,0x0000,0x0000,0x0000,0x0000,
    0x0000,0x0000,0x0000,0x0000,0x0000,0x0000,0x0000,0x0000,0x0000,0x0000,0x0000,0x0000,
    0x0000,0x0000,0x0000,0x0000,0x0000,0x0000,0x0000,0x0000,0x0000,0x0000,0x0000,0x0000,
    0x0000,0x0000,0x0000,0x0000,0x0000,0x0000,0x0000,0x0000,0x0000,0x0000,0x0000,0x1040,
    0x81A5,0xE2C8,0xFB09,0xF2E9,0xEAC8,0xE2C8,0xE2C8,0xF2E9,0x6123,0x0000,0x0000,0x0000,
    0x0000,0x0000,0x0000,0x6123,0xF2E9,0xE2C8,0xE2C8,0xEAC8,0xF2E9,0xFB09,0xE2C8,0x81A5,
    0x1040,0x0000,0x0000,0x0000,0x0000,0x0000,0x0000,0x0000,0x0000,0x0000,0x0000,0x0000,
    0x0000,0x0000,0x0000,0x0000,0x0000,0x0000,0x0000,0x0000,0x0000,0x0000,0x0000,0x0000,
    0x0000,0x0000,0x0000,0x0000,0x0000,0x0000,0x0000,0x0000,0x0000,0x0000,0x0000,0x0000,
    0x0000,0x0000,0x0000,0x0000,0x0000,0x0000,0x0000,0x0000,0x0000,0x0000,0x0000,0x0000,
    0x0000,0x0000,0x0000,0x0000,0x0000,0x0000,0x0000,0x0000,0x0000,0x1861,0x7984,0xCA67,
    0xF2E9,0xFB09,0xF2E9,0xEAC9,0xF2E9,0x91C5,0x2881,0x0000,0x0000,0x2881,0x91A5,0xF2E9,
    0xEAC9,0xF2E9,0xFB09,0xF2E9,0xCA87,0x7984,0x1861,0x0000,0x0000,0x0000,0x0000,0x0000,
    0x0000,0x0000,0x0000,0x0000,0x0000,0x0000,0x0000,0x0000,0x0000,0x0000,0x0000,0x0000,
    0x0000,0x0000,0x0000,0x0000,0x0000,0x0000,0x0000,0x0000,0x0000,0x0000,0x0000,0x0000,
    0x0000,0x0000,0x0000,0x0000,0x0000,0x0000,0x0000,0x0000,0x0000,0x0000,0x0000,0x0000,
    0x0000,0x0000,0x0000,0x0000,0x0000,0x0000,0x0000,0x0000,0x0000,0x0000,0x0000,0x0000,
    0x0000,0x0000,0x0000,0x0000,0x0000,0x0000,0x0000,0x0800,0x40C2,0x8185,0xBA47,0xDAA8,
    0xEAC9,0xFB29,0xFB09,0xDAA8,0xDAA8,0xFB09,0xFB29,0xEAC9,0xDAA8,0xBA47,0x8185,0x40C2,
    0x0820,0x0000,0x0000,0x0000,0x0000,0x0000,0x0000,0x0000,0x0000,0x0000,0x0000,0x0000,
    0x0000,0x0000,0x0000,0x0000,0x0000,0x0000,0x0000,0x0000,0x0000,0x0000,0x0000,0x0000,
    0x0000,0x0000,0x0000,0x0000,0x0000,0x0000,0x0000,0x0000,0x0000,0x0000,0x0000,0x0000,
    0x0000,0x0000,0x0000,0x0000,0x0000,0x0000,0x0000,0x0000,0x0000,0x0000,0x0000,0x0000,
    0x0000,0x0000,0x0000,0x0000,0x0000,0x0000,0x0000,0x0000,0x0000,0x0000,0x0000,0x0000,
    0x0000,0x0000,0x0000,0x0000,0x0000,0x0000,0x0000,0x1040,0x2881,0x40C2,0x5903,0x6944,
    0x6944,0x5903,0x40C2,0x2881,0x1040,0x0000,0x0000,0x0000,0x0000,0x0000,0x0000,0x0000,
    0x0000,0x0000,0x0000,0x0000,0x0000,0x0000,0x0000,0x0000,0x0000,0x0000,0x0000,0x0000,
    0x0000,0x0000,0x0000,0x0000,0x0000,0x0000,0x0000,0x0000,0x0000,0x0000,0x0000,0x0000,
    0x0000,0x0000,0x0000,0x0000,0x0000,0x0000,0x0000,0x0000,0x0000,0x0000,0x0000,0x0000,
    0x0000,0x0000,0x0000,0x0000,0x0000,0x0000,0x0000,0x0000,0x0000,0x0000,0x0000,0x0000,
    0x0000,0x0000,0x0000,0x0000,0x0000,0x0000,0x0000,0x0000,0x0000,0x0000,0x0000,0x0000,
    0x0000,0x0000,0x0000,0x0000,0x0000,0x0000,0x0000,0x0000,0x0000,0x0000,0x0000,0x0000,
    0x0000,0x0000,0x0000,0x0000,0x0000,0x0000,0x0000,0x0000,0x0000,0x0000,0x0000,0x0000,
    0x0000,0x0000,0x0000,0x0000,0x0000,0x0000,0x0000,0x0000,0x0000,0x0000,0x0000,0x0000,
    0x0000,0x0000,0x0000,0x0000,0x0000,0x0000,0x0000,0x0000,0x0000,0x0000,0x0000,0x0000,
    0x0000,0x0000,0x0000,0x0000,0x0000,0x0000,0x0000,0x0000,0x0000,0x0000,0x0000,0x0000,
    0x0000,0x0000,0x0000,0x0000,0x0000,0x0000,0x0000,0x0000,0x0000,0x0000,0x0000,0x0000,
    0x0000,0x0000,0x0000,0x0000,0x0000,0x0000,0x0000,0x0000,0x0000,0x0000,0x0000,0x0000,
    0x0000,0x0000,0x0000,0x0000,0x0000,0x0000,0x0000,0x0000,0x0000,0x0000,0x0000,0x0000,
    0x0000,0x0000,0x0000,0x0000,0x0000,0x0000,0x0000,0x0000,0x0000,0x0000,0x0000,0x0000,
    0x0000,0x0000,0x0000,0x0000,0x0000,0x0000,0x0000,0x0000,0x0000,0x0000,0x0000,0x0000,
    0x0000,0x0000,0x0000,0x0000,0x0000,0x0000,0x0000,0x0000,0x0000,0x0000,0x0000,0x0000,
    0x0000,0x0000,0x0000,0x0000,0x0000,0x0000,0x0000,0x0000,0x0000,0x0000,0x0000,0x0000,
    0x0000,0x0000,0x0000,0x0000,0x0000,0x0000,0x0000,0x0000,0x0000,0x0000,0x0000,0x0000,
    0x0000,0x0000,0x0000,0x0000,0x0000,0x0000,0x0000,0x0000,0x0000,0x0000,0x0000,0x0000,
    0x0000,0x0000,0x0000,0x0000,0x0000,0x0000,0x0000,0x0000,0x0000,0x0000,0x0000,0x0000,
    0x0000,0x0000,0x0000,0x0000,0x0000,0x0000,0x0000,0x0000,0x0000,0x0000,0x0000,0x0000,
    0x0000,0x0000,0x0000,0x0000,0x0000,0x0000,0x0000,0x0000,0x0000,0x0000,0x0000,0x0000,
    0x0000,0x0000,0x0000,0x0000,0x0000,0x0000,0x0000,0x0000,0x0000,0x0000,0x0000,0x0000,
    0x0000,0x0000,0x0000,0x0000,0x0000,0x0000,0x0000,0x0000,0x0000,0x0000,0x0000,0x0000,
    0x0000,0x0000,0x0000,0x0000,0x0000,0x0000,0x0000,0x0000,0x0000,0x0000,0x0000,0x0000,
    0x0000,0x0000,0x0000,0x0000,0x0000,0x0000,0x0000,0x0000,0x0000,0x0000,0x0000,0x0000,
    0x0000,0x0000,0x0000,0x0000,0x0000,0x0000,0x0000,0x0000,0x0000,0x0000,0x0000,0x0000,
    0x0000,0x0000,0x0000,0x0000,0x0000,0x0000,0x0000,0x0000,0x0000,0x0000,0x0000,0x0000,
    0x0000,0x0000,0x0000,0x0000,0x0000,0x0000,0x0000,0x0000,0x0000,0x0000,0x0000,0x0000,
    0x0000,0x0000,0x0000,0x0000,0x0000,0x0000,0x0000,0x0000,0x0000,0x0000,0x0000,0x0000,
    0x0000,0x0000,0x0000,0x0000,0x0000,0x0000,0x0000,0x0000,0x0000,0x0000,0x0000,0x0000,
    0x0000,0x0000,0x0000,0x0000,0x0000,0x0000,0x0000,0x0000,0x0000,0x0000,0x0000,0x0000,
    0x0000,0x0000,0x0000,0x0000,0x0000,0x0000,0x0000,0x0000,0x0000,0x0000,0x0000,0x0000,
    0x0000,0x0000,0x0000,0x0000,0x0000,0x0000,0x0000,0x0000,0x0000,0x0000,0x0000,0x0000,
    0x0000,0x0000,0x0000,0x0000,0x0000,0x0000,0x0000,0x0000,0x0000,0x0000,0x0000,0x0000,
    0x0000,0x0000,0x0000,0x0000,0x0000,0x0000,0x0000,0x0000,0x0000,0x0000,0x0000,0x0000,
    0x0000,0x0000,0x0000,0x0000,0x0000,0x0000,0x0000,0x0000,0x0000,0x0000,0x0000,0x0000,
    0x0000,0x0000,0x0000,0x0000,0x0000,0x0000,0x0000,0x0000,0x0000,0x0000,0x0000,0x0000,
    0x0000,0x0000,0x0000,0x0000,0x0000,0x0000,0x0000,0x0000,0x0000,0x0000,0x0000,0x0000,
    0x0000,0x0000,0x0000,0x0000,0x0000,0x0000,0x0000,0x0000,0x0000,0x0000,0x0000,0x0000,
    0x0000,0x0000,0x0000,0x0000,0x0000,0x0000,0x0000,0x0000,0x0000,0x0000,0x0000,0x0000,
    0x0000,0x0000,0x0000,0x0000,0x0000,0x0000,0x0000,0x0000,0x0000,0x0000,0x0000,0x0000,
    0x0000,0x0000,0x0000,0x0000,0x0000,0x0000,0x0000,0x0000,0x0000,0x0000,0x0000,0x0000,
    0x0000,0x0000,0x0000,0x0000,0x0000,0x0000,0x0000,0x0000,0x0000,0x0000,0x0000,0x0000,
    0x0000,0x0000,0x0000,0x0000,0x0000,0x0000,0x0000,0x0000,0x0000,0x0000,0x0000,0x0000,
    0x0000,0x0000,0x0000,0x0000,0x0000,0x0000,0x0000,0x0000,0x0000,0x0000,0x0000,0x0000,
    0x0000,0x0000,0x0000,0x0000,0x0000,0x0000,0x0000,0x0000,0x0000,0x0000,0x0000,0x0000,
    0x0000,0x0000,0x0000,0x0000,0x0000,0x0000,0x0000,0x0000,0x0000,0x0000,0x0000,0x0000,
    0x0000,0x0000,0x0000,0x0000,0x0000,0x0000,0x0000,0x0000,0x0000,0x0000,0x0000,0x0000,
    0x0000,0x0000,0x0000,0x0000,0x0000,0x0000,0x0000,0x0000,0x0000,0x0000,0x0000,0x0000,
    0x0000,0x0000,0x0000,0x0000,0x0000,0x0000,0x0000,0x0000,0x0000,0x0000,0x0000,0x0000,
    0x0000,0x0000,0x0000,0x0000,0x0000,0x0000,0x0000,0x0000,0x0000,0x0000,0x0000,0x0000,
    0x0000,0x0000,0x0000,0x0000,0x0000,0x0000,0x0000,0x0000,0x0000,0x0000,0x0000,0x0000,
    0x0000,0x0000,0x0000,0x0000,0x0000,0x0000,0x0000,0x0000,0x0000,0x0000,0x0000,0x0000,
    0x0000,0x0000,0x0000,0x0000,0x0000,0x0000,0x0000,0x0000,0x0000,0x0000,0x0000,0x0000,
    0x0000,0x0000,0x0000,0x0000,0x0000,0x0000,0x0000,0x0000,0x0000,0x0000,0x0000,0x0000,
    0x0000,0x0000,0x0000,0x0000,0x0000,0x0000,0x0000,0x0000,0x0000,0x0000,0x0000,0x0000,
    0x0000,0x0000,0x0000,0x0000,0x0000,0x0000,0x0000,0x0000,0x0000,0x0000,0x0000,0x0000,
    0x0000,0x0000,0x0000,0x0000,0x0000,0x0000,0x0000,0x0000,0x0000,0x0000,0x0000,0x0000,
    0x0000,0x0000,0x0000,0x0000,0x0000,0x0000,0x0000,0x0000,0x0000,0x0000,0x0000,0x0000,
    0x0000,0x0000,0x0000,0x0000,0x0000,0x0000,0x0000,0x0000,0x0000,0x0000,0x0000,0x0000,
    0x0000,0x0000,0x0000,0x0000,0x0000,0x0000,0x0000,0x0000,0x0000,0x0000,0x0000,0x0000,
    0x0000,0x0000,0x0000,0x0000,0x0000,0x0000,0x0000,0x0000,0x0000,0x0000,0x0000,0x0000,
    0x0000,0x0000,0x0000,0x0000,0x0000,0x0000,0x0000,0x0000,0x0000,0x0000,0x0000,0x0000,
    0x0000,0x0000,0x0000,0x0000,0x0000,0x0000,0x0000,0x0000,0x0000,0x0000,0x0000,0x0000,
    0x0000,0x0000,0x0000,0x0000,0x0000,0x0000,0x0000,0x0000,0x0000,0x0000,0x0000,0x0000,
    0x0000,0x0000,0x0000,0x0000,0x0000,0x0000,0x0000,0x0000,0x0000,0x0000,0x0000,0x0000,
    0x0000,0x0000,0x0000,0x0000,0x0000,0x0000,0x0000,0x0000,0x0000,0x0000,0x0000,0x0000,
    0x0000,0x0000,0x0000,0x0000,0x0000,0x0000,0x0000,0x0000,0x0000,0x0000,0x0000,0x0000,
    0x0000,0x0000,0x0000,0x0000,0x0000,0x0000,0x0000,0x0000,0x0000,0x0000,0x0000,0x0000,
    0x0000,0x0000,0x0000,0x0000,0x0000,0x0000,0x0000,0x0000,0x0000,0x0000,0x0000,0x0000,
    0x0000,0x0000,0x0000,0x0000,0x0000,0x0000,0x0000,0x0000,0x0000,0x0000,0x0000,0x0000,
    0x0000,0x0000,0x0000,0x0000,0x0000,0x0000,0x0000,0x0000,0x0000,0x0000,0x0000,0x0000,
    0x0000,0x0000,0x0000,0x0000,0x0000,0x0000,0x0000,0x0000,0x0000,0x0000,0x0000,0x0000,
    0x0000,0x0000,0x0000,0x0000,0x0000,0x0000,0x0000,0x0000,0x0000,0x0000,0x0000,0x0000,
    0x0000,0x0000,0x0000,0x0000,0x0000,0x0000,0x0000,0x0000,0x0000,0x0000,0x0000,0x0000,
    0x0000,0x0000,0x0000,0x0000,0x0000,0x0000,0x0000,0x0000,0x0000,0x0000,0x0000,0x0000,
    0x0000,0x0000,0x0000,0x0000,0x0000,0x0000,0x0000,0x0000,0x0000,0x0000,0x0000,0x0000,
    0x0000,0x0000,0x0000,0x0000,0x0000,0x0000,0x0000,0x0000,0x0000,0x0000,0x0000,0x0000,
    0x0000,0x0000,0x0000,0x0000,0x0000,0x0000,0x0000,0x0000,0x0000,0x0000,0x0000,0x0000,
    0x0000,0x0000,0x0000,0x0000,0x0000,0x0000,0x0000,0x0000,0x0000,0x0000,0x0000,0x0000,
    0x0000,0x0000,0x0000,0x0000,0x0000,0x0000,0x0000,0x0000,0x0000,0x0000,0x0000,0x0000,
    0x0000,0x0000,0x0000,0x0000,0x0000,0x0000,0x0000,0x0000,0x0000,0x0000,0x0000,0x0000,
    0x0000,0x0000,0x0000,0x0000,0x0000,0x0000,0x0000,0x0000,0x0000,0x0000,0x0000,0x0000,
    0x0000,0x0000,0x0000,0x0000,0x0000,0x0000,0x0000,0x0000,0x0000,0x0000,0x0000,0x0000,
    0x0000,0x0000,0x0000,0x0000,0x0000,0x0000,0x0000,0x0000,0x0000,0x0000,0x0000,0x0000,
    0x0000,0x0000,0x0000,0x0000,0x0000,0x0000,0x0000,0x0000,0x0000,0x0000,0x0000,0x0000,
    0x0000,0x0000,0x0000,0x0000,0x0000,0x0000,0x0000,0x0000,0x0000,0x0000,0x0000,0x0000,
    0x0000,0x0000,0x0000,0x0000,0x0000,0x0000,0x0000,0x0000,0x0000,0x0000,0x0000,0x0000,
    0x0000,0x0000,0x0000,0x0000,0x0000,0x0000,0x0000,0x0000,0x0000,0x0000,0x0000,0x0000,
    0x0000,0x0000,0x0000,0x0000,0x0000,0x0000,0x0000,0x0000,0x0000,0x0000,0x0000,0x0000,
    0x0000,0x0000,0x0000,0x0000,0x0000,0x0000,0x0000,0x0000,0x0000,0x0000,0x0000,0x0000,
    0x0000,0x0000,0x0000,0x0000,0x0000,0x0000,0x0000,0x0000,0x0000,0x0000,0x0000,0x0000,
    0x0000,0x0000,0x0000,0x0000,0x0000,0x0000,0x0000,0x0000,0x0000,0x0000,0x0000,0x0000,
    0x0000,0x0000,0x0000,0x0000,0x0000,0x0000,0x0000,0x0000,0x0000,0x0000,0x0000,0x0000,
    0x0000,0x0000,0x0000,0x0000,0x0000,0x0000,0x0000,0x0000,0x0000,0x0000,0x0000,0x0000,
    0x0000,0x0000,0x0000,0x0000,0x0000,0x0000,0x0000,0x0000,0x0000,0x0000,0x0000,0x0000,
    0x0000,0x0000,0x0000,0x0000,0x0000,0x0000,0x0000,0x0000,0x0000,0x0000,0x0000,0x0000,
    0x0000,0x0000,0x0000,0x0000,0x0000,0x0000,0x0000,0x0000,0x0000,0x0000,0x0000,0x0000,
    0x0000,0x0000,0x0000,0x0000,0x0000,0x0000,0x0000,0x0000,0x0000,0x0000,0x0000,0x0000,
    0x0000,0x0000,0x0000,0x0000,0x0000,0x0000,0x0000,0x0000,0x0000,0x0000,0x0000,0x0000,
    0x0000,0x0000,0x0000,0x0000,0x0000,0x0000,0x0000,0x0000,0x0000,0x0000,0x0000,0x0000,
    0x0000,0x0000,0x0000,0x0000,
};

#endif /* FACE_BITMAPS_H */
