#ifndef EMOJI_BITMAPS_H
#define EMOJI_BITMAPS_H

#include <stdint.h>

// All bitmaps stored in Flash (const) to save RAM
// Each bitmap is 128x160 pixels in RGB565 format (40,960 bytes)

// Happy emoji bitmap (128x160, RGB565)
const uint16_t emoji_happy[20480] = {
    0x0000,0x0000,0x0000,0x0000,0x0000,0x0000,0x0000,0x0000,
    0x0000,0x0000,0x0000,0x0000,0x0000,0x0000,0x0000,0x0000,
    0x0000,0x0000,0x0000,0x0000,0x0000,0x0000,0x0000,0x0000,
    0x0000,0x0000,0x0000,0x0000,0x0000,0x0000,0x0000,0x0000,
    0x0000,0x0000,0x0000,0x0000,0x0000,0x0000,0x0000,0x0000,
    0x0000,0x0000,0x0000,0x0000,0x0000,0x0000,0x0000,0x0000,
    0x0000,0x0000,0x0000,0x0000,0x0000,0x0000,0x0000,0x0000,
    0x0000,0x0000,0x0000,0x0000,0x0000,0x0000,0x0000,0x0000,
    0x0000,0x0000,0x0000,0x0000,0x0000,0x0000,0x0000,0x0000,
    0x0000,0x0000,0x0000,0x0000,0x0000,0x0000,0x0000,0x0000,
    0x0000,0x0000,0x0000,0x0000,0x0000,0x0000,0x0000,0x0000,
    0x0000,0x0000,0x0000,0x0000,0x0000,0x0000,0x0000,0x0000,
    0x0000,0x0000,0x0000,0x0000,0x0000,0x0000,0x0000,0x0000,
    0x0000,0x0000,0x0000,0x0000,0x0000,0x0000,0x0000,0x0000,
    0x0000,0x0000,0x0000,0x0000,0x0000,0x0000,0x0000,0x0000,
    0x0000,0x0000,0x0000,0x0000,0x0000,0x0000,0x0000,0x0000,
    0x0000,0x0000,0x0000,0x0000,0x0000,0x0000,0x0000,0x0000,
    0x0000,0x0000,0x0000,0x0000,0x0000,0x0000,0x0000,0x0000,
    0x0000,0x0000,0x0000,0x0000,0x0000,0x0000,0x0000,0x0000,
    0x0000,0x0000,0x0000,0x0000,0x0000,0x0000,0x0000,0x0000,
    0x0000,0x0000,0x0000,0x0000,0x0000,0x0000,0x0000,0x0000,
    0x0000,0x0000,0x0000,0x0000,0x0000,0x0000,0x0000,0x0000,
    0x0000,0x0000,0x0000,0x0000,0x0000,0x0000,0x0000,0x0000,
    0x0000,0x0000,0x0000,0x0000,0x0000,0x0000,0x0000,0x0000,
    0x0000,0x0000,0x0000,0x0000,0x0000,0x0000,0x0000,0x0000,
    0x0000,0x0000,0x0000,0x0000,0x0000,0x0000,0x0000,0x0000,
    0x0000,0x0000,0x0000,0x0000,0x0000,0x0000,0x0000,0x0000,
    0x0000,0x0000,0x0000,0x0000,0x0000,0x0000,0x0000,0x0000,
    0x0000,0x0000,0x0000,0x0000,0x0000,0x0000,0x0000,0x0000,
    0x0000,0x0000,0x0000,0x0000,0x0000,0x0000,0x0000,0x0000,
    0x0000,0x0000,0x0000,0x0000,0x0000,0x0000,0x0000,0x0000,
    0x0000,0x0000,0x0000,0x0000,0x0000,0x0000,0x0000,0x0000,
    0x0000,0x0000,0x0000,0x0000,0x0000,0x0000,0x0000,0x0000,
    0x0000,0x0000,0x0000,0x0000,0x0000,0x0000,0x0000,0x0000,
    0x0000,0x0000,0x0000,0x0000,0x0000,0x0000,0x0000,0x0000,
    0x0000,0x0000,0x0000,0x0000,0x0000,0x0000,0x0000,0x0000,
    0x0000,0x0000,0x0000,0x0000,0x0000,0x0000,0x0000,0x0000,
    0x0000,0x0000,0x0000,0x0000,0x0000,0x0000,0x0000,0x0000,
    0x0000,0x0000,0x0000,0x0000,0x0000,0x0000,0x0000,0x0000,
    0x0000,0x0000,0x0000,0x0000,0x0000,0x0000,0x0000,0x0000,
    0x0000,0x0000,0x0000,0x0000,0x0000,0x0000,0x0000,0x0000,
    0x0000,0x0000,0x0000,0x0000,0x0000,0x0000,0x0000,0x0000,
    0x0000,0x0000,0x0000,0x0000,0x0000,0x0000,0x0000,0x0000,
    0x0000,0x0000,0x0000,0x0000,0x0000,0x0000,0x0000,0x0000,
    0x0000,0x0000,0x0000,0x0000,0x0000,0x0000,0x0000,0x0000,
    0x0000,0x0000,0x0000,0x0000,0x0000,0x0000,0x0000,0x0000,
    0x0000,0x0000,0x0000,0x0000,0x0000,0x0000,0x0000,0x0000,
    0x0000,0x0000,0x0000,0x0000,0x0000,0x0000,0x0000,0x0000,
    0x0000,0x0000,0x0000,0x0000,0x0000,0x0000,0x0000,0x0000,
    0x0000,0x0000,0x0000,0x0000,0x0000,0x0000,0x0000,0x0000,
    0x0000,0x0000,0x0000,0x0000,0x0000,0x0000,0x0000,0x0000,
    0x0000,0x0000,0x0000,0x0000,0x0000,0x0000,0x0000,0x0000,
    0x0000,0x0000,0x0000,0x0000,0x0000,0x0000,0x0000,0x0000,
    0x0000,0x0000,0x0000,0x0000,0x0000,0x0000,0x0000,0x0000,
    0x0000,0x0000,0x0000,0x0000,0x0000,0x0000,0x0000,0x0000,
    0x0000,0x0000,0x0000,0x0000,0x0000,0x0000,0x0000,0x0000,
    0x0000,0x0000,0x0000,0x0000,0x0000,0x0000,0x0000,0x0000,
    0x0000,0x0000,0x0000,0x0000,0x0000,0x0000,0x0000,0x0000,
    0x0000,0x0000,0x0000,0x0000,0x0000,0x0000,0x0000,0x0000,
    0x0000,0x0000,0x0000,0x0000,0x0000,0x0000,0x0000,0x0000,
    0x0000,0x0000,0x0000,0x0000,0x0000,0x0000,0x0000,0x0000,
    0x0000,0x0000,0x0000,0x0000,0x0000,0x0000,0x0000,0x0000,
    0x0000,0x0000,0x0000,0x0000,0x0000,0x0000,0x0000,0x0000,
    0x0000,0x0000,0x0000,0x0000,0x0000,0x0000,0x0000,0x0000,
    0x0000,0x0000,0x0000,0x0000,0x0000,0x0000,0x0000,0x0000,
    0x0000,0x0000,0x0000,0x0000,0x0000,0x0000,0x0000,0x0000,
    0x0000,0x0000,0x0000,0x0000,0x0000,0x0000,0x0000,0x0000,
    0x0000,0x0000,0x0000,0x0000,0x0000,0x0000,0x0000,0x0000,
    0x0000,0x0000,0x0000,0x0000,0x0000,0x0000,0x0000,0x0000,
    0x0000,0x0000,0x0000,0x0000,0x0000,0x0000,0x0000,0x0000,
    0x0000,0x0000,0x0000,0x0000,0x0000,0x0000,0x0000,0x0000,
    0x0000,0x0000,0x0000,0x0000,0x0000,0x0000,0x0000,0x0000,
    0x0000,0x0000,0x0000,0x0000,0x0000,0x0000,0x0000,0x0000,
    0x0000,0x0000,0x0000,0x0000,0x0000,0x0000,0x0000,0x0000,
    0x0000,0x0000,0x0000,0x0000,0x0000,0x0000,0x0000,0x0000,
    0x0000,0x0000,0x0000,0x0000,0x0000,0x0000,0x0000,0x0000,
    0x0000,0x0000,0x0000,0x0000,0x0000,0x0000,0x0000,0x0000,
    0x0000,0x0000,0x0000,0x0000,0x0000,0x0000,0x0000,0x0000,
    0x0000,0x0000,0x0000,0x0000,0x0000,0x0000,0x0000,0x0000,
    0x0000,0x0000,0x0000,0x0000,0x0000,0x0000,0x0000,0x0000,
    0x0000,0x0000,0x0000,0x0000,0x0000,0x0000,0x0000,0x0000,
    0x0000,0x0000,0x0000,0x0000,0x0000,0x0000,0x0000,0x0000,
    0x0000,0x0000,0x0000,0x0000,0x0000,0x0000,0x0000,0x0000,
    0x0000,0x0000,0x0000,0x0000,0x0000,0x0000,0x0000,0x0000,
    0x0000,0x0000,0x0000,0x0000,0x0000,0x0000,0x0000,0x0000,
    0x0000,0x0000,0x0000,0x0000,0x0000,0x0000,0x0000,0x0000,
    0x0000,0x0000,0x0000,0x0000,0x0000,0x0000,0x0000,0x0000,
    0x0000,0x0000,0x0000,0x0000,0x0000,0x0000,0x0000,0x0000,
    0x0000,0x0000,0x0000,0x0000,0x0000,0x0000,0x0000,0x0000,
    0x0000,0x0000,0x0000,0x0000,0x0000,0x0000,0x0000,0x0000,
    0x0000,0x0000,0x0000,0x0000,0x0000,0x0000,0x0000,0x0000,
    0x0000,0x0000,0x0000,0x0000,0x0000,0x0000,0x0000,0x0000,
    0x0000,0x0000,0x0000,0x0000,0x0000,0x0000,0x0000,0x0000,
    0x0000,0x0000,0x0000,0x0000,0x0000,0x0000,0x0000,0x0000,
    0x0000,0x0000,0x0000,0x0000,0x0000,0x0000,0x0000,0x0000,
    0x0000,0x0000,0x0000,0x0000,0x0000,0x0000,0x0000,0x0000,
    0x0000,0x0000,0x0000,0x0000,0x0000,0x0000,0x0000,0x0000,
    0x0000,0x0000,0x0000,0x0000,0x0000,0x0000,0x0000,0x0000,
    0x0000,0x0000,0x0000,0x0000,0x0000,0x0000,0x0000,0x0000,
    0x0000,0x0000,0x0000,0x0000,0x0000,0x0000,0x0000,0x0000,
    0x0000,0x0000,0x0000,0x0000,0x0000,0x0000,0x0000,0x0000,
    0x0000,0x0000,0x0000,0x0000,0x0000,0x0000,0x0000,0x0000,
    0x0000,0x0000,0x0000,0x0000,0x0000,0x0000,0x0000,0x0000,
    0x0000,0x0000,0x0000,0x0000,0x0000,0x0000,0x0000,0x0000,
    0x0000,0x0000,0x0000,0x0000,0x0000,0x0000,0x0000,0x0000,
    0x0000,0x0000,0x0000,0x0000,0x0000,0x0000,0x0000,0x0000,
    0x0000,0x0000,0x0000,0x0000,0x0000,0x0000,0x0000,0x0000,
    0x0000,0x0000,0x0000,0x0000,0x0000,0x0000,0x0000,0x0000,
    0x0000,0x0000,0x0000,0x0000,0x0000,0x0000,0x0000,0x0000,
    0x0000,0x0000,0x0000,0x0000,0x0000,0x0000,0x0000,0x0000,
    0x0000,0x0000,0x0000,0x0000,0x0000,0x0000,0x0000,0x0000,
    0x0000,0x0000,0x0000,0x0000,0x0000,0x0000,0x0000,0x0000,
    0x0000,0x0000,0x0000,0x0000,0x0000,0x0000,0x0000,0x0000,
    0x0000,0x0000,0x0000,0x0000,0x0000,0x0000,0x0000,0x0000,
    0x0000,0x0000,0x0000,0x0000,0x0000,0x0000,0x0000,0x0000,
    0x0000,0x0000,0x0000,0x0000,0x0000,0x0000,0x0000,0x0000,
    0x0000,0x0000,0x0000,0x0000,0x0000,0x0000,0x0000,0x0000,
    0x0000,0x0000,0x0000,0x0000,0x0000,0x0000,0x0000,0x0000,
    0x0000,0x0000,0x0000,0x0000,0x0000,0x0000,0x0000,0x0000,
    0x0000,0x0000,0x0000,0x0000,0x0000,0x0000,0x0000,0x0000,
    0x0000,0x0000,0x0000,0x0000,0x0000,0x0000,0x0000,0x0000,
    0x0000,0x0000,0x0000,0x0000,0x0000,0x0000,0x0000,0x0000,
    0x0000,0x0000,0x0000,0x0000,0x0000,0x0000,0x0000,0x0000,
    0x0000,0x0000,0x0000,0x0000,0x0000,0x0000,0x0000,0x0000,
    0x0000,0x0000,0x0000,0x0000,0x0000,0x0000,0x0000,0x0000,
    0x0000,0x0000,0x0000,0x0000,0x0000,0x0000,0x0000,0x0000,
    0x0000,0x0000,0x0000,0x0000,0x0000,0x0000,0x0000,0x0000,
    0x0000,0x0000,0x0000,0x0000,0x0000,0x0000,0x0000,0x0000,
    0x0000,0x0000,0x0000,0x0000,0x0000,0x0000,0x0000,0x0000,
    0x0000,0x0000,0x0000,0x0000,0x0000,0x0000,0x0000,0x0000,
    0x0000,0x0000,0x0000,0x0000,0x0000,0x0000,0x0000,0x0000,
    0x0000,0x0000,0x0000,0x0000,0x0000,0x0000,0x0000,0x0000,
    0x0000,0x0000,0x0000,0x0000,0x0000,0x0000,0x0000,0x0000,
    0x0000,0x0000,0x0000,0x0000,0x0000,0x0000,0x0000,0x0000,
    0x0000,0x0000,0x0000,0x0000,0x0000,0x0000,0x0000,0x0000,
    0x0000,0x0000,0x0000,0x0000,0x0000,0x0000,0x0000,0x0000,
    0x0000,0x0000,0x0000,0x0000,0x0000,0x0000,0x0000,0x0000,
    0x0000,0x0000,0x0000,0x0000,0x0000,0x0000,0x0000,0x0000,
    0x0000,0x0000,0x0000,0x0000,0x0000,0x0000,0x0000,0x0000,
    0x0000,0x0000,0x0000,0x0000,0x0000,0x0000,0x0000,0x0000,
    0x0000,0x0000,0x0000,0x0000,0x0000,0x0000,0x0000,0x0000,
    0x0000,0x0000,0x0000,0x0000,0x0000,0x0000,0x0000,0x0000,
    0x0000,0x0000,0x0000,0x0000,0x0000,0x0000,0x0000,0x0000,
    0x0000,0x0000,0x0000,0x0000,0x0000,0x0000,0x0000,0x0000,
    0x0000,0x0000,0x0000,0x0000,0x0000,0x0000,0x0000,0x0000,
    0x0000,0x0000,0x0000,0x0000,0x0000,0x0000,0x0000,0x0000,
    0x0000,0x0000,0x0000,0x0000,0x0000,0x0000,0x0000,0x0000,
    0x0000,0x0000,0x0000,0x0000,0x0000,0x0000,0x0000,0x0000,
    0x0000,0x0000,0x0000,0x0000,0x0000,0x0000,0x0000,0x0000,
    0x0000,0x0000,0x0000,0x0000,0x0000,0x0000,0x0000,0x0000,
    0x0000,0x0000,0x0000,0x0000,0x0000,0x0000,0x0000,0x0000,
    0x0000,0x0000,0x0000,0x0000,0x0000,0x0000,0x0000,0x0000,
    0x0000,0x0000,0x0000,0x0000,0x0000,0x0000,0x0000,0x0000,
    0x0000,0x0000,0x0000,0x0000,0x0000,0x0000,0x0000,0x0000,
    0x0000,0x0000,0x0000,0x0000,0x0000,0x0000,0x0000,0x0000,
    0x0000,0x0000,0x0000,0x0000,0x0000,0x0000,0x0000,0x0000,
    0x0000,0x0000,0x0000,0x0000,0x0000,0x0000,0x0000,0x0000,
    0x0000,0x0000,0x0000,0x0000,0x0000,0x0000,0x0000,0x0000,
    0x0000,0x0000,0x0000,0x0000,0x0000,0x0000,0x0000,0x0000,
    0x0000,0x0000,0x0000,0x0000,0x0000,0x0000,0x0000,0x0000,
    0x0000,0x0000,0x0000,0x0000,0x0000,0x0000,0x0000,0x0000,
    0x0000,0x0000,0x0000,0x0000,0x0000,0x0000,0x0000,0x0000,
    0x0000,0x0000,0x0000,0x0000,0x0000,0x0000,0x0000,0x0000,
    0x0000,0x0000,0x0000,0x0000,0x0000,0x0000,0x0000,0x0000,
    0x0000,0x0000,0x0000,0x0000,0x0000,0x0000,0x0000,0x0000,
    0x0000,0x0000,0x0000,0x0000,0x0000,0x0000,0x0000,0x0000,
    0x0000,0x0000,0x0000,0x0000,0x0000,0x0000,0x0000,0x0000,
    0x0000,0x0000,0x0000,0x0000,0x0000,0x0000,0x0000,0x0000,
    0x0000,0x0000,0x0000,0x0000,0x0000,0x0000,0x0000,0x0000,
    0x0000,0x0000,0x0000,0x0000,0x0000,0x0000,0x0000,0x0000,
    0x0000,0x0000,0x0000,0x0000,0x0000,0x0000,0x0000,0x0000,
    0x0000,0x0000,0x0000,0x0000,0x0000,0x0000,0x0000,0x0000,
    0x0000,0x0000,0x0000,0x0000,0x0000,0x0000,0x0000,0x0000,
    0x0000,0x0000,0x0000,0x0000,0x0000,0x0000,0x0000,0x0000,
    0x0000,0x0000,0x0000,0x0000,0x0000,0x0000,0x0000,0x0000,
    0x0000,0x0000,0x0000,0x0000,0x0000,0x0000,0x0000,0x0000,
    0x0000,0x0000,0x0000,0x0000,0x0000,0x0000,0x0000,0x0000,
    0x0000,0x0000,0x0000,0x0000,0x0000,0x0000,0x0000,0x0000,
    0x0000,0x0000,0x0000,0x0000,0x0000,0x0000,0x0000,0x0000,
    0x0000,0x0000,0x0000,0x0000,0x0000,0x0000,0x0000,0x0000,
    0x0000,0x0000,0x0000,0x0000,0x0000,0x0000,0x0000,0x0000,
    0x0000,0x0000,0x0000,0x0000,0x0000,0x0000,0x0000,0x0000,
    0x0000,0x0000,0x0000,0x0000,0x0000,0x0000,0x0000,0x0000,
    0x0000,0x0000,0x0000,0x0000,0x0000,0x0000,0x0000,0x0000,
    0x0000,0x0000,0x0000,0x0000,0x0000,0x0000,0x0000,0x0000,
    0x0000,0x0000,0x0000,0x0000,0x0000,0x0000,0x0000,0x0000,
    0x0000,0x0000,0x0000,0x0000,0x0000,0x0000,0x0000,0x0000,
    0x0000,0x0000,0x0000,0x0000,0x0000,0x0000,0x0000,0x0000,
    0x0000,0x0000,0x0000,0x0000,0x0000,0x0000,0x0000,0x0000,
    0x0000,0x0000,0x0000,0x0000,0x0000,0x0000,0x0000,0x0000,
    0x0000,0x0000,0x0000,0x0000,0x0000,0x0000,0x0000,0x0000,
    0x0000,0x0000,0x0000,0x0000,0x0000,0x0000,0x0000,0x0000,
    0x0000,0x0000,0x0000,0x0000,0x0000,0x0000,0x0000,0x0000,
    0x0000,0x0000,0x0000,0x0000,0x0000,0x0000,0x0000,0x0000,
    0x0000,0x0000,0x0000,0x0000,0x0000,0x0000,0x0000,0x0000,
    0x0000,0x0000,0x0000,0x0000,0x0000,0x0000,0x0000,0x0000,
    0x0000,0x0000,0x0000,0x0000,0x0000,0x0000,0x0000,0x0000,
    0x0000,0x0000,0x0000,0x0000,0x0000,0x0000,0x0000,0x0000,
    0x0000,0x0000,0x0000,0x0000,0x0000,0x0000,0x0000,0x0000,
    0x0000,0x0000,0x0000,0x0000,0x0000,0x0000,0x0000,0x0000,
    0x0000,0x0000,0x0000,0x0000,0x0000,0x0000,0x0000,0x0000,
    0x0000,0x0000,0x0000,0x0000,0x0000,0x0000,0x0000,0x0000,
    0x0000,0x0000,0x0000,0x0000,0x0000,0x0000,0x0000,0x0000,
    0x0000,0x0000,0x0000,0x0000,0x0000,0x0000,0x0000,0x0000,
    0x0000,0x0000,0x0000,0x0000,0x0000,0x0000,0x0000,0x0000,
    0x0000,0x0000,0x0000,0x0000,0x0000,0x0000,0x0000,0x0000,
    0x0000,0x0000,0x0000,0x0000,0x0000,0x0000,0x0000,0x0000,
    0x0000,0x0000,0x0000,0x0000,0x0000,0x0000,0x0000,0x0000,
    0x0000,0x0000,0x0000,0x0000,0x0000,0x0000,0x0000,0x0000,
    0x0000,0x0000,0x0000,0x0000,0x0000,0x0000,0x0000,0x0000,
    0x0000,0x0000,0x0000,0x0000,0x0000,0x0000,0x0000,0x0000,
    0x0000,0x0000,0x0000,0x0000,0x0000,0x0000,0x0000,0x0000,
    0x0000,0x0000,0x0000,0x0000,0x0000,0x0000,0x0000,0x0000,
    0x0000,0x0000,0x0000,0x0000,0x0000,0x0000,0x0000,0x0000,
    0x0000,0x0000,0x0000,0x0000,0x0000,0x0000,0x0000,0x0000,
    0x0000,0x0000,0x0000,0x0000,0x0000,0x0000,0x0000,0x0000,
    0x0000,0x0000,0x0000,0x0000,0x0000,0x0000,0x0000,0x0000,
    0x0000,0x0000,0x0000,0x0000,0x0000,0x0000,0x0000,0x0000,
    0x0000,0x0000,0x0000,0x0000,0x0000,0x0000,0x0000,0x0000,
    0x0000,0x0000,0x0000,0x0000,0x0000,0x0000,0x0000,0x0000,
    0x0000,0x0000,0x0000,0x0000,0x0000,0x0000,0x0000,0x0000,
    0x0000,0x0000,0x0000,0x0000,0x0000,0x0000,0x0000,0x0000,
    0x0000,0x0000,0x0000,0x0000,0x0000,0x0000,0x0000,0x0000,
    0x0000,0x0000,0x0000,0x0000,0x0000,0x0000,0x0000,0x0000,
    0x0000,0x0000,0x0000,0x0000,0x0000,0x0000,0x0000,0x0000,
    0x0000,0x0000,0x0000,0x0000,0x0000,0x0000,0x0000,0x0000,
    0x0000,0x0000,0x0000,0x0000,0x0000,0x0000,0x0000,0x0000,
    0x0000,0x0000,0x0000,0x0000,0x0000,0x0000,0x0000,0x0000,
    0x0000,0x0000,0x0000,0x0000,0x0000,0x0000,0x0000,0x0000,
    0x0000,0x0000,0x0000,0x0000,0x0000,0x0000,0x0000,0x0000,
    0x0000,0x0000,0x0000,0x0000,0x0000,0x0000,0x0000,0x0000,
    0x0000,0x0000,0x0000,0x0000,0x0000,0x0000,0x0000,0x0000,
    0x0000,0x0000,0x0000,0x0000,0x0000,0x0000,0x0000,0x0000,
    0x0000,0x0000,0x0000,0x0000,0x0000,0x0000,0x0000,0x0000,
    0x0000,0x0000,0x0000,0x0000,0x0000,0x0000,0x0000,0x0000,
    0x0000,0x0000,0x0000,0x0000,0x0000,0x0000,0x0000,0x0000,
    0x0000,0x0000,0x0000,0x0000,0x0000,0x0000,0x0000,0x0000,
    0x0000,0x0000,0x0000,0x0000,0x0000,0x0000,0x0000,0x0000,
    0x0000,0x0000,0x0000,0x0000,0x0000,0x0000,0x0000,0x0000,
    0x0000,0x0000,0x0000,0x0000,0x0000,0x0000,0x0000,0x0000,
    0x0000,0x0000,0x0000,0x0000,0x0000,0x0000,0x0000,0x0000,
    0x0000,0x0000,0x0000,0x0000,0x0000,0x0000,0x0000,0x0000,
    0x0000,0x0000,0x0000,0x0000,0x0000,0x0000,0x0000,0x0000,
    0x0000,0x0000,0x0000,0x0000,0x0000,0x0000,0x0000,0x0000,
    0x0000,0x0000,0x0000,0x0000,0x0000,0x0000,0x0000,0x0000,
    0x0000,0x0000,0x0000,0x0000,0x0000,0x0000,0x0000,0x0000,
    0x0000,0x0000,0x0000,0x0000,0x0000,0x0000,0x0000,0x0000,
    0x0000,0x0000,0x0000,0x0000,0x0000,0x0000,0x0000,0x0000,
    0x0000,0x0000,0x0000,0x0000,0x0000,0x0000,0x0000,0x0000,
    0x0000,0x0000,0x0000,0x0000,0x0000,0x0000,0x0000,0x0000,
    0x0000,0x0000,0x0000,0x0000,0x0000,0x0000,0x0000,0x0000,
    0x0000,0x0000,0x0000,0x0000,0x0000,0x0000,0x0000,0x0000,
    0x0000,0x0000,0x0000,0x0000,0x0000,0x0000,0x0000,0x0000,
    0x0000,0x0000,0x0000,0x0000,0x0000,0x0000,0x0000,0x0000,
    0x0000,0x0000,0x0000,0x0000,0x0000,0x0000,0x0000,0x0000,
    0x0000,0x0000,0x0000,0x0000,0x0000,0x0000,0x0000,0x0000,
    0x0000,0x0000,0x0000,0x0000,0x0000,0x0000,0x0000,0x0000,
    0x0000,0x0000,0x0000,0x0000,0x0000,0x0000,0x0000,0x0000,
    0x0000,0x0000,0x0000,0x0000,0x0000,0x0000,0x0000,0x0000,
    0x0000,0x0000,0x0000,0x0000,0x0000,0x0000,0x0000,0x0000,
    0x0000,0x0000,0x0000,0x0000,0x0000,0x0000,0x0000,0x0000,
    0x0000,0x0000,0x0000,0x0000,0x0000,0x0000,0x0000,0x0000,
    0x0000,0x0000,0x0000,0x0000,0x0000,0x0000,0x0000,0x0000,
    0x0000,0x0000,0x0000,0x0000,0x0000,0x0000,0x0000,0x0000,
    0x0000,0x0000,0x0000,0x0000,0x0000,0x0000,0x0000,0x0000,
    0x0000,0x0000,0x0000,0x0000,0x0000,0x0000,0x0000,0x0000,
    0x0000,0x0000,0x0000,0x0000,0x0000,0x0000,0x0000,0x0000,
    0x0000,0x0000,0x0000,0x0000,0x0000,0x0000,0x0000,0x0000,
    0x0000,0x0000,0x0000,0x0000,0x0000,0x0000,0x0000,0x0000,
    0x0000,0x0000,0x0000,0x0000,0x0000,0x0000,0x0000,0x0000,
    0x0000,0x0000,0x0000,0x0000,0x0000,0x0000,0x0000,0x0000,
    0x0000,0x0000,0x0000,0x0000,0x0000,0x0000,0x0000,0x0000,
    0x0000,0x0000,0x0000,0x0000,0x0000,0x0000,0x0000,0x0000,
    0x0000,0x0000,0x0000,0x0000,0x0000,0x0000,0x0000,0x0000,
    0x0000,0x0000,0x0000,0x0000,0x0000,0x0000,0x0000,0x0000,
    0x0000,0x0000,0x0000,0x0000,0x0000,0x0000,0x0000,0x0000,
    0x0000,0x0000,0x0000,0x0000,0x0000,0x0000,0x0000,0x0000,
    0x0000,0x0000,0x0000,0x0000,0x0000,0x0000,0x0000,0x0000,
    0x0000,0x0000,0x0000,0x0000,0x0000,0x0000,0x0000,0x0000,
    0x0000,0x0000,0x0000,0x0000,0x0000,0x0000,0x0000,0x0000,
    0x0000,0x0000,0x0000,0x0000,0x0000,0x0000,0x0000,0x0000,
    0x0000,0x0000,0x0000,0x0000,0x0000,0x0000,0x0000,0x0000,
    0x0000,0x0000,0x0000,0x0000,0x0000,0x0000,0x0000,0x0000,
    0x0000,0x0000,0x0000,0x0000,0x0000,0x0000,0x0000,0x0000,
    0x0000,0x0000,0x0000,0x0000,0x0000,0x0000,0x0000,0x0000,
    0x0000,0x0000,0x0000,0x0000,0x0000,0x0000,0x0000,0x0000,
    0x0000,0x0000,0x0000,0x0000,0x0000,0x0000,0x0000,0x0000,
    0x0000,0x0000,0x0000,0x0000,0x0000,0x0000,0x0000,0x0000,
    0x0000,0x0000,0x0000,0x0000,0x0000,0x0000,0x0000,0x0000,
    0x0000,0x0000,0x0000,0x0000,0x0000,0x0000,0x0000,0x0000,
    0x0000,0x0000,0x0000,0x0000,0x0000,0x0000,0x0000,0x0000,
    0x0000,0x0000,0x0000,0x0000,0x0000,0x0000,0x0000,0x0000,
    0x0000,0x0000,0x0000,0x0000,0x0000,0x0000,0x0000,0x0000,
    0x0000,0x0000,0x0000,0x0000,0x0000,0x0000,0x0000,0x0000,
    0x0000,0x0000,0x0000,0x0000,0x0000,0x0000,0x0000,0x0000,
    0x0000,0x0000,0x0000,0x0000,0x0000,0x0000,0x0000,0x0000,
    0x0000,0x0000,0x0000,0x0000,0x0000,0x0000,0x0000,0x0000,
    0x0000,0x0000,0x0000,0x0000,0x0000,0x0000,0x0000,0x0000,
    0x0000,0x0000,0x0000,0x0000,0x0000,0x0000,0x0000,0x0000,
    0x0000,0x0000,0x0000,0x0000,0x0000,0x0000,0x0000,0x0000,
    0x0000,0x0000,0x0000,0x0000,0x0000,0x0000,0x0000,0x0000,
    0x0000,0x0000,0x0000,0x0000,0x0000,0x0000,0x0000,0x0000,
    0x0000,0x0000,0x0000,0x0000,0x0000,0x0000,0x0000,0x0000,
    0x0000,0x0000,0x0000,0x0000,0x0000,0x0000,0x0000,0x0000,
    0x0000,0x0000,0x0000,0x0000,0x0000,0x0000,0x0000,0x0000,
    0x0000,0x0000,0x0000,0x0000,0x0000,0x0000,0x0000,0x0000,
    0x0000,0x0000,0x0000,0x0000,0x0000,0x0000,0x0000,0x0000,
    0x0000,0x0000,0x0000,0x0000,0x0000,0x0000,0x0000,0x0000,
    0x0000,0x0000,0x0000,0x0000,0x0000,0x0000,0x0000,0x0000,
    0x0000,0x0000,0x0000,0x0000,0x0000,0x0000,0x0000,0x0000,
    0x0000,0x0000,0x0000,0x0000,0x0000,0x0000,0x0000,0x0000,
    0x0000,0x0000,0x0000,0x0000,0x0000,0x0000,0x0000,0x0000,
    0x0000,0x0000,0x0000,0x0000,0x0000,0x0000,0x0000,0x0000,
    0x0000,0x0000,0x0000,0x0000,0x0000,0x0000,0x0000,0x0000,
    0x0000,0x0000,0x0000,0x0000,0x0000,0x0000,0x0000,0x0000,
    0x0000,0x0000,0x0000,0x0000,0x0000,0x0000,0x0000,0x0000,
    0x0000,0x0000,0x0000,0x0000,0x0000,0x0000,0x0000,0x0000,
    0x0000,0x0000,0x0000,0x0000,0x0000,0x0000,0x0000,0x0000,
    0x0000,0x0000,0x0000,0x0000,0x0000,0x0000,0x0000,0x0000,
    0x0000,0x0000,0x0000,0x0000,0x0000,0x0000,0x0000,0x0000,
    0x0000,0x0000,0x0000,0x0000,0x0000,0x0000,0x0000,0x0000,
    0x0000,0x0000,0x0000,0x0000,0x0000,0x0000,0x0000,0x0000,
    0x0000,0x0000,0x0000,0x0000,0x0000,0x0000,0x0000,0x0000,
    0x0000,0x0000,0x0000,0x0000,0x0000,0x0000,0x0000,0x0000,
    0x0000,0x0000,0x0000,0x0000,0x0000,0x0000,0x0000,0x0000,
    0x0000,0x0000,0x0000,0x0000,0x0000,0x0000,0x0000,0x0000,
    0x0000,0x0000,0x0000,0x0000,0x0000,0x0000,0x0000,0x0000,
    0x0000,0x0000,0x0000,0x0000,0x0000,0x0000,0x0000,0x0000,
    0x0000,0x0000,0x0000,0x0000,0x0000,0x0000,0x0000,0x0000,
    0x0000,0x0000,0x0000,0x0000,0x0000,0x0000,0x0000,0x0000,
    0x0000,0x0000,0x0000,0x0000,0x0000,0x0000,0x0000,0x0000,
    0x0000,0x0000,0x0000,0x0000,0x0000,0x0000,0x0000,0x0000,
    0x0000,0x0000,0x0000,0x0000,0x0000,0x0000,0x0000,0x0000,
    0x0000,0x0000,0x0000,0x0000,0x0000,0x0000,0x0000,0x0000,
    0x0000,0x0000,0x0000,0x0000,0x0000,0x0000,0x0000,0x0000,
    0x0000,0x0000,0x0000,0x0000,0x0000,0x0000,0x0000,0x0000,
    0x0000,0x0000,0x0000,0x0000,0x0000,0x0000,0x0000,0x0000,
    0x0000,0x0000,0x0000,0x0000,0x0000,0x0000,0x0000,0x0000,
    0x0000,0x0000,0x0000,0x0000,0x0000,0x0000,0x0000,0x0000,
    0x0000,0x0000,0x0000,0x0000,0x0000,0x0000,0x0000,0x0000,
    0x0000,0x0000,0x0000,0x0000,0x0000,0x0000,0x0000,0x0000,
    0x0000,0x0000,0x0000,0x0000,0x0000,0x0000,0x0000,0x0000,
    0x0000,0x0000,0x0000,0x0000,0x0000,0x0000,0x0000,0x0000,
    0x0000,0x0000,0x0000,0x0000,0x0000,0x0000,0x0000,0x0000,
    0x0000,0x0000,0x0000,0x0000,0x0000,0x0000,0x0000,0x0000,
    0x0000,0x0000,0x0000,0x0000,0x0000,0x0000,0x0000,0x0000,
    0x0000,0x0000,0x0000,0x0000,0x0000,0x0000,0x0000,0x0000,
    0x0000,0x0000,0x0000,0x0000,0x0000,0x0000,0x0000,0x0000,
    0x0000,0x0000,0x0000,0x0000,0x0000,0x0000,0x0000,0x0000,
    0x0000,0x0000,0x0000,0x0000,0x0000,0x0000,0x0000,0x0000,
    0x0000,0x0000,0x0000,0x0000,0x0000,0x0000,0x0000,0x0000,
    0x0000,0x0000,0x0000,0x0000,0x0000,0x0000,0x0000,0x0000,
    0x0000,0x0000,0x0000,0x0000,0x0000,0x0000,0x0000,0x0000,
    0x0000,0x0000,0x0000,0x0000,0x0000,0x0000,0x0000,0x0000,
    0x0000,0x0000,0x0000,0x0000,0x0000,0x0000,0x0000,0x0000,
    0x0000,0x0000,0x0000,0x0000,0x0000,0x0000,0x0000,0x0000,
    0x0000,0x0000,0x0000,0x0000,0x0000,0x0000,0x0000,0x0000,
    0x0000,0x0000,0x0000,0x0000,0x0000,0x0000,0x0000,0x0000,
    0x0000,0x0000,0x0000,0x0000,0x0000,0x0000,0x0000,0x0000,
    0x0000,0x0000,0x0000,0x0000,0x0000,0x0000,0x0000,0x0000,
    0x0000,0x0000,0x0000,0x0000,0x0000,0x0000,0x0000,0x0000,
    0x0000,0x0000,0x0000,0x0000,0x0000,0x0000,0x0000,0x0000,
    0x0000,0x0000,0x0000,0x0000,0x0000,0x0000,0x0000,0x0000,
    0x0000,0x0000,0x0000,0x0000,0x0000,0x0000,0x0000,0x0000,
    0x0000,0x0000,0x0000,0x0000,0x0000,0x0000,0x0000,0x0000,
    0x0000,0x0000,0x0000,0x0000,0x0000,0x0000,0x0000,0x0000,
    0x0000,0x0000,0x0000,0x0000,0x0000,0x0000,0x0000,0x0000,
    0x0000,0x0000,0x0000,0x0000,0x0000,0x0000,0x0000,0x0000,
    0x0000,0x0000,0x0000,0x0000,0x0000,0x0000,0x0000,0x0000,
    0x0000,0x0000,0x0000,0x0000,0x0000,0x0000,0x0000,0x0000,
    0x0000,0x0000,0x0000,0x0000,0x0000,0x0000,0x0000,0x0000,
    0x0000,0x0000,0x0000,0x0000,0x0000,0x0000,0x0000,0x0000,
    0x0000,0x0000,0x0000,0x0000,0x0000,0x0000,0x0000,0x0000,
    0x0000,0x0000,0x0000,0x0000,0x0000,0x0000,0x0000,0x0000,
    0x0000,0x0000,0x0000,0x0000,0x0000,0x0000,0x0000,0x0000,
    0x0000,0x0000,0x0000,0x0000,0x0000,0x0000,0x0000,0x0000,
    0x0000,0x0000,0x0000,0x0000,0x0000,0x0000,0x0000,0x0000,
    0x0000,0x0000,0x0000,0x0000,0x0000,0x0000,0x0000,0x0000,
    0x0000,0x0000,0x0000,0x0000,0x0000,0x0000,0x0000,0x0000,
    0x0000,0x0000,0x0000,0x0000,0x0000,0x0000,0x0000,0x0000,
    0x0000,0x0000,0x0000,0x0000,0x0000,0x0000,0x0000,0x0000,
    0x0000,0x0000,0x0000,0x0000,0x0000,0x0000,0x0000,0x0000,
    0x0000,0x0000,0x0000,0x0000,0x0000,0x0000,0x0000,0x0000,
    0x0000,0x0000,0x0000,0x0000,0x0000,0x0000,0x0000,0x0000,
    0x0000,0x0000,0x0000,0x0000,0x0000,0x0000,0x0000,0x0000,
    0x0000,0x0000,0x0000,0x0000,0x0000,0x0000,0x0000,0x0000,
    0x0000,0x0000,0x0000,0x0000,0x0000,0x0000,0x0000,0x0000,
    0x0000,0x0000,0x0000,0x0000,0x0000,0x0000,0x0000,0x0000,
    0x0000,0x0000,0x0000,0x0000,0x0000,0x0000,0x0000,0x0000,
    0x0000,0x0000,0x0000,0x0000,0x0000,0x0000,0x0000,0x0000,
    0x0000,0x0000,0x0000,0x0000,0x0000,0x0000,0x0000,0x0000,
    0x0000,0x0000,0x0000,0x0000,0x0000,0x0000,0x0000,0x0000,
    0x0000,0x0000,0x0000,0x0000,0x0000,0x0000,0x0000,0x0000,
    0x0000,0x0000,0x0000,0x0000,0x0000,0x0000,0x0000,0x0000,
    0x0000,0x0000,0x0000,0x0000,0x0000,0x0000,0x0000,0x0000,
    0x0000,0x0000,0x0000,0x0000,0x0000,0x0000,0x0000,0x0000,
    0x0000,0x0000,0x0000,0x0000,0x0000,0x0000,0x0000,0x0000,
    0x0000,0x0000,0x0000,0x0000,0x0000,0x0000,0x0000,0x0000,
    0x0000,0x0000,0x0000,0x0000,0x0000,0x0000,0x0000,0x0000,
    0x0000,0x0000,0x0000,0x0000,0x0000,0x0000,0x0000,0x0000,
    0x0000,0x0000,0x0000,0x0000,0x0000,0x0000,0x0000,0x0000,
    0x0000,0x0000,0x0000,0x0000,0x0000,0x0000,0x0000,0x0000,
    0x0000,0x0000,0x0000,0x0000,0x0000,0x0000,0x0000,0x0000,
    0x0000,0x0000,0x0000,0x0000,0x0000,0x0000,0x0000,0x0000,
    0x0000,0x0000,0x0000,0x0000,0x0000,0x0000,0x0000,0x0000,
    0x0000,0x0000,0x0000,0x0000,0x0000,0x0000,0x0000,0x0000,
    0x0000,0x0000,0x0000,0x0000,0x0000,0x0000,0x0000,0x0000,
    0x0000,0x0000,0x0000,0x0000,0x0000,0x0000,0x0000,0x0000,
    0xFEE0,0x0000,0x0000,0x0000,0x0000,0x0000,0x0000,0x0000,
    0x0000,0x0000,0x0000,0x0000,0x0000,0x0000,0x0000,0x0000,
    0x0000,0x0000,0x0000,0x0000,0x0000,0x0000,0x0000,0x0000,
    0x0000,0x0000,0x0000,0x0000,0x0000,0x0000,0x0000,0x0000,
    0x0000,0x0000,0x0000,0x0000,0x0000,0x0000,0x0000,0x0000,
    0x0000,0x0000,0x0000,0x0000,0x0000,0x0000,0x0000,0x0000,
    0x0000,0x0000,0x0000,0x0000,0x0000,0x0000,0x0000,0x0000,
    0x0000,0x0000,0x0000,0x0000,0x0000,0x0000,0x0000,0x0000,
    0x0000,0x0000,0x0000,0x0000,0x0000,0x0000,0x0000,0x0000,
    0x0000,0x0000,0x0000,0x0000,0x0000,0x0000,0x0000,0x0000,
    0x0000,0x0000,0x0000,0x0000,0x0000,0x0000,0x0000,0x0000,
    0x0000,0x0000,0x0000,0x0000,0x0000,0x0000,0x0000,0x0000,
    0x0000,0x0000,0x0000,0x0000,0x0000,0x0000,0x0000,0x0000,
    0x0000,0x0000,0x0000,0x0000,0x0000,0x0000,0x0000,0x0000,
    0x0000,0x0000,0x0000,0x0000,0x0000,0x0000,0xFEE0,0xFEE0,
    0xFEE0,0xFEE0,0xFEE0,0xFEE0,0xFEE0,0xFEE0,0xFEE0,0xFEE0,
    0xFEE0,0xFEE0,0xFEE0,0xFEE0,0xFEE0,0xFEE0,0xFEE0,0xFEE0,
    0xFEE0,0xFEE0,0xFEE0,0x0000,0x0000,0x0000,0x0000,0x0000,
    0x0000,0x0000,0x0000,0x0000,0x0000,0x0000,0x0000,0x0000,
    0x0000,0x0000,0x0000,0x0000,0x0000,0x0000,0x0000,0x0000,
    0x0000,0x0000,0x0000,0x0000,0x0000,0x0000,0x0000,0x0000,
    0x0000,0x0000,0x0000,0x0000,0x0000,0x0000,0x0000,0x0000,
    0x0000,0x0000,0x0000,0x0000,0x0000,0x0000,0x0000,0x0000,
    0x0000,0x0000,0x0000,0x0000,0x0000,0x0000,0x0000,0x0000,
    0x0000,0x0000,0x0000,0x0000,0x0000,0x0000,0x0000,0x0000,
    0x0000,0x0000,0x0000,0x0000,0x0000,0x0000,0x0000,0x0000,
    0x0000,0x0000,0x0000,0x0000,0x0000,0x0000,0x0000,0x0000,
    0x0000,0x0000,0x0000,0x0000,0x0000,0x0000,0x0000,0x0000,
    0x0000,0x0000,0x0000,0x0000,0x0000,0x0000,0x0000,0x0000,
    0x0000,0x0000,0x0000,0x0000,0x0000,0x0000,0x0000,0x0000,
    0x0000,0x0000,0xFEE0,0xFEE0,0xFEE0,0xFEE0,0xFEE0,0xFEE0,
    0xFEE0,0xFEE0,0xFEE0,0xFEE0,0xFEE0,0xFEE0,0xFEE0,0xFEE0,
    0xFEE0,0xFEE0,0xFEE0,0xFEE0,0xFEE0,0xFEE0,0xFEE0,0xFEE0,
    0xFEE0,0xFEE0,0xFEE0,0xFEE0,0xFEE0,0xFEE0,0xFEE0,0x0000,
    0x0000,0x0000,0x0000,0x0000,0x0000,0x0000,0x0000,0x0000,
    0x0000,0x0000,0x0000,0x0000,0x0000,0x0000,0x0000,0x0000,
    0x0000,0x0000,0x0000,0x0000,0x0000,0x0000,0x0000,0x0000,
    0x0000,0x0000,0x0000,0x0000,0x0000,0x0000,0x0000,0x0000,
    0x0000,0x0000,0x0000,0x0000,0x0000,0x0000,0x0000,0x0000,
    0x0000,0x0000,0x0000,0x0000,0x0000,0x0000,0x0000,0x0000,
    0x0000,0x0000,0x0000,0x0000,0x0000,0x0000,0x0000,0x0000,
    0x0000,0x0000,0x0000,0x0000,0x0000,0x0000,0x0000,0x0000,
    0x0000,0x0000,0x0000,0x0000,0x0000,0x0000,0x0000,0x0000,
    0x0000,0x0000,0x0000,0x0000,0x0000,0x0000,0x0000,0x0000,
    0x0000,0x0000,0x0000,0x0000,0x0000,0x0000,0x0000,0x0000,
    0x0000,0x0000,0x0000,0x0000,0x0000,0x0000,0x0000,0xFEE0,
    0xFEE0,0xFEE0,0xFEE0,0xFEE0,0xFEE0,0xFEE0,0xFEE0,0xFEE0,
    0xFEE0,0xFEE0,0xFEE0,0xFEE0,0xFEE0,0xFEE0,0xFEE0,0xFEE0,
    0xFEE0,0xFEE0,0xFEE0,0xFEE0,0xFEE0,0xFEE0,0xFEE0,0xFEE0,
    0xFEE0,0xFEE0,0xFEE0,0xFEE0,0xFEE0,0xFEE0,0xFEE0,0xFEE0,
    0xFEE0,0xFEE0,0x0000,0x0000,0x0000,0x0000,0x0000,0x0000,
    0x0000,0x0000,0x0000,0x0000,0x0000,0x0000,0x0000,0x0000,
    0x0000,0x0000,0x0000,0x0000,0x0000,0x0000,0x0000,0x0000,
    0x0000,0x0000,0x0000,0x0000,0x0000,0x0000,0x0000,0x0000,
    0x0000,0x0000,0x0000,0x0000,0x0000,0x0000,0x0000,0x0000,
    0x0000,0x0000,0x0000,0x0000,0x0000,0x0000,0x0000,0x0000,
    0x0000,0x0000,0x0000,0x0000,0x0000,0x0000,0x0000,0x0000,
    0x0000,0x0000,0x0000,0x0000,0x0000,0x0000,0x0000,0x0000,
    0x0000,0x0000,0x0000,0x0000,0x0000,0x0000,0x0000,0x0000,
    0x0000,0x0000,0x0000,0x0000,0x0000,0x0000,0x0000,0x0000,
    0x0000,0x0000,0x0000,0x0000,0x0000,0x0000,0x0000,0x0000,
    0x0000,0x0000,0x0000,0x0000,0xFEE0,0xFEE0,0xFEE0,0xFEE0,
    0xFEE0,0xFEE0,0xFEE0,0xFEE0,0xFEE0,0xFEE0,0xFEE0,0xFEE0,
    0xFEE0,0xFEE0,0xFEE0,0xFEE0,0xFEE0,0xFEE0,0xFEE0,0xFEE0,
    0xFEE0,0xFEE0,0xFEE0,0xFEE0,0xFEE0,0xFEE0,0xFEE0,0xFEE0,
    0xFEE0,0xFEE0,0xFEE0,0xFEE0,0xFEE0,0xFEE0,0xFEE0,0xFEE0,
    0xFEE0,0xFEE0,0xFEE0,0xFEE0,0xFEE0,0x0000,0x0000,0x0000,
    0x0000,0x0000,0x0000,0x0000,0x0000,0x0000,0x0000,0x0000,
    0x0000,0x0000,0x0000,0x0000,0x0000,0x0000,0x0000,0x0000,
    0x0000,0x0000,0x0000,0x0000,0x0000,0x0000,0x0000,0x0000,
    0x0000,0x0000,0x0000,0x0000,0x0000,0x0000,0x0000,0x0000,
    0x0000,0x0000,0x0000,0x0000,0x0000,0x0000,0x0000,0x0000,
    0x0000,0x0000,0x0000,0x0000,0x0000,0x0000,0x0000,0x0000,
    0x0000,0x0000,0x0000,0x0000,0x0000,0x0000,0x0000,0x0000,
    0x0000,0x0000,0x0000,0x0000,0x0000,0x0000,0x0000,0x0000,
    0x0000,0x0000,0x0000,0x0000,0x0000,0x0000,0x0000,0x0000,
    0x0000,0x0000,0x0000,0x0000,0x0000,0x0000,0x0000,0x0000,
    0x0000,0x0000,0xFEE0,0xFEE0,0xFEE0,0xFEE0,0xFEE0,0xFEE0,
    0xFEE0,0xFEE0,0xFEE0,0xFEE0,0xFEE0,0xFEE0,0xFEE0,0xFEE0,
    0xFEE0,0xFEE0,0xFEE0,0xFEE0,0xFEE0,0xFEE0,0xFEE0,0xFEE0,
    0xFEE0,0xFEE0,0xFEE0,0xFEE0,0xFEE0,0xFEE0,0xFEE0,0xFEE0,
    0xFEE0,0xFEE0,0xFEE0,0xFEE0,0xFEE0,0xFEE0,0xFEE0,0xFEE0,
    0xFEE0,0xFEE0,0xFEE0,0xFEE0,0xFEE0,0xFEE0,0xFEE0,0x0000,
    0x0000,0x0000,0x0000,0x0000,0x0000,0x0000,0x0000,0x0000,
    0x0000,0x0000,0x0000,0x0000,0x0000,0x0000,0x0000,0x0000,
    0x0000,0x0000,0x0000,0x0000,0x0000,0x0000,0x0000,0x0000,
    0x0000,0x0000,0x0000,0x0000,0x0000,0x0000,0x0000,0x0000,
    0x0000,0x0000,0x0000,0x0000,0x0000,0x0000,0x0000,0x0000,
    0x0000,0x0000,0x0000,0x0000,0x0000,0x0000,0x0000,0x0000,
    0x0000,0x0000,0x0000,0x0000,0x0000,0x0000,0x0000,0x0000,
    0x0000,0x0000,0x0000,0x0000,0x0000,0x0000,0x0000,0x0000,
    0x0000,0x0000,0x0000,0x0000,0x0000,0x0000,0x0000,0x0000,
    0x0000,0x0000,0x0000,0x0000,0x0000,0x0000,0x0000,0x0000,
    0xFEE0,0xFEE0,0xFEE0,0xFEE0,0xFEE0,0xFEE0,0xFEE0,0xFEE0,
    0xFEE0,0xFEE0,0xFEE0,0xFEE0,0xFEE0,0xFEE0,0xFEE0,0xFEE0,
    0xFEE0,0xFEE0,0xFEE0,0xFEE0,0xFEE0,0xFEE0,0xFEE0,0xFEE0,
    0xFEE0,0xFEE0,0xFEE0,0xFEE0,0xFEE0,0xFEE0,0xFEE0,0xFEE0,
    0xFEE0,0xFEE0,0xFEE0,0xFEE0,0xFEE0,0xFEE0,0xFEE0,0xFEE0,
    0xFEE0,0xFEE0,0xFEE0,0xFEE0,0xFEE0,0xFEE0,0xFEE0,0xFEE0,
    0xFEE0,0x0000,0x0000,0x0000,0x0000,0x0000,0x0000,0x0000,
    0x0000,0x0000,0x0000,0x0000,0x0000,0x0000,0x0000,0x0000,
    0x0000,0x0000,0x0000,0x0000,0x0000,0x0000,0x0000,0x0000,
    0x0000,0x0000,0x0000,0x0000,0x0000,0x0000,0x0000,0x0000,
    0x0000,0x0000,0x0000,0x0000,0x0000,0x0000,0x0000,0x0000,
    0x0000,0x0000,0x0000,0x0000,0x0000,0x0000,0x0000,0x0000,
    0x0000,0x0000,0x0000,0x0000,0x0000,0x0000,0x0000,0x0000,
    0x0000,0x0000,0x0000,0x0000,0x0000,0x0000,0x0000,0x0000,
    0x0000,0x0000,0x0000,0x0000,0x0000,0x0000,0x0000,0x0000,
    0x0000,0x0000,0x0000,0x0000,0x0000,0x0000,0xFEE0,0xFEE0,
    0xFEE0,0xFEE0,0xFEE0,0xFEE0,0xFEE0,0xFEE0,0xFEE0,0xFEE0,
    0xFEE0,0xFEE0,0xFEE0,0xFEE0,0xFEE0,0xFEE0,0xFEE0,0xFEE0,
    0xFEE0,0xFEE0,0xFEE0,0xFEE0,0xFEE0,0xFEE0,0xFEE0,0xFEE0,
    0xFEE0,0xFEE0,0xFEE0,0xFEE0,0xFEE0,0xFEE0,0xFEE0,0xFEE0,
    0xFEE0,0xFEE0,0xFEE0,0xFEE0,0xFEE0,0xFEE0,0xFEE0,0xFEE0,
    0xFEE0,0xFEE0,0xFEE0,0xFEE0,0xFEE0,0xFEE0,0xFEE0,0xFEE0,
    0xFEE0,0xFEE0,0xFEE0,0x0000,0x0000,0x0000,0x0000,0x0000,
    0x0000,0x0000,0x0000,0x0000,0x0000,0x0000,0x0000,0x0000,
    0x0000,0x0000,0x0000,0x0000,0x0000,0x0000,0x0000,0x0000,
    0x0000,0x0000,0x0000,0x0000,0x0000,0x0000,0x0000,0x0000,
    0x0000,0x0000,0x0000,0x0000,0x0000,0x0000,0x0000,0x0000,
    0x0000,0x0000,0x0000,0x0000,0x0000,0x0000,0x0000,0x0000,
    0x0000,0x0000,0x0000,0x0000,0x0000,0x0000,0x0000,0x0000,
    0x0000,0x0000,0x0000,0x0000,0x0000,0x0000,0x0000,0x0000,
    0x0000,0x0000,0x0000,0x0000,0x0000,0x0000,0x0000,0x0000,
    0x0000,0x0000,0x0000,0x0000,0xFEE0,0xFEE0,0xFEE0,0xFEE0,
    0xFEE0,0xFEE0,0xFEE0,0xFEE0,0xFEE0,0xFEE0,0xFEE0,0xFEE0,
    0xFEE0,0xFEE0,0xFEE0,0xFEE0,0xFEE0,0xFEE0,0xFEE0,0xFEE0,
    0xFEE0,0xFEE0,0xFEE0,0xFEE0,0xFEE0,0xFEE0,0xFEE0,0xFEE0,
    0xFEE0,0xFEE0,0xFEE0,0xFEE0,0xFEE0,0xFEE0,0xFEE0,0xFEE0,
    0xFEE0,0xFEE0,0xFEE0,0xFEE0,0xFEE0,0xFEE0,0xFEE0,0xFEE0,
    0xFEE0,0xFEE0,0xFEE0,0xFEE0,0xFEE0,0xFEE0,0xFEE0,0xFEE0,
    0xFEE0,0xFEE0,0xFEE0,0xFEE0,0xFEE0,0x0000,0x0000,0x0000,
    0x0000,0x0000,0x0000,0x0000,0x0000,0x0000,0x0000,0x0000,
    0x0000,0x0000,0x0000,0x0000,0x0000,0x0000,0x0000,0x0000,
    0x0000,0x0000,0x0000,0x0000,0x0000,0x0000,0x0000,0x0000,
    0x0000,0x0000,0x0000,0x0000,0x0000,0x0000,0x0000,0x0000,
    0x0000,0x0000,0x0000,0x0000,0x0000,0x0000,0x0000,0x0000,
    0x0000,0x0000,0x0000,0x0000,0x0000,0x0000,0x0000,0x0000,
    0x0000,0x0000,0x0000,0x0000,0x0000,0x0000,0x0000,0x0000,
    0x0000,0x0000,0x0000,0x0000,0x0000,0x0000,0x0000,0x0000,
    0x0000,0x0000,0xFEE0,0xFEE0,0xFEE0,0xFEE0,0xFEE0,0xFEE0,
    0xFEE0,0xFEE0,0xFEE0,0xFEE0,0xFEE0,0xFEE0,0xFEE0,0xFEE0,
    0xFEE0,0xFEE0,0xFEE0,0xFEE0,0xFEE0,0xFEE0,0xFEE0,0xFEE0,
    0xFEE0,0xFEE0,0xFEE0,0xFEE0,0xFEE0,0xFEE0,0xFEE0,0xFEE0,
    0xFEE0,0xFEE0,0xFEE0,0xFEE0,0xFEE0,0xFEE0,0xFEE0,0xFEE0,
    0xFEE0,0xFEE0,0xFEE0,0xFEE0,0xFEE0,0xFEE0,0xFEE0,0xFEE0,
    0xFEE0,0xFEE0,0xFEE0,0xFEE0,0xFEE0,0xFEE0,0xFEE0,0xFEE0,
    0xFEE0,0xFEE0,0xFEE0,0xFEE0,0xFEE0,0xFEE0,0xFEE0,0x0000,
    0x0000,0x0000,0x0000,0x0000,0x0000,0x0000,0x0000,0x0000,
    0x0000,0x0000,0x0000,0x0000,0x0000,0x0000,0x0000,0x0000,
    0x0000,0x0000,0x0000,0x0000,0x0000,0x0000,0x0000,0x0000,
    0x0000,0x0000,0x0000,0x0000,0x0000,0x0000,0x0000,0x0000,
    0x0000,0x0000,0x0000,0x0000,0x0000,0x0000,0x0000,0x0000,
    0x0000,0x0000,0x0000,0x0000,0x0000,0x0000,0x0000,0x0000,
    0x0000,0x0000,0x0000,0x0000,0x0000,0x0000,0x0000,0x0000,
    0x0000,0x0000,0x0000,0x0000,0x0000,0x0000,0x0000,0x0000,
    0x0000,0xFEE0,0xFEE0,0xFEE0,0xFEE0,0xFEE0,0xFEE0,0xFEE0,
    0xFEE0,0xFEE0,0xFEE0,0xFEE0,0xFEE0,0xFEE0,0xFEE0,0xFEE0,
    0xFEE0,0xFEE0,0xFEE0,0xFEE0,0xFEE0,0xFEE0,0xFEE0,0xFEE0,
    0xFEE0,0xFEE0,0xFEE0,0xFEE0,0xFEE0,0xFEE0,0xFEE0,0xFEE0,
    0xFEE0,0xFEE0,0xFEE0,0xFEE0,0xFEE0,0xFEE0,0xFEE0,0xFEE0,
    0xFEE0,0xFEE0,0xFEE0,0xFEE0,0xFEE0,0xFEE0,0xFEE0,0xFEE0,
    0xFEE0,0xFEE0,0xFEE0,0xFEE0,0xFEE0,0xFEE0,0xFEE0,0xFEE0,
    0xFEE0,0xFEE0,0xFEE0,0xFEE0,0xFEE0,0xFEE0,0xFEE0,0xFEE0,
    0x0000,0x0000,0x0000,0x0000,0x0000,0x0000,0x0000,0x0000,
    0x0000,0x0000,0x0000,0x0000,0x0000,0x0000,0x0000,0x0000,
    0x0000,0x0000,0x0000,0x0000,0x0000,0x0000,0x0000,0x0000,
    0x0000,0x0000,0x0000,0x0000,0x0000,0x0000,0x0000,0x0000,
    0x0000,0x0000,0x0000,0x0000,0x0000,0x0000,0x0000,0x0000,
    0x0000,0x0000,0x0000,0x0000,0x0000,0x0000,0x0000,0x0000,
    0x0000,0x0000,0x0000,0x0000,0x0000,0x0000,0x0000,0x0000,
    0x0000,0x0000,0x0000,0x0000,0x0000,0x0000,0x0000,0xFEE0,
    0xFEE0,0xFEE0,0xFEE0,0xFEE0,0xFEE0,0xFEE0,0xFEE0,0xFEE0,
    0xFEE0,0xFEE0,0xFEE0,0xFEE0,0xFEE0,0xFEE0,0xFEE0,0xFEE0,
    0xFEE0,0xFEE0,0xFEE0,0xFEE0,0xFEE0,0xFEE0,0xFEE0,0xFEE0,
    0xFEE0,0xFEE0,0xFEE0,0xFEE0,0xFEE0,0xFEE0,0xFEE0,0xFEE0,
    0xFEE0,0xFEE0,0xFEE0,0xFEE0,0xFEE0,0xFEE0,0xFEE0,0xFEE0,
    0xFEE0,0xFEE0,0xFEE0,0xFEE0,0xFEE0,0xFEE0,0xFEE0,0xFEE0,
    0xFEE0,0xFEE0,0xFEE0,0xFEE0,0xFEE0,0xFEE0,0xFEE0,0xFEE0,
    0xFEE0,0xFEE0,0xFEE0,0xFEE0,0xFEE0,0xFEE0,0xFEE0,0xFEE0,
    0xFEE0,0xFEE0,0x0000,0x0000,0x0000,0x0000,0x0000,0x0000,
    0x0000,0x0000,0x0000,0x0000,0x0000,0x0000,0x0000,0x0000,
    0x0000,0x0000,0x0000,0x0000,0x0000,0x0000,0x0000,0x0000,
    0x0000,0x0000,0x0000,0x0000,0x0000,0x0000,0x0000,0x0000,
    0x0000,0x0000,0x0000,0x0000,0x0000,0x0000,0x0000,0x0000,
    0x0000,0x0000,0x0000,0x0000,0x0000,0x0000,0x0000,0x0000,
    0x0000,0x0000,0x0000,0x0000,0x0000,0x0000,0x0000,0x0000,
    0x0000,0x0000,0x0000,0x0000,0x0000,0x0000,0xFEE0,0xFEE0,
    0xFEE0,0xFEE0,0xFEE0,0xFEE0,0xFEE0,0xFEE0,0xFEE0,0xFEE0,
    0xFEE0,0xFEE0,0xFEE0,0xFEE0,0xFEE0,0xFEE0,0xFEE0,0xFEE0,
    0xFEE0,0xFEE0,0xFEE0,0xFEE0,0xFEE0,0xFEE0,0xFEE0,0xFEE0,
    0xFEE0,0xFEE0,0xFEE0,0xFEE0,0xFEE0,0xFEE0,0xFEE0,0xFEE0,
    0xFEE0,0xFEE0,0xFEE0,0xFEE0,0xFEE0,0xFEE0,0xFEE0,0xFEE0,
    0xFEE0,0xFEE0,0xFEE0,0xFEE0,0xFEE0,0xFEE0,0xFEE0,0xFEE0,
    0xFEE0,0xFEE0,0xFEE0,0xFEE0,0xFEE0,0xFEE0,0xFEE0,0xFEE0,
    0xFEE0,0xFEE0,0xFEE0,0xFEE0,0xFEE0,0xFEE0,0xFEE0,0xFEE0,
    0xFEE0,0xFEE0,0xFEE0,0x0000,0x0000,0x0000,0x0000,0x0000,
    0x0000,0x0000,0x0000,0x0000,0x0000,0x0000,0x0000,0x0000,
    0x0000,0x0000,0x0000,0x0000,0x0000,0x0000,0x0000,0x0000,
    0x0000,0x0000,0x0000,0x0000,0x0000,0x0000,0x0000,0x0000,
    0x0000,0x0000,0x0000,0x0000,0x0000,0x0000,0x0000,0x0000,
    0x0000,0x0000,0x0000,0x0000,0x0000,0x0000,0x0000,0x0000,
    0x0000,0x0000,0x0000,0x0000,0x0000,0x0000,0x0000,0x0000,
    0x0000,0x0000,0x0000,0x0000,0x0000,0xFEE0,0xFEE0,0xFEE0,
    0xFEE0,0xFEE0,0xFEE0,0xFEE0,0xFEE0,0xFEE0,0xFEE0,0xFEE0,
    0xFEE0,0xFEE0,0xFEE0,0xFEE0,0xFEE0,0xFEE0,0xFEE0,0xFEE0,
    0xFEE0,0xFEE0,0xFEE0,0xFEE0,0xFEE0,0xFEE0,0xFEE0,0xFEE0,
    0xFEE0,0xFEE0,0xFEE0,0xFEE0,0xFEE0,0xFEE0,0xFEE0,0xFEE0,
    0xFEE0,0xFEE0,0xFEE0,0xFEE0,0xFEE0,0xFEE0,0xFEE0,0xFEE0,
    0xFEE0,0xFEE0,0xFEE0,0xFEE0,0xFEE0,0xFEE0,0xFEE0,0xFEE0,
    0xFEE0,0xFEE0,0xFEE0,0xFEE0,0xFEE0,0xFEE0,0xFEE0,0xFEE0,
    0xFEE0,0xFEE0,0xFEE0,0xFEE0,0xFEE0,0xFEE0,0xFEE0,0xFEE0,
    0xFEE0,0xFEE0,0xFEE0,0xFEE0,0x0000,0x0000,0x0000,0x0000,
    0x0000,0x0000,0x0000,0x0000,0x0000,0x0000,0x0000,0x0000,
    0x0000,0x0000,0x0000,0x0000,0x0000,0x0000,0x0000,0x0000,
    0x0000,0x0000,0x0000,0x0000,0x0000,0x0000,0x0000,0x0000,
    0x0000,0x0000,0x0000,0x0000,0x0000,0x0000,0x0000,0x0000,
    0x0000,0x0000,0x0000,0x0000,0x0000,0x0000,0x0000,0x0000,
    0x0000,0x0000,0x0000,0x0000,0x0000,0x0000,0x0000,0x0000,
    0x0000,0x0000,0x0000,0x0000,0xFEE0,0xFEE0,0xFEE0,0xFEE0,
    0xFEE0,0xFEE0,0xFEE0,0xFEE0,0xFEE0,0xFEE0,0xFEE0,0xFEE0,
    0xFEE0,0xFEE0,0xFEE0,0xFEE0,0xFEE0,0xFEE0,0xFEE0,0xFEE0,
    0xFEE0,0xFEE0,0xFEE0,0xFEE0,0xFEE0,0xFEE0,0xFEE0,0xFEE0,
    0xFEE0,0xFEE0,0xFEE0,0xFEE0,0xFEE0,0xFEE0,0xFEE0,0xFEE0,
    0xFEE0,0xFEE0,0xFEE0,0xFEE0,0xFEE0,0xFEE0,0xFEE0,0xFEE0,
    0xFEE0,0xFEE0,0xFEE0,0xFEE0,0xFEE0,0xFEE0,0xFEE0,0xFEE0,
    0xFEE0,0xFEE0,0xFEE0,0xFEE0,0xFEE0,0xFEE0,0xFEE0,0xFEE0,
    0xFEE0,0xFEE0,0xFEE0,0xFEE0,0xFEE0,0xFEE0,0xFEE0,0xFEE0,
    0xFEE0,0xFEE0,0xFEE0,0xFEE0,0xFEE0,0x0000,0x0000,0x0000,
    0x0000,0x0000,0x0000,0x0000,0x0000,0x0000,0x0000,0x0000,
    0x0000,0x0000,0x0000,0x0000,0x0000,0x0000,0x0000,0x0000,
    0x0000,0x0000,0x0000,0x0000,0x0000,0x0000,0x0000,0x0000,
    0x0000,0x0000,0x0000,0x0000,0x0000,0x0000,0x0000,0x0000,
    0x0000,0x0000,0x0000,0x0000,0x0000,0x0000,0x0000,0x0000,
    0x0000,0x0000,0x0000,0x0000,0x0000,0x0000,0x0000,0x0000,
    0x0000,0x0000,0x0000,0xFEE0,0xFEE0,0xFEE0,0xFEE0,0xFEE0,
    0xFEE0,0xFEE0,0xFEE0,0xFEE0,0xFEE0,0xFEE0,0xFEE0,0xFEE0,
    0xFEE0,0xFEE0,0xFEE0,0xFEE0,0xFEE0,0xFEE0,0xFEE0,0xFEE0,
    0xFEE0,0xFEE0,0xFEE0,0xFEE0,0xFEE0,0xFEE0,0xFEE0,0xFEE0,
    0xFEE0,0xFEE0,0xFEE0,0xFEE0,0xFEE0,0xFEE0,0xFEE0,0xFEE0,
    0xFEE0,0xFEE0,0xFEE0,0xFEE0,0xFEE0,0xFEE0,0xFEE0,0xFEE0,
    0xFEE0,0xFEE0,0xFEE0,0xFEE0,0xFEE0,0xFEE0,0xFEE0,0xFEE0,
    0xFEE0,0xFEE0,0xFEE0,0xFEE0,0xFEE0,0xFEE0,0xFEE0,0xFEE0,
    0xFEE0,0xFEE0,0xFEE0,0xFEE0,0xFEE0,0xFEE0,0xFEE0,0xFEE0,
    0xFEE0,0xFEE0,0xFEE0,0xFEE0,0xFEE0,0xFEE0,0x0000,0x0000,
    0x0000,0x0000,0x0000,0x0000,0x0000,0x0000,0x0000,0x0000,
    0x0000,0x0000,0x0000,0x0000,0x0000,0x0000,0x0000,0x0000,
    0x0000,0x0000,0x0000,0x0000,0x0000,0x0000,0x0000,0x0000,
    0x0000,0x0000,0x0000,0x0000,0x0000,0x0000,0x0000,0x0000,
    0x0000,0x0000,0x0000,0x0000,0x0000,0x0000,0x0000,0x0000,
    0x0000,0x0000,0x0000,0x0000,0x0000,0x0000,0x0000,0x0000,
    0x0000,0x0000,0xFEE0,0xFEE0,0xFEE0,0xFEE0,0xFEE0,0xFEE0,
    0xFEE0,0xFEE0,0xFEE0,0xFEE0,0xFEE0,0xFEE0,0xFEE0,0xFEE0,
    0xFEE0,0xFEE0,0xFEE0,0xFEE0,0xFEE0,0xFEE0,0xFEE0,0xFEE0,
    0xFEE0,0xFEE0,0xFEE0,0xFEE0,0xFEE0,0xFEE0,0xFEE0,0xFEE0,
    0xFEE0,0xFEE0,0xFEE0,0xFEE0,0xFEE0,0xFEE0,0xFEE0,0xFEE0,
    0xFEE0,0xFEE0,0xFEE0,0xFEE0,0xFEE0,0xFEE0,0xFEE0,0xFEE0,
    0xFEE0,0xFEE0,0xFEE0,0xFEE0,0xFEE0,0xFEE0,0xFEE0,0xFEE0,
    0xFEE0,0xFEE0,0xFEE0,0xFEE0,0xFEE0,0xFEE0,0xFEE0,0xFEE0,
    0xFEE0,0xFEE0,0xFEE0,0xFEE0,0xFEE0,0xFEE0,0xFEE0,0xFEE0,
    0xFEE0,0xFEE0,0xFEE0,0xFEE0,0xFEE0,0xFEE0,0xFEE0,0x0000,
    0x0000,0x0000,0x0000,0x0000,0x0000,0x0000,0x0000,0x0000,
    0x0000,0x0000,0x0000,0x0000,0x0000,0x0000,0x0000,0x0000,
    0x0000,0x0000,0x0000,0x0000,0x0000,0x0000,0x0000,0x0000,
    0x0000,0x0000,0x0000,0x0000,0x0000,0x0000,0x0000,0x0000,
    0x0000,0x0000,0x0000,0x0000,0x0000,0x0000,0x0000,0x0000,
    0x0000,0x0000,0x0000,0x0000,0x0000,0x0000,0x0000,0x0000,
    0x0000,0xFEE0,0xFEE0,0xFEE0,0xFEE0,0xFEE0,0xFEE0,0xFEE0,
    0xFEE0,0xFEE0,0xFEE0,0xFEE0,0xFEE0,0xFEE0,0xFEE0,0xFEE0,
    0xFEE0,0xFEE0,0xFEE0,0xFEE0,0xFEE0,0xFEE0,0xFEE0,0xFEE0,
    0xFEE0,0xFEE0,0xFEE0,0xFEE0,0xFEE0,0xFEE0,0xFEE0,0xFEE0,
    0xFEE0,0xFEE0,0xFEE0,0xFEE0,0xFEE0,0xFEE0,0xFEE0,0xFEE0,
    0xFEE0,0xFEE0,0xFEE0,0xFEE0,0xFEE0,0xFEE0,0xFEE0,0xFEE0,
    0xFEE0,0xFEE0,0xFEE0,0xFEE0,0xFEE0,0xFEE0,0xFEE0,0xFEE0,
    0xFEE0,0xFEE0,0xFEE0,0xFEE0,0xFEE0,0xFEE0,0xFEE0,0xFEE0,
    0xFEE0,0xFEE0,0xFEE0,0xFEE0,0xFEE0,0xFEE0,0xFEE0,0xFEE0,
    0xFEE0,0xFEE0,0xFEE0,0xFEE0,0xFEE0,0xFEE0,0xFEE0,0xFEE0,
    0x0000,0x0000,0x0000,0x0000,0x0000,0x0000,0x0000,0x0000,
    0x0000,0x0000,0x0000,0x0000,0x0000,0x0000,0x0000,0x0000,
    0x0000,0x0000,0x0000,0x0000,0x0000,0x0000,0x0000,0x0000,
    0x0000,0x0000,0x0000,0x0000,0x0000,0x0000,0x0000,0x0000,
    0x0000,0x0000,0x0000,0x0000,0x0000,0x0000,0x0000,0x0000,
    0x0000,0x0000,0x0000,0x0000,0x0000,0x0000,0x0000,0x0000,
    0xFEE0,0xFEE0,0xFEE0,0xFEE0,0xFEE0,0xFEE0,0xFEE0,0xFEE0,
    0xFEE0,0xFEE0,0xFEE0,0xFEE0,0xFEE0,0xFEE0,0xFEE0,0xFEE0,
    0xFEE0,0xFEE0,0xFEE0,0xFEE0,0xFEE0,0xFEE0,0xFEE0,0xFEE0,
    0xFEE0,0xFEE0,0xFEE0,0xFEE0,0xFEE0,0xFEE0,0xFEE0,0xFEE0,
    0xFEE0,0xFEE0,0xFEE0,0xFEE0,0xFEE0,0xFEE0,0xFEE0,0xFEE0,
    0xFEE0,0xFEE0,0xFEE0,0xFEE0,0xFEE0,0xFEE0,0xFEE0,0xFEE0,
    0xFEE0,0xFEE0,0xFEE0,0xFEE0,0xFEE0,0xFEE0,0xFEE0,0xFEE0,
    0xFEE0,0xFEE0,0xFEE0,0xFEE0,0xFEE0,0xFEE0,0xFEE0,0xFEE0,
    0xFEE0,0xFEE0,0xFEE0,0xFEE0,0xFEE0,0xFEE0,0xFEE0,0xFEE0,
    0xFEE0,0xFEE0,0xFEE0,0xFEE0,0xFEE0,0xFEE0,0xFEE0,0xFEE0,
    0xFEE0,0x0000,0x0000,0x0000,0x0000,0x0000,0x0000,0x0000,
    0x0000,0x0000,0x0000,0x0000,0x0000,0x0000,0x0000,0x0000,
    0x0000,0x0000,0x0000,0x0000,0x0000,0x0000,0x0000,0x0000,
    0x0000,0x0000,0x0000,0x0000,0x0000,0x0000,0x0000,0x0000,
    0x0000,0x0000,0x0000,0x0000,0x0000,0x0000,0x0000,0x0000,
    0x0000,0x0000,0x0000,0x0000,0x0000,0x0000,0x0000,0xFEE0,
    0xFEE0,0xFEE0,0xFEE0,0xFEE0,0xFEE0,0xFEE0,0xFEE0,0xFEE0,
    0xFEE0,0xFEE0,0xFEE0,0xFEE0,0xFEE0,0xFEE0,0xFEE0,0xFEE0,
    0xFEE0,0xFEE0,0xFEE0,0xFEE0,0xFEE0,0xFEE0,0xFEE0,0xFEE0,
    0xFEE0,0xFEE0,0xFEE0,0xFEE0,0xFEE0,0xFEE0,0xFEE0,0xFEE0,
    0xFEE0,0xFEE0,0xFEE0,0xFEE0,0xFEE0,0xFEE0,0xFEE0,0xFEE0,
    0xFEE0,0xFEE0,0xFEE0,0xFEE0,0xFEE0,0xFEE0,0xFEE0,0xFEE0,
    0xFEE0,0xFEE0,0xFEE0,0xFEE0,0xFEE0,0xFEE0,0xFEE0,0xFEE0,
    0xFEE0,0xFEE0,0xFEE0,0xFEE0,0xFEE0,0xFEE0,0xFEE0,0xFEE0,
    0xFEE0,0xFEE0,0xFEE0,0xFEE0,0xFEE0,0xFEE0,0xFEE0,0xFEE0,
    0xFEE0,0xFEE0,0xFEE0,0xFEE0,0xFEE0,0xFEE0,0xFEE0,0xFEE0,
    0xFEE0,0xFEE0,0x0000,0x0000,0x0000,0x0000,0x0000,0x0000,
    0x0000,0x0000,0x0000,0x0000,0x0000,0x0000,0x0000,0x0000,
    0x0000,0x0000,0x0000,0x0000,0x0000,0x0000,0x0000,0x0000,
    0x0000,0x0000,0x0000,0x0000,0x0000,0x0000,0x0000,0x0000,
    0x0000,0x0000,0x0000,0x0000,0x0000,0x0000,0x0000,0x0000,
    0x0000,0x0000,0x0000,0x0000,0x0000,0x0000,0xFEE0,0xFEE0,
    0xFEE0,0xFEE0,0xFEE0,0xFEE0,0xFEE0,0xFEE0,0xFEE0,0xFEE0,
    0xFEE0,0xFEE0,0xFEE0,0xFEE0,0xFEE0,0xFEE0,0xFEE0,0xFEE0,
    0xFEE0,0xFEE0,0xFEE0,0xFEE0,0xFEE0,0xFEE0,0xFEE0,0xFEE0,
    0xFEE0,0xFEE0,0xFEE0,0xFEE0,0xFEE0,0xFEE0,0xFEE0,0xFEE0,
    0xFEE0,0xFEE0,0xFEE0,0xFEE0,0xFEE0,0xFEE0,0xFEE0,0xFEE0,
    0xFEE0,0xFEE0,0xFEE0,0xFEE0,0xFEE0,0xFEE0,0xFEE0,0xFEE0,
    0xFEE0,0xFEE0,0xFEE0,0xFEE0,0xFEE0,0xFEE0,0xFEE0,0xFEE0,
    0xFEE0,0xFEE0,0xFEE0,0xFEE0,0xFEE0,0xFEE0,0xFEE0,0xFEE0,
    0xFEE0,0xFEE0,0xFEE0,0xFEE0,0xFEE0,0xFEE0,0xFEE0,0xFEE0,
    0xFEE0,0xFEE0,0xFEE0,0xFEE0,0xFEE0,0xFEE0,0xFEE0,0xFEE0,
    0xFEE0,0xFEE0,0xFEE0,0x0000,0x0000,0x0000,0x0000,0x0000,
    0x0000,0x0000,0x0000,0x0000,0x0000,0x0000,0x0000,0x0000,
    0x0000,0x0000,0x0000,0x0000,0x0000,0x0000,0x0000,0x0000,
    0x0000,0x0000,0x0000,0x0000,0x0000,0x0000,0x0000,0x0000,
    0x0000,0x0000,0x0000,0x0000,0x0000,0x0000,0x0000,0x0000,
    0x0000,0x0000,0x0000,0x0000,0x0000,0xFEE0,0xFEE0,0xFEE0,
    0xFEE0,0xFEE0,0xFEE0,0xFEE0,0xFEE0,0xFEE0,0xFEE0,0xFEE0,
    0xFEE0,0xFEE0,0xFEE0,0xFEE0,0xFEE0,0xFEE0,0xFEE0,0xFEE0,
    0xFEE0,0xFEE0,0xFEE0,0xFEE0,0xFEE0,0xFEE0,0xFEE0,0xFEE0,
    0xFEE0,0xFEE0,0xFEE0,0xFEE0,0xFEE0,0xFEE0,0xFEE0,0xFEE0,
    0xFEE0,0xFEE0,0xFEE0,0xFEE0,0xFEE0,0xFEE0,0xFEE0,0xFEE0,
    0xFEE0,0xFEE0,0xFEE0,0xFEE0,0xFEE0,0xFEE0,0xFEE0,0xFEE0,
    0xFEE0,0xFEE0,0xFEE0,0xFEE0,0xFEE0,0xFEE0,0xFEE0,0xFEE0,
    0xFEE0,0xFEE0,0xFEE0,0xFEE0,0xFEE0,0xFEE0,0xFEE0,0xFEE0,
    0xFEE0,0xFEE0,0xFEE0,0xFEE0,0xFEE0,0xFEE0,0xFEE0,0xFEE0,
    0xFEE0,0xFEE0,0xFEE0,0xFEE0,0xFEE0,0xFEE0,0xFEE0,0xFEE0,
    0xFEE0,0xFEE0,0xFEE0,0xFEE0,0x0000,0x0000,0x0000,0x0000,
    0x0000,0x0000,0x0000,0x0000,0x0000,0x0000,0x0000,0x0000,
    0x0000,0x0000,0x0000,0x0000,0x0000,0x0000,0x0000,0x0000,
    0x0000,0x0000,0x0000,0x0000,0x0000,0x0000,0x0000,0x0000,
    0x0000,0x0000,0x0000,0x0000,0x0000,0x0000,0x0000,0x0000,
    0x0000,0x0000,0x0000,0x0000,0xFEE0,0xFEE0,0xFEE0,0xFEE0,
    0xFEE0,0xFEE0,0xFEE0,0xFEE0,0xFEE0,0xFEE0,0xFEE0,0xFEE0,
    0xFEE0,0xFEE0,0xFEE0,0xFEE0,0xFEE0,0xFEE0,0xFEE0,0xFEE0,
    0xFEE0,0xFEE0,0xFEE0,0xFEE0,0xFEE0,0xFEE0,0xFEE0,0xFEE0,
    0xFEE0,0xFEE0,0xFEE0,0xFEE0,0xFEE0,0xFEE0,0xFEE0,0xFEE0,
    0xFEE0,0xFEE0,0xFEE0,0xFEE0,0xFEE0,0xFEE0,0xFEE0,0xFEE0,
    0xFEE0,0xFEE0,0xFEE0,0xFEE0,0xFEE0,0xFEE0,0xFEE0,0xFEE0,
    0xFEE0,0xFEE0,0xFEE0,0xFEE0,0xFEE0,0xFEE0,0xFEE0,0xFEE0,
    0xFEE0,0xFEE0,0xFEE0,0xFEE0,0xFEE0,0xFEE0,0xFEE0,0xFEE0,
    0xFEE0,0xFEE0,0xFEE0,0xFEE0,0xFEE0,0xFEE0,0xFEE0,0xFEE0,
    0xFEE0,0xFEE0,0xFEE0,0xFEE0,0xFEE0,0xFEE0,0xFEE0,0xFEE0,
    0xFEE0,0xFEE0,0xFEE0,0xFEE0,0xFEE0,0x0000,0x0000,0x0000,
    0x0000,0x0000,0x0000,0x0000,0x0000,0x0000,0x0000,0x0000,
    0x0000,0x0000,0x0000,0x0000,0x0000,0x0000,0x0000,0x0000,
    0x0000,0x0000,0x0000,0x0000,0x0000,0x0000,0x0000,0x0000,
    0x0000,0x0000,0x0000,0x0000,0x0000,0x0000,0x0000,0x0000,
    0x0000,0x0000,0x0000,0x0000,0xFEE0,0xFEE0,0xFEE0,0xFEE0,
    0xFEE0,0xFEE0,0xFEE0,0xFEE0,0xFEE0,0xFEE0,0xFEE0,0xFEE0,
    0xFEE0,0xFEE0,0xFEE0,0xFEE0,0xFEE0,0xFEE0,0xFEE0,0xFEE0,
    0xFEE0,0xFEE0,0xFEE0,0xFEE0,0xFEE0,0xFEE0,0xFEE0,0xFEE0,
    0xFEE0,0xFEE0,0xFEE0,0xFEE0,0xFEE0,0xFEE0,0xFEE0,0xFEE0,
    0xFEE0,0xFEE0,0xFEE0,0xFEE0,0xFEE0,0xFEE0,0xFEE0,0xFEE0,
    0xFEE0,0xFEE0,0xFEE0,0xFEE0,0xFEE0,0xFEE0,0xFEE0,0xFEE0,
    0xFEE0,0xFEE0,0xFEE0,0xFEE0,0xFEE0,0xFEE0,0xFEE0,0xFEE0,
    0xFEE0,0xFEE0,0xFEE0,0xFEE0,0xFEE0,0xFEE0,0xFEE0,0xFEE0,
    0xFEE0,0xFEE0,0xFEE0,0xFEE0,0xFEE0,0xFEE0,0xFEE0,0xFEE0,
    0xFEE0,0xFEE0,0xFEE0,0xFEE0,0xFEE0,0xFEE0,0xFEE0,0xFEE0,
    0xFEE0,0xFEE0,0xFEE0,0xFEE0,0xFEE0,0x0000,0x0000,0x0000,
    0x0000,0x0000,0x0000,0x0000,0x0000,0x0000,0x0000,0x0000,
    0x0000,0x0000,0x0000,0x0000,0x0000,0x0000,0x0000,0x0000,
    0x0000,0x0000,0x0000,0x0000,0x0000,0x0000,0x0000,0x0000,
    0x0000,0x0000,0x0000,0x0000,0x0000,0x0000,0x0000,0x0000,
    0x0000,0x0000,0x0000,0xFEE0,0xFEE0,0xFEE0,0xFEE0,0xFEE0,
    0xFEE0,0xFEE0,0xFEE0,0xFEE0,0xFEE0,0xFEE0,0xFEE0,0xFEE0,
    0xFEE0,0xFEE0,0xFEE0,0xFEE0,0xFEE0,0xFEE0,0xFEE0,0xFEE0,
    0xFEE0,0xFEE0,0xFEE0,0xFEE0,0xFEE0,0xFEE0,0xFEE0,0xFEE0,
    0xFEE0,0xFEE0,0xFEE0,0xFEE0,0xFEE0,0xFEE0,0xFEE0,0xFEE0,
    0xFEE0,0xFEE0,0xFEE0,0xFEE0,0xFEE0,0xFEE0,0xFEE0,0xFEE0,
    0xFEE0,0xFEE0,0xFEE0,0xFEE0,0xFEE0,0xFEE0,0xFEE0,0xFEE0,
    0xFEE0,0xFEE0,0xFEE0,0xFEE0,0xFEE0,0xFEE0,0xFEE0,0xFEE0,
    0xFEE0,0xFEE0,0xFEE0,0xFEE0,0xFEE0,0xFEE0,0xFEE0,0xFEE0,
    0xFEE0,0xFEE0,0xFEE0,0xFEE0,0xFEE0,0xFEE0,0xFEE0,0xFEE0,
    0xFEE0,0xFEE0,0xFEE0,0xFEE0,0xFEE0,0xFEE0,0xFEE0,0xFEE0,
    0xFEE0,0xFEE0,0xFEE0,0xFEE0,0xFEE0,0xFEE0,0x0000,0x0000,
    0x0000,0x0000,0x0000,0x0000,0x0000,0x0000,0x0000,0x0000,
    0x0000,0x0000,0x0000,0x0000,0x0000,0x0000,0x0000,0x0000,
    0x0000,0x0000,0x0000,0x0000,0x0000,0x0000,0x0000,0x0000,
    0x0000,0x0000,0x0000,0x0000,0x0000,0x0000,0x0000,0x0000,
    0x0000,0x0000,0xFEE0,0xFEE0,0xFEE0,0xFEE0,0xFEE0,0xFEE0,
    0xFEE0,0xFEE0,0xFEE0,0xFEE0,0xFEE0,0xFEE0,0xFEE0,0xFEE0,
    0xFEE0,0xFEE0,0xFEE0,0xFEE0,0xFEE0,0xFEE0,0xFEE0,0xFEE0,
    0xFEE0,0xFEE0,0xFEE0,0xFEE0,0xFEE0,0xFEE0,0xFEE0,0xFEE0,
    0xFEE0,0xFEE0,0xFEE0,0xFEE0,0xFEE0,0xFEE0,0xFEE0,0xFEE0,
    0xFEE0,0xFEE0,0xFEE0,0xFEE0,0xFEE0,0xFEE0,0xFEE0,0xFEE0,
    0xFEE0,0xFEE0,0xFEE0,0xFEE0,0xFEE0,0xFEE0,0xFEE0,0xFEE0,
    0xFEE0,0xFEE0,0xFEE0,0xFEE0,0xFEE0,0xFEE0,0xFEE0,0xFEE0,
    0xFEE0,0xFEE0,0xFEE0,0xFEE0,0xFEE0,0xFEE0,0xFEE0,0xFEE0,
    0xFEE0,0xFEE0,0xFEE0,0xFEE0,0xFEE0,0xFEE0,0xFEE0,0xFEE0,
    0xFEE0,0xFEE0,0xFEE0,0xFEE0,0xFEE0,0xFEE0,0xFEE0,0xFEE0,
    0xFEE0,0xFEE0,0xFEE0,0xFEE0,0xFEE0,0xFEE0,0xFEE0,0x0000,
    0x0000,0x0000,0x0000,0x0000,0x0000,0x0000,0x0000,0x0000,
    0x0000,0x0000,0x0000,0x0000,0x0000,0x0000,0x0000,0x0000,
    0x0000,0x0000,0x0000,0x0000,0x0000,0x0000,0x0000,0x0000,
    0x0000,0x0000,0x0000,0x0000,0x0000,0x0000,0x0000,0x0000,
    0x0000,0x0000,0xFEE0,0xFEE0,0xFEE0,0xFEE0,0xFEE0,0xFEE0,
    0xFEE0,0xFEE0,0xFEE0,0xFEE0,0xFEE0,0xFEE0,0xFEE0,0xFEE0,
    0xFEE0,0xFEE0,0xFEE0,0xFEE0,0xFEE0,0xFEE0,0xFEE0,0xFEE0,
    0xFEE0,0xFEE0,0xFEE0,0xFEE0,0xFEE0,0xFEE0,0xFEE0,0xFEE0,
    0xFEE0,0xFEE0,0xFEE0,0xFEE0,0xFEE0,0xFEE0,0xFEE0,0xFEE0,
    0xFEE0,0xFEE0,0xFEE0,0xFEE0,0xFEE0,0xFEE0,0xFEE0,0xFEE0,
    0xFEE0,0xFEE0,0xFEE0,0xFEE0,0xFEE0,0xFEE0,0xFEE0,0xFEE0,
    0xFEE0,0xFEE0,0xFEE0,0xFEE0,0xFEE0,0xFEE0,0xFEE0,0xFEE0,
    0xFEE0,0xFEE0,0xFEE0,0xFEE0,0xFEE0,0xFEE0,0xFEE0,0xFEE0,
    0xFEE0,0xFEE0,0xFEE0,0xFEE0,0xFEE0,0xFEE0,0xFEE0,0xFEE0,
    0xFEE0,0xFEE0,0xFEE0,0xFEE0,0xFEE0,0xFEE0,0xFEE0,0xFEE0,
    0xFEE0,0xFEE0,0xFEE0,0xFEE0,0xFEE0,0xFEE0,0xFEE0,0x0000,
    0x0000,0x0000,0x0000,0x0000,0x0000,0x0000,0x0000,0x0000,
    0x0000,0x0000,0x0000,0x0000,0x0000,0x0000,0x0000,0x0000,
    0x0000,0x0000,0x0000,0x0000,0x0000,0x0000,0x0000,0x0000,
    0x0000,0x0000,0x0000,0x0000,0x0000,0x0000,0x0000,0x0000,
    0x0000,0xFEE0,0xFEE0,0xFEE0,0xFEE0,0xFEE0,0xFEE0,0xFEE0,
    0xFEE0,0xFEE0,0xFEE0,0xFEE0,0xFEE0,0xFEE0,0xFEE0,0xFEE0,
    0xFEE0,0xFEE0,0xFEE0,0xFEE0,0xFEE0,0xFEE0,0xFEE0,0xFEE0,
    0xFEE0,0xFEE0,0xFEE0,0xFEE0,0xFEE0,0xFEE0,0xFEE0,0xFEE0,
    0xFEE0,0xFEE0,0xFEE0,0xFEE0,0xFEE0,0xFEE0,0xFEE0,0xFEE0,
    0xFEE0,0xFEE0,0xFEE0,0xFEE0,0xFEE0,0xFEE0,0xFEE0,0xFEE0,
    0xFEE0,0xFEE0,0xFEE0,0xFEE0,0xFEE0,0xFEE0,0xFEE0,0xFEE0,
    0xFEE0,0xFEE0,0xFEE0,0xFEE0,0xFEE0,0xFEE0,0xFEE0,0xFEE0,
    0xFEE0,0xFEE0,0xFEE0,0xFEE0,0xFEE0,0xFEE0,0xFEE0,0xFEE0,
    0xFEE0,0xFEE0,0xFEE0,0xFEE0,0xFEE0,0xFEE0,0xFEE0,0xFEE0,
    0xFEE0,0xFEE0,0xFEE0,0xFEE0,0xFEE0,0xFEE0,0xFEE0,0xFEE0,
    0xFEE0,0xFEE0,0xFEE0,0xFEE0,0xFEE0,0xFEE0,0xFEE0,0xFEE0,
    0x0000,0x0000,0x0000,0x0000,0x0000,0x0000,0x0000,0x0000,
    0x0000,0x0000,0x0000,0x0000,0x0000,0x0000,0x0000,0x0000,
    0x0000,0x0000,0x0000,0x0000,0x0000,0x0000,0x0000,0x0000,
    0x0000,0x0000,0x0000,0x0000,0x0000,0x0000,0x0000,0x0000,
    0x0000,0xFEE0,0xFEE0,0xFEE0,0xFEE0,0xFEE0,0xFEE0,0xFEE0,
    0xFEE0,0xFEE0,0xFEE0,0xFEE0,0xFEE0,0xFEE0,0xFEE0,0xFEE0,
    0xFEE0,0xFEE0,0xFEE0,0xFEE0,0xFEE0,0xFEE0,0xFEE0,0xFEE0,
    0xFEE0,0xFEE0,0xFEE0,0xFEE0,0xFEE0,0xFEE0,0xFEE0,0xFEE0,
    0xFEE0,0xFEE0,0xFEE0,0xFEE0,0xFEE0,0xFEE0,0xFEE0,0xFEE0,
    0xFEE0,0xFEE0,0xFEE0,0xFEE0,0xFEE0,0xFEE0,0xFEE0,0xFEE0,
    0xFEE0,0xFEE0,0xFEE0,0xFEE0,0xFEE0,0xFEE0,0xFEE0,0xFEE0,
    0xFEE0,0xFEE0,0xFEE0,0xFEE0,0xFEE0,0xFEE0,0xFEE0,0xFEE0,
    0xFEE0,0xFEE0,0xFEE0,0xFEE0,0xFEE0,0xFEE0,0xFEE0,0xFEE0,
    0xFEE0,0xFEE0,0xFEE0,0xFEE0,0xFEE0,0xFEE0,0xFEE0,0xFEE0,
    0xFEE0,0xFEE0,0xFEE0,0xFEE0,0xFEE0,0xFEE0,0xFEE0,0xFEE0,
    0xFEE0,0xFEE0,0xFEE0,0xFEE0,0xFEE0,0xFEE0,0xFEE0,0xFEE0,
    0x0000,0x0000,0x0000,0x0000,0x0000,0x0000,0x0000,0x0000,
    0x0000,0x0000,0x0000,0x0000,0x0000,0x0000,0x0000,0x0000,
    0x0000,0x0000,0x0000,0x0000,0x0000,0x0000,0x0000,0x0000,
    0x0000,0x0000,0x0000,0x0000,0x0000,0x0000,0x0000,0x0000,
    0xFEE0,0xFEE0,0xFEE0,0xFEE0,0xFEE0,0xFEE0,0xFEE0,0xFEE0,
    0xFEE0,0xFEE0,0xFEE0,0xFEE0,0xFEE0,0xFEE0,0xFEE0,0xFEE0,
    0xFEE0,0xFEE0,0xFEE0,0xFEE0,0xFEE0,0xFEE0,0xFEE0,0xFEE0,
    0xFEE0,0xFEE0,0xFEE0,0xFEE0,0xFEE0,0xFEE0,0xFEE0,0xFEE0,
    0xFEE0,0xFEE0,0xFEE0,0xFEE0,0xFEE0,0xFEE0,0xFEE0,0xFEE0,
    0xFEE0,0xFEE0,0xFEE0,0xFEE0,0xFEE0,0xFEE0,0xFEE0,0xFEE0,
    0xFEE0,0xFEE0,0xFEE0,0xFEE0,0xFEE0,0xFEE0,0xFEE0,0xFEE0,
    0xFEE0,0xFEE0,0xFEE0,0xFEE0,0xFEE0,0xFEE0,0xFEE0,0xFEE0,
    0xFEE0,0xFEE0,0xFEE0,0xFEE0,0xFEE0,0xFEE0,0xFEE0,0xFEE0,
    0xFEE0,0xFEE0,0xFEE0,0xFEE0,0xFEE0,0xFEE0,0xFEE0,0xFEE0,
    0xFEE0,0xFEE0,0xFEE0,0xFEE0,0xFEE0,0xFEE0,0xFEE0,0xFEE0,
    0xFEE0,0xFEE0,0xFEE0,0xFEE0,0xFEE0,0xFEE0,0xFEE0,0xFEE0,
    0xFEE0,0x0000,0x0000,0x0000,0x0000,0x0000,0x0000,0x0000,
    0x0000,0x0000,0x0000,0x0000,0x0000,0x0000,0x0000,0x0000,
    0x0000,0x0000,0x0000,0x0000,0x0000,0x0000,0x0000,0x0000,
    0x0000,0x0000,0x0000,0x0000,0x0000,0x0000,0x0000,0x0000,
    0xFEE0,0xFEE0,0xFEE0,0xFEE0,0xFEE0,0xFEE0,0xFEE0,0xFEE0,
    0xFEE0,0xFEE0,0xFEE0,0xFEE0,0xFEE0,0xFEE0,0xFEE0,0xFEE0,
    0xFEE0,0xFEE0,0xFEE0,0xFEE0,0xFEE0,0xFEE0,0xFEE0,0xFEE0,
    0xFEE0,0xFEE0,0xFEE0,0xFEE0,0xFEE0,0xFEE0,0xFEE0,0xFEE0,
    0xFEE0,0xFEE0,0xFEE0,0xFEE0,0xFEE0,0xFEE0,0xFEE0,0xFEE0,
    0xFEE0,0xFEE0,0xFEE0,0xFEE0,0xFEE0,0xFEE0,0xFEE0,0xFEE0,
    0xFEE0,0xFEE0,0xFEE0,0xFEE0,0xFEE0,0xFEE0,0xFEE0,0xFEE0,
    0xFEE0,0xFEE0,0xFEE0,0xFEE0,0xFEE0,0xFEE0,0xFEE0,0xFEE0,
    0xFEE0,0xFEE0,0xFEE0,0xFEE0,0xFEE0,0xFEE0,0xFEE0,0xFEE0,
    0xFEE0,0xFEE0,0xFEE0,0xFEE0,0xFEE0,0xFEE0,0xFEE0,0xFEE0,
    0xFEE0,0xFEE0,0xFEE0,0xFEE0,0xFEE0,0xFEE0,0xFEE0,0xFEE0,
    0xFEE0,0xFEE0,0xFEE0,0xFEE0,0xFEE0,0xFEE0,0xFEE0,0xFEE0,
    0xFEE0,0x0000,0x0000,0x0000,0x0000,0x0000,0x0000,0x0000,
    0x0000,0x0000,0x0000,0x0000,0x0000,0x0000,0x0000,0x0000,
    0x0000,0x0000,0x0000,0x0000,0x0000,0x0000,0x0000,0x0000,
    0x0000,0x0000,0x0000,0x0000,0x0000,0x0000,0x0000,0xFEE0,
    0xFEE0,0xFEE0,0xFEE0,0xFEE0,0xFEE0,0xFEE0,0xFEE0,0xFEE0,
    0xFEE0,0xFEE0,0xFEE0,0xFEE0,0xFEE0,0xFEE0,0xFEE0,0xFEE0,
    0xFEE0,0xFEE0,0xFEE0,0xFEE0,0xFEE0,0xFEE0,0xFEE0,0xFEE0,
    0xFEE0,0xFEE0,0xFEE0,0xFEE0,0xFEE0,0xFEE0,0xFEE0,0xFEE0,
    0xFEE0,0xFEE0,0xFEE0,0xFEE0,0xFEE0,0xFEE0,0xFEE0,0xFEE0,
    0xFEE0,0xFEE0,0xFEE0,0xFEE0,0xFEE0,0xFEE0,0xFEE0,0xFEE0,
    0xFEE0,0xFEE0,0xFEE0,0xFEE0,0xFEE0,0xFEE0,0xFEE0,0xFEE0,
    0xFEE0,0xFEE0,0xFEE0,0xFEE0,0xFEE0,0xFEE0,0xFEE0,0xFEE0,
    0xFEE0,0xFEE0,0xFEE0,0xFEE0,0xFEE0,0xFEE0,0xFEE0,0xFEE0,
    0xFEE0,0xFEE0,0xFEE0,0xFEE0,0xFEE0,0xFEE0,0xFEE0,0xFEE0,
    0xFEE0,0xFEE0,0xFEE0,0xFEE0,0xFEE0,0xFEE0,0xFEE0,0xFEE0,
    0xFEE0,0xFEE0,0xFEE0,0xFEE0,0xFEE0,0xFEE0,0xFEE0,0xFEE0,
    0xFEE0,0xFEE0,0x0000,0x0000,0x0000,0x0000,0x0000,0x0000,
    0x0000,0x0000,0x0000,0x0000,0x0000,0x0000,0x0000,0x0000,
    0x0000,0x0000,0x0000,0x0000,0x0000,0x0000,0x0000,0x0000,
    0x0000,0x0000,0x0000,0x0000,0x0000,0x0000,0x0000,0xFEE0,
    0xFEE0,0xFEE0,0xFEE0,0xFEE0,0xFEE0,0xFEE0,0xFEE0,0xFEE0,
    0xFEE0,0xFEE0,0xFEE0,0xFEE0,0xFEE0,0xFEE0,0xFEE0,0xFEE0,
    0xFEE0,0xFEE0,0xFEE0,0xFEE0,0xFEE0,0xFEE0,0xFEE0,0xFEE0,
    0xFEE0,0xFEE0,0xFEE0,0xFEE0,0xFEE0,0xFEE0,0xFEE0,0xFEE0,
    0xFEE0,0xFEE0,0xFEE0,0xFEE0,0xFEE0,0xFEE0,0xFEE0,0xFEE0,
    0xFEE0,0xFEE0,0xFEE0,0xFEE0,0xFEE0,0xFEE0,0xFEE0,0xFEE0,
    0xFEE0,0xFEE0,0xFEE0,0xFEE0,0xFEE0,0xFEE0,0xFEE0,0xFEE0,
    0xFEE0,0xFEE0,0xFEE0,0xFEE0,0xFEE0,0xFEE0,0xFEE0,0xFEE0,
    0xFEE0,0xFEE0,0xFEE0,0xFEE0,0xFEE0,0xFEE0,0xFEE0,0xFEE0,
    0xFEE0,0xFEE0,0xFEE0,0xFEE0,0xFEE0,0xFEE0,0xFEE0,0xFEE0,
    0xFEE0,0xFEE0,0xFEE0,0xFEE0,0xFEE0,0xFEE0,0xFEE0,0xFEE0,
    0xFEE0,0xFEE0,0xFEE0,0xFEE0,0xFEE0,0xFEE0,0xFEE0,0xFEE0,
    0xFEE0,0xFEE0,0x0000,0x0000,0x0000,0x0000,0x0000,0x0000,
    0x0000,0x0000,0x0000,0x0000,0x0000,0x0000,0x0000,0x0000,
    0x0000,0x0000,0x0000,0x0000,0x0000,0x0000,0x0000,0x0000,
    0x0000,0x0000,0x0000,0x0000,0x0000,0x0000,0xFEE0,0xFEE0,
    0xFEE0,0xFEE0,0xFEE0,0xFEE0,0xFEE0,0xFEE0,0xFEE0,0xFEE0,
    0xFEE0,0xFEE0,0xFEE0,0xFEE0,0xFEE0,0xFEE0,0xFEE0,0xFEE0,
    0xFEE0,0xFEE0,0xFEE0,0xFEE0,0xFEE0,0xFEE0,0xFEE0,0xFEE0,
    0xFEE0,0xFEE0,0xFEE0,0xFEE0,0xFEE0,0xFEE0,0xFEE0,0xFEE0,
    0xFEE0,0xFEE0,0xFEE0,0xFEE0,0xFEE0,0xFEE0,0xFEE0,0xFEE0,
    0xFEE0,0xFEE0,0xFEE0,0xFEE0,0xFEE0,0xFEE0,0xFEE0,0xFEE0,
    0xFEE0,0xFEE0,0xFEE0,0xFEE0,0xFEE0,0xFEE0,0xFEE0,0xFEE0,
    0xFEE0,0xFEE0,0xFEE0,0xFEE0,0xFEE0,0xFEE0,0xFEE0,0xFEE0,
    0xFEE0,0xFEE0,0xFEE0,0xFEE0,0xFEE0,0xFEE0,0xFEE0,0xFEE0,
    0xFEE0,0xFEE0,0xFEE0,0xFEE0,0xFEE0,0xFEE0,0xFEE0,0xFEE0,
    0xFEE0,0xFEE0,0xFEE0,0xFEE0,0xFEE0,0xFEE0,0xFEE0,0xFEE0,
    0xFEE0,0xFEE0,0xFEE0,0xFEE0,0xFEE0,0xFEE0,0xFEE0,0xFEE0,
    0xFEE0,0xFEE0,0xFEE0,0x0000,0x0000,0x0000,0x0000,0x0000,
    0x0000,0x0000,0x0000,0x0000,0x0000,0x0000,0x0000,0x0000,
    0x0000,0x0000,0x0000,0x0000,0x0000,0x0000,0x0000,0x0000,
    0x0000,0x0000,0x0000,0x0000,0x0000,0x0000,0xFEE0,0xFEE0,
    0xFEE0,0xFEE0,0xFEE0,0xFEE0,0xFEE0,0xFEE0,0xFEE0,0xFEE0,
    0xFEE0,0xFEE0,0xFEE0,0xFEE0,0xFEE0,0xFEE0,0xFEE0,0xFEE0,
    0xFEE0,0xFEE0,0xFEE0,0xFEE0,0xFEE0,0xFEE0,0xFEE0,0xFEE0,
    0xFEE0,0xFEE0,0xFEE0,0xFEE0,0x3942,0xFEE0,0xFEE0,0xFEE0,
    0xFEE0,0xFEE0,0xFEE0,0xFEE0,0xFEE0,0xFEE0,0xFEE0,0xFEE0,
    0xFEE0,0xFEE0,0xFEE0,0xFEE0,0xFEE0,0xFEE0,0xFEE0,0xFEE0,
    0xFEE0,0xFEE0,0xFEE0,0xFEE0,0xFEE0,0xFEE0,0xFEE0,0xFEE0,
    0xFEE0,0xFEE0,0xFEE0,0xFEE0,0xFEE0,0xFEE0,0xFEE0,0xFEE0,
    0xFEE0,0xFEE0,0xFEE0,0xFEE0,0x3942,0xFEE0,0xFEE0,0xFEE0,
    0xFEE0,0xFEE0,0xFEE0,0xFEE0,0xFEE0,0xFEE0,0xFEE0,0xFEE0,
    0xFEE0,0xFEE0,0xFEE0,0xFEE0,0xFEE0,0xFEE0,0xFEE0,0xFEE0,
    0xFEE0,0xFEE0,0xFEE0,0xFEE0,0xFEE0,0xFEE0,0xFEE0,0xFEE0,
    0xFEE0,0xFEE0,0xFEE0,0x0000,0x0000,0x0000,0x0000,0x0000,
    0x0000,0x0000,0x0000,0x0000,0x0000,0x0000,0x0000,0x0000,
    0x0000,0x0000,0x0000,0x0000,0x0000,0x0000,0x0000,0x0000,
    0x0000,0x0000,0x0000,0x0000,0x0000,0xFEE0,0xFEE0,0xFEE0,
    0xFEE0,0xFEE0,0xFEE0,0xFEE0,0xFEE0,0xFEE0,0xFEE0,0xFEE0,
    0xFEE0,0xFEE0,0xFEE0,0xFEE0,0xFEE0,0xFEE0,0xFEE0,0xFEE0,
    0xFEE0,0xFEE0,0xFEE0,0xFEE0,0xFEE0,0xFEE0,0xFEE0,0xFEE0,
    0xFEE0,0x3942,0x3942,0x3942,0x3942,0x3942,0x3942,0x3942,
    0xFEE0,0xFEE0,0xFEE0,0xFEE0,0xFEE0,0xFEE0,0xFEE0,0xFEE0,
    0xFEE0,0xFEE0,0xFEE0,0xFEE0,0xFEE0,0xFEE0,0xFEE0,0xFEE0,
    0xFEE0,0xFEE0,0xFEE0,0xFEE0,0xFEE0,0xFEE0,0xFEE0,0xFEE0,
    0xFEE0,0xFEE0,0xFEE0,0xFEE0,0xFEE0,0xFEE0,0xFEE0,0xFEE0,
    0xFEE0,0x3942,0x3942,0x3942,0x3942,0x3942,0x3942,0x3942,
    0xFEE0,0xFEE0,0xFEE0,0xFEE0,0xFEE0,0xFEE0,0xFEE0,0xFEE0,
    0xFEE0,0xFEE0,0xFEE0,0xFEE0,0xFEE0,0xFEE0,0xFEE0,0xFEE0,
    0xFEE0,0xFEE0,0xFEE0,0xFEE0,0xFEE0,0xFEE0,0xFEE0,0xFEE0,
    0xFEE0,0xFEE0,0xFEE0,0xFEE0,0x0000,0x0000,0x0000,0x0000,
    0x0000,0x0000,0x0000,0x0000,0x0000,0x0000,0x0000,0x0000,
    0x0000,0x0000,0x0000,0x0000,0x0000,0x0000,0x0000,0x0000,
    0x0000,0x0000,0x0000,0x0000,0x0000,0xFEE0,0xFEE0,0xFEE0,
    0xFEE0,0xFEE0,0xFEE0,0xFEE0,0xFEE0,0xFEE0,0xFEE0,0xFEE0,
    0xFEE0,0xFEE0,0xFEE0,0xFEE0,0xFEE0,0xFEE0,0xFEE0,0xFEE0,
    0xFEE0,0xFEE0,0xFEE0,0xFEE0,0xFEE0,0xFEE0,0xFEE0,0xFEE0,
    0x3942,0x3942,0x3942,0x3942,0x3942,0x3942,0x3942,0x3942,
    0x3942,0xFEE0,0xFEE0,0xFEE0,0xFEE0,0xFEE0,0xFEE0,0xFEE0,
    0xFEE0,0xFEE0,0xFEE0,0xFEE0,0xFEE0,0xFEE0,0xFEE0,0xFEE0,
    0xFEE0,0xFEE0,0xFEE0,0xFEE0,0xFEE0,0xFEE0,0xFEE0,0xFEE0,
    0xFEE0,0xFEE0,0xFEE0,0xFEE0,0xFEE0,0xFEE0,0xFEE0,0xFEE0,
    0x3942,0x3942,0x3942,0x3942,0x3942,0x3942,0x3942,0x3942,
    0x3942,0xFEE0,0xFEE0,0xFEE0,0xFEE0,0xFEE0,0xFEE0,0xFEE0,
    0xFEE0,0xFEE0,0xFEE0,0xFEE0,0xFEE0,0xFEE0,0xFEE0,0xFEE0,
    0xFEE0,0xFEE0,0xFEE0,0xFEE0,0xFEE0,0xFEE0,0xFEE0,0xFEE0,
    0xFEE0,0xFEE0,0xFEE0,0xFEE0,0x0000,0x0000,0x0000,0x0000,
    0x0000,0x0000,0x0000,0x0000,0x0000,0x0000,0x0000,0x0000,
    0x0000,0x0000,0x0000,0x0000,0x0000,0x0000,0x0000,0x0000,
    0x0000,0x0000,0x0000,0x0000,0x0000,0xFEE0,0xFEE0,0xFEE0,
    0xFEE0,0xFEE0,0xFEE0,0xFEE0,0xFEE0,0xFEE0,0xFEE0,0xFEE0,
    0xFEE0,0xFEE0,0xFEE0,0xFEE0,0xFEE0,0xFEE0,0xFEE0,0xFEE0,
    0xFEE0,0xFEE0,0xFEE0,0xFEE0,0xFEE0,0xFEE0,0xFEE0,0x3942,
    0x3942,0x3942,0x3942,0x3942,0x3942,0x3942,0x3942,0x3942,
    0x3942,0x3942,0xFEE0,0xFEE0,0xFEE0,0xFEE0,0xFEE0,0xFEE0,
    0xFEE0,0xFEE0,0xFEE0,0xFEE0,0xFEE0,0xFEE0,0xFEE0,0xFEE0,
    0xFEE0,0xFEE0,0xFEE0,0xFEE0,0xFEE0,0xFEE0,0xFEE0,0xFEE0,
    0xFEE0,0xFEE0,0xFEE0,0xFEE0,0xFEE0,0xFEE0,0xFEE0,0x3942,
    0x3942,0x3942,0x3942,0x3942,0x3942,0x3942,0x3942,0x3942,
    0x3942,0x3942,0xFEE0,0xFEE0,0xFEE0,0xFEE0,0xFEE0,0xFEE0,
    0xFEE0,0xFEE0,0xFEE0,0xFEE0,0xFEE0,0xFEE0,0xFEE0,0xFEE0,
    0xFEE0,0xFEE0,0xFEE0,0xFEE0,0xFEE0,0xFEE0,0xFEE0,0xFEE0,
    0xFEE0,0xFEE0,0xFEE0,0xFEE0,0x0000,0x0000,0x0000,0x0000,
    0x0000,0x0000,0x0000,0x0000,0x0000,0x0000,0x0000,0x0000,
    0x0000,0x0000,0x0000,0x0000,0x0000,0x0000,0x0000,0x0000,
    0x0000,0x0000,0x0000,0x0000,0xFEE0,0xFEE0,0xFEE0,0xFEE0,
    0xFEE0,0xFEE0,0xFEE0,0xFEE0,0xFEE0,0xFEE0,0xFEE0,0xFEE0,
    0xFEE0,0xFEE0,0xFEE0,0xFEE0,0xFEE0,0xFEE0,0xFEE0,0xFEE0,
    0xFEE0,0xFEE0,0xFEE0,0xFEE0,0xFEE0,0xFEE0,0xFEE0,0x3942,
    0x3942,0x3942,0x3942,0x3942,0x3942,0x3942,0x3942,0x3942,
    0x3942,0x3942,0xFEE0,0xFEE0,0xFEE0,0xFEE0,0xFEE0,0xFEE0,
    0xFEE0,0xFEE0,0xFEE0,0xFEE0,0xFEE0,0xFEE0,0xFEE0,0xFEE0,
    0xFEE0,0xFEE0,0xFEE0,0xFEE0,0xFEE0,0xFEE0,0xFEE0,0xFEE0,
    0xFEE0,0xFEE0,0xFEE0,0xFEE0,0xFEE0,0xFEE0,0xFEE0,0x3942,
    0x3942,0x3942,0x3942,0x3942,0x3942,0x3942,0x3942,0x3942,
    0x3942,0x3942,0xFEE0,0xFEE0,0xFEE0,0xFEE0,0xFEE0,0xFEE0,
    0xFEE0,0xFEE0,0xFEE0,0xFEE0,0xFEE0,0xFEE0,0xFEE0,0xFEE0,
    0xFEE0,0xFEE0,0xFEE0,0xFEE0,0xFEE0,0xFEE0,0xFEE0,0xFEE0,
    0xFEE0,0xFEE0,0xFEE0,0xFEE0,0xFEE0,0x0000,0x0000,0x0000,
    0x0000,0x0000,0x0000,0x0000,0x0000,0x0000,0x0000,0x0000,
    0x0000,0x0000,0x0000,0x0000,0x0000,0x0000,0x0000,0x0000,
    0x0000,0x0000,0x0000,0x0000,0xFEE0,0xFEE0,0xFEE0,0xFEE0,
    0xFEE0,0xFEE0,0xFEE0,0xFEE0,0xFEE0,0xFEE0,0xFEE0,0xFEE0,
    0xFEE0,0xFEE0,0xFEE0,0xFEE0,0xFEE0,0xFEE0,0xFEE0,0xFEE0,
    0xFEE0,0xFEE0,0xFEE0,0xFEE0,0xFEE0,0xFEE0,0xFEE0,0x3942,
    0x3942,0x3942,0x3942,0x3942,0x3942,0x3942,0x3942,0x3942,
    0x3942,0x3942,0xFEE0,0xFEE0,0xFEE0,0xFEE0,0xFEE0,0xFEE0,
    0xFEE0,0xFEE0,0xFEE0,0xFEE0,0xFEE0,0xFEE0,0xFEE0,0xFEE0,
    0xFEE0,0xFEE0,0xFEE0,0xFEE0,0xFEE0,0xFEE0,0xFEE0,0xFEE0,
    0xFEE0,0xFEE0,0xFEE0,0xFEE0,0xFEE0,0xFEE0,0xFEE0,0x3942,
    0x3942,0x3942,0x3942,0x3942,0x3942,0x3942,0x3942,0x3942,
    0x3942,0x3942,0xFEE0,0xFEE0,0xFEE0,0xFEE0,0xFEE0,0xFEE0,
    0xFEE0,0xFEE0,0xFEE0,0xFEE0,0xFEE0,0xFEE0,0xFEE0,0xFEE0,
    0xFEE0,0xFEE0,0xFEE0,0xFEE0,0xFEE0,0xFEE0,0xFEE0,0xFEE0,
    0xFEE0,0xFEE0,0xFEE0,0xFEE0,0xFEE0,0x0000,0x0000,0x0000,
    0x0000,0x0000,0x0000,0x0000,0x0000,0x0000,0x0000,0x0000,
    0x0000,0x0000,0x0000,0x0000,0x0000,0x0000,0x0000,0x0000,
    0x0000,0x0000,0x0000,0x0000,0xFEE0,0xFEE0,0xFEE0,0xFEE0,
    0xFEE0,0xFEE0,0xFEE0,0xFEE0,0xFEE0,0xFEE0,0xFEE0,0xFEE0,
    0xFEE0,0xFEE0,0xFEE0,0xFEE0,0xFEE0,0xFEE0,0xFEE0,0xFEE0,
    0xFEE0,0xFEE0,0xFEE0,0xFEE0,0xFEE0,0xFEE0,0x3942,0x3942,
    0x3942,0x3942,0x3942,0x3942,0x3942,0x3942,0x3942,0x3942,
    0x3942,0x3942,0x3942,0xFEE0,0xFEE0,0xFEE0,0xFEE0,0xFEE0,
    0xFEE0,0xFEE0,0xFEE0,0xFEE0,0xFEE0,0xFEE0,0xFEE0,0xFEE0,
    0xFEE0,0xFEE0,0xFEE0,0xFEE0,0xFEE0,0xFEE0,0xFEE0,0xFEE0,
    0xFEE0,0xFEE0,0xFEE0,0xFEE0,0xFEE0,0xFEE0,0x3942,0x3942,
    0x3942,0x3942,0x3942,0x3942,0x3942,0x3942,0x3942,0x3942,
    0x3942,0x3942,0x3942,0xFEE0,0xFEE0,0xFEE0,0xFEE0,0xFEE0,
    0xFEE0,0xFEE0,0xFEE0,0xFEE0,0xFEE0,0xFEE0,0xFEE0,0xFEE0,
    0xFEE0,0xFEE0,0xFEE0,0xFEE0,0xFEE0,0xFEE0,0xFEE0,0xFEE0,
    0xFEE0,0xFEE0,0xFEE0,0xFEE0,0xFEE0,0x0000,0x0000,0x0000,
    0x0000,0x0000,0x0000,0x0000,0x0000,0x0000,0x0000,0x0000,
    0x0000,0x0000,0x0000,0x0000,0x0000,0x0000,0x0000,0x0000,
    0x0000,0x0000,0x0000,0xFEE0,0xFEE0,0xFEE0,0xFEE0,0xFEE0,
    0xFEE0,0xFEE0,0xFEE0,0xFEE0,0xFEE0,0xFEE0,0xFEE0,0xFEE0,
    0xFEE0,0xFEE0,0xFEE0,0xFEE0,0xFEE0,0xFEE0,0xFEE0,0xFEE0,
    0xFEE0,0xFEE0,0xFEE0,0xFEE0,0xFEE0,0xFEE0,0xFEE0,0x3942,
    0x3942,0x3942,0x3942,0x3942,0x3942,0x3942,0x3942,0x3942,
    0x3942,0x3942,0xFEE0,0xFEE0,0xFEE0,0xFEE0,0xFEE0,0xFEE0,
    0xFEE0,0xFEE0,0xFEE0,0xFEE0,0xFEE0,0xFEE0,0xFEE0,0xFEE0,
    0xFEE0,0xFEE0,0xFEE0,0xFEE0,0xFEE0,0xFEE0,0xFEE0,0xFEE0,
    0xFEE0,0xFEE0,0xFEE0,0xFEE0,0xFEE0,0xFEE0,0xFEE0,0x3942,
    0x3942,0x3942,0x3942,0x3942,0x3942,0x3942,0x3942,0x3942,
    0x3942,0x3942,0xFEE0,0xFEE0,0xFEE0,0xFEE0,0xFEE0,0xFEE0,
    0xFEE0,0xFEE0,0xFEE0,0xFEE0,0xFEE0,0xFEE0,0xFEE0,0xFEE0,
    0xFEE0,0xFEE0,0xFEE0,0xFEE0,0xFEE0,0xFEE0,0xFEE0,0xFEE0,
    0xFEE0,0xFEE0,0xFEE0,0xFEE0,0xFEE0,0xFEE0,0x0000,0x0000,
    0x0000,0x0000,0x0000,0x0000,0x0000,0x0000,0x0000,0x0000,
    0x0000,0x0000,0x0000,0x0000,0x0000,0x0000,0x0000,0x0000,
    0x0000,0x0000,0x0000,0xFEE0,0xFEE0,0xFEE0,0xFEE0,0xFEE0,
    0xFEE0,0xFEE0,0xFEE0,0xFEE0,0xFEE0,0xFEE0,0xFEE0,0xFEE0,
    0xFEE0,0xFEE0,0xFEE0,0xFEE0,0xFEE0,0xFEE0,0xFEE0,0xFEE0,
    0xFEE0,0xFEE0,0xFEE0,0xFEE0,0xFEE0,0xFEE0,0xFEE0,0x3942,
    0x3942,0x3942,0x3942,0x3942,0x3942,0x3942,0x3942,0x3942,
    0x3942,0x3942,0xFEE0,0xFEE0,0xFEE0,0xFEE0,0xFEE0,0xFEE0,
    0xFEE0,0xFEE0,0xFEE0,0xFEE0,0xFEE0,0xFEE0,0xFEE0,0xFEE0,
    0xFEE0,0xFEE0,0xFEE0,0xFEE0,0xFEE0,0xFEE0,0xFEE0,0xFEE0,
    0xFEE0,0xFEE0,0xFEE0,0xFEE0,0xFEE0,0xFEE0,0xFEE0,0x3942,
    0x3942,0x3942,0x3942,0x3942,0x3942,0x3942,0x3942,0x3942,
    0x3942,0x3942,0xFEE0,0xFEE0,0xFEE0,0xFEE0,0xFEE0,0xFEE0,
    0xFEE0,0xFEE0,0xFEE0,0xFEE0,0xFEE0,0xFEE0,0xFEE0,0xFEE0,
    0xFEE0,0xFEE0,0xFEE0,0xFEE0,0xFEE0,0xFEE0,0xFEE0,0xFEE0,
    0xFEE0,0xFEE0,0xFEE0,0xFEE0,0xFEE0,0xFEE0,0x0000,0x0000,
    0x0000,0x0000,0x0000,0x0000,0x0000,0x0000,0x0000,0x0000,
    0x0000,0x0000,0x0000,0x0000,0x0000,0x0000,0x0000,0x0000,
    0x0000,0x0000,0x0000,0xFEE0,0xFEE0,0xFEE0,0xFEE0,0xFEE0,
    0xFEE0,0xFEE0,0xFEE0,0xFEE0,0xFEE0,0xFEE0,0xFEE0,0xFEE0,
    0xFEE0,0xFEE0,0xFEE0,0xFEE0,0xFEE0,0xFEE0,0xFEE0,0xFEE0,
    0xFEE0,0xFEE0,0xFEE0,0xFEE0,0xFEE0,0xFEE0,0xFEE0,0x3942,
    0x3942,0x3942,0x3942,0x3942,0x3942,0x3942,0x3942,0x3942,
    0x3942,0x3942,0xFEE0,0xFEE0,0xFEE0,0xFEE0,0xFEE0,0xFEE0,
    0xFEE0,0xFEE0,0xFEE0,0xFEE0,0xFEE0,0xFEE0,0xFEE0,0xFEE0,
    0xFEE0,0xFEE0,0xFEE0,0xFEE0,0xFEE0,0xFEE0,0xFEE0,0xFEE0,
    0xFEE0,0xFEE0,0xFEE0,0xFEE0,0xFEE0,0xFEE0,0xFEE0,0x3942,
    0x3942,0x3942,0x3942,0x3942,0x3942,0x3942,0x3942,0x3942,
    0x3942,0x3942,0xFEE0,0xFEE0,0xFEE0,0xFEE0,0xFEE0,0xFEE0,
    0xFEE0,0xFEE0,0xFEE0,0xFEE0,0xFEE0,0xFEE0,0xFEE0,0xFEE0,
    0xFEE0,0xFEE0,0xFEE0,0xFEE0,0xFEE0,0xFEE0,0xFEE0,0xFEE0,
    0xFEE0,0xFEE0,0xFEE0,0xFEE0,0xFEE0,0xFEE0,0x0000,0x0000,
    0x0000,0x0000,0x0000,0x0000,0x0000,0x0000,0x0000,0x0000,
    0x0000,0x0000,0x0000,0x0000,0x0000,0x0000,0x0000,0x0000,
    0x0000,0x0000,0x0000,0xFEE0,0xFEE0,0xFEE0,0xFEE0,0xFEE0,
    0xFEE0,0xFEE0,0xFEE0,0xFEE0,0xFEE0,0xFEE0,0xFEE0,0xFEE0,
    0xFEE0,0xFEE0,0xFEE0,0xFEE0,0xFEE0,0xFEE0,0xFEE0,0xFEE0,
    0xFEE0,0xFEE0,0xFEE0,0xFEE0,0xFEE0,0xFEE0,0xFEE0,0xFEE0,
    0x3942,0x3942,0x3942,0x3942,0x3942,0x3942,0x3942,0x3942,
    0x3942,0xFEE0,0xFEE0,0xFEE0,0xFEE0,0xFEE0,0xFEE0,0xFEE0,
    0xFEE0,0xFEE0,0xFEE0,0xFEE0,0xFEE0,0xFEE0,0xFEE0,0xFEE0,
    0xFEE0,0xFEE0,0xFEE0,0xFEE0,0xFEE0,0xFEE0,0xFEE0,0xFEE0,
    0xFEE0,0xFEE0,0xFEE0,0xFEE0,0xFEE0,0xFEE0,0xFEE0,0xFEE0,
    0x3942,0x3942,0x3942,0x3942,0x3942,0x3942,0x3942,0x3942,
    0x3942,0xFEE0,0xFEE0,0xFEE0,0xFEE0,0xFEE0,0xFEE0,0xFEE0,
    0xFEE0,0xFEE0,0xFEE0,0xFEE0,0xFEE0,0xFEE0,0xFEE0,0xFEE0,
    0xFEE0,0xFEE0,0xFEE0,0xFEE0,0xFEE0,0xFEE0,0xFEE0,0xFEE0,
    0xFEE0,0xFEE0,0xFEE0,0xFEE0,0xFEE0,0xFEE0,0x0000,0x0000,
    0x0000,0x0000,0x0000,0x0000,0x0000,0x0000,0x0000,0x0000,
    0x0000,0x0000,0x0000,0x0000,0x0000,0x0000,0x0000,0x0000,
    0x0000,0x0000,0xFEE0,0xFEE0,0xFEE0,0xFEE0,0xFEE0,0xFEE0,
    0xFEE0,0xFEE0,0xFEE0,0xFEE0,0xFEE0,0xFEE0,0xFEE0,0xFEE0,
    0xFEE0,0xFEE0,0xFEE0,0xFEE0,0xFEE0,0xFEE0,0xFEE0,0xFEE0,
    0xFEE0,0xFEE0,0xFEE0,0xFEE0,0xFEE0,0xFEE0,0xFEE0,0xFEE0,
    0xFEE0,0x3942,0x3942,0x3942,0x3942,0x3942,0x3942,0x3942,
    0xFEE0,0xFEE0,0xFEE0,0xFEE0,0xFEE0,0xFEE0,0xFEE0,0xFEE0,
    0xFEE0,0xFEE0,0xFEE0,0xFEE0,0xFEE0,0xFEE0,0xFEE0,0xFEE0,
    0xFEE0,0xFEE0,0xFEE0,0xFEE0,0xFEE0,0xFEE0,0xFEE0,0xFEE0,
    0xFEE0,0xFEE0,0xFEE0,0xFEE0,0xFEE0,0xFEE0,0xFEE0,0xFEE0,
    0xFEE0,0x3942,0x3942,0x3942,0x3942,0x3942,0x3942,0x3942,
    0xFEE0,0xFEE0,0xFEE0,0xFEE0,0xFEE0,0xFEE0,0xFEE0,0xFEE0,
    0xFEE0,0xFEE0,0xFEE0,0xFEE0,0xFEE0,0xFEE0,0xFEE0,0xFEE0,
    0xFEE0,0xFEE0,0xFEE0,0xFEE0,0xFEE0,0xFEE0,0xFEE0,0xFEE0,
    0xFEE0,0xFEE0,0xFEE0,0xFEE0,0xFEE0,0xFEE0,0xFEE0,0x0000,
    0x0000,0x0000,0x0000,0x0000,0x0000,0x0000,0x0000,0x0000,
    0x0000,0x0000,0x0000,0x0000,0x0000,0x0000,0x0000,0x0000,
    0x0000,0x0000,0xFEE0,0xFEE0,0xFEE0,0xFEE0,0xFEE0,0xFEE0,
    0xFEE0,0xFEE0,0xFEE0,0xFEE0,0xFEE0,0xFEE0,0xFEE0,0xFEE0,
    0xFEE0,0xFEE0,0xFEE0,0xFEE0,0xFEE0,0xFEE0,0xFEE0,0xFEE0,
    0xFEE0,0xFEE0,0xFEE0,0xFEE0,0xFEE0,0xFEE0,0xFEE0,0xFEE0,
    0xFEE0,0xFEE0,0xFEE0,0xFEE0,0x3942,0xFEE0,0xFEE0,0xFEE0,
    0xFEE0,0xFEE0,0xFEE0,0xFEE0,0xFEE0,0xFEE0,0xFEE0,0xFEE0,
    0xFEE0,0xFEE0,0xFEE0,0xFEE0,0xFEE0,0xFEE0,0xFEE0,0xFEE0,
    0xFEE0,0xFEE0,0xFEE0,0xFEE0,0xFEE0,0xFEE0,0xFEE0,0xFEE0,
    0xFEE0,0xFEE0,0xFEE0,0xFEE0,0xFEE0,0xFEE0,0xFEE0,0xFEE0,
    0xFEE0,0xFEE0,0xFEE0,0xFEE0,0x3942,0xFEE0,0xFEE0,0xFEE0,
    0xFEE0,0xFEE0,0xFEE0,0xFEE0,0xFEE0,0xFEE0,0xFEE0,0xFEE0,
    0xFEE0,0xFEE0,0xFEE0,0xFEE0,0xFEE0,0xFEE0,0xFEE0,0xFEE0,
    0xFEE0,0xFEE0,0xFEE0,0xFEE0,0xFEE0,0xFEE0,0xFEE0,0xFEE0,
    0xFEE0,0xFEE0,0xFEE0,0xFEE0,0xFEE0,0xFEE0,0xFEE0,0x0000,
    0x0000,0x0000,0x0000,0x0000,0x0000,0x0000,0x0000,0x0000,
    0x0000,0x0000,0x0000,0x0000,0x0000,0x0000,0x0000,0x0000,
    0x0000,0x0000,0xFEE0,0xFEE0,0xFEE0,0xFEE0,0xFEE0,0xFEE0,
    0xFEE0,0xFEE0,0xFEE0,0xFEE0,0xFEE0,0xFEE0,0xFEE0,0xFEE0,
    0xFEE0,0xFEE0,0xFEE0,0xFEE0,0xFEE0,0xFEE0,0xFEE0,0xFEE0,
    0xFEE0,0xFEE0,0xFEE0,0xFEE0,0xFEE0,0xFEE0,0xFEE0,0xFEE0,
    0xFEE0,0xFEE0,0xFEE0,0xFEE0,0xFEE0,0xFEE0,0xFEE0,0xFEE0,
    0xFEE0,0xFEE0,0xFEE0,0xFEE0,0xFEE0,0xFEE0,0xFEE0,0xFEE0,
    0xFEE0,0xFEE0,0xFEE0,0xFEE0,0xFEE0,0xFEE0,0xFEE0,0xFEE0,
    0xFEE0,0xFEE0,0xFEE0,0xFEE0,0xFEE0,0xFEE0,0xFEE0,0xFEE0,
    0xFEE0,0xFEE0,0xFEE0,0xFEE0,0xFEE0,0xFEE0,0xFEE0,0xFEE0,
    0xFEE0,0xFEE0,0xFEE0,0xFEE0,0xFEE0,0xFEE0,0xFEE0,0xFEE0,
    0xFEE0,0xFEE0,0xFEE0,0xFEE0,0xFEE0,0xFEE0,0xFEE0,0xFEE0,
    0xFEE0,0xFEE0,0xFEE0,0xFEE0,0xFEE0,0xFEE0,0xFEE0,0xFEE0,
    0xFEE0,0xFEE0,0xFEE0,0xFEE0,0xFEE0,0xFEE0,0xFEE0,0xFEE0,
    0xFEE0,0xFEE0,0xFEE0,0xFEE0,0xFEE0,0xFEE0,0xFEE0,0x0000,
    0x0000,0x0000,0x0000,0x0000,0x0000,0x0000,0x0000,0x0000,
    0x0000,0x0000,0x0000,0x0000,0x0000,0x0000,0x0000,0x0000,
    0x0000,0x0000,0xFEE0,0xFEE0,0xFEE0,0xFEE0,0xFEE0,0xFEE0,
    0xFEE0,0xFEE0,0xFEE0,0xFEE0,0xFEE0,0xFEE0,0xFEE0,0xFEE0,
    0xFEE0,0xFEE0,0xFEE0,0xFEE0,0xFEE0,0xFEE0,0xFEE0,0xFEE0,
    0xFEE0,0xFEE0,0xFEE0,0xFEE0,0xFEE0,0xFEE0,0xFEE0,0xFEE0,
    0xFEE0,0xFEE0,0xFEE0,0xFEE0,0xFEE0,0xFEE0,0xFEE0,0xFEE0,
    0xFEE0,0xFEE0,0xFEE0,0xFEE0,0xFEE0,0xFEE0,0xFEE0,0xFEE0,
    0xFEE0,0xFEE0,0xFEE0,0xFEE0,0xFEE0,0xFEE0,0xFEE0,0xFEE0,
    0xFEE0,0xFEE0,0xFEE0,0xFEE0,0xFEE0,0xFEE0,0xFEE0,0xFEE0,
    0xFEE0,0xFEE0,0xFEE0,0xFEE0,0xFEE0,0xFEE0,0xFEE0,0xFEE0,
    0xFEE0,0xFEE0,0xFEE0,0xFEE0,0xFEE0,0xFEE0,0xFEE0,0xFEE0,
    0xFEE0,0xFEE0,0xFEE0,0xFEE0,0xFEE0,0xFEE0,0xFEE0,0xFEE0,
    0xFEE0,0xFEE0,0xFEE0,0xFEE0,0xFEE0,0xFEE0,0xFEE0,0xFEE0,
    0xFEE0,0xFEE0,0xFEE0,0xFEE0,0xFEE0,0xFEE0,0xFEE0,0xFEE0,
    0xFEE0,0xFEE0,0xFEE0,0xFEE0,0xFEE0,0xFEE0,0xFEE0,0x0000,
    0x0000,0x0000,0x0000,0x0000,0x0000,0x0000,0x0000,0x0000,
    0x0000,0x0000,0x0000,0x0000,0x0000,0x0000,0x0000,0x0000,
    0x0000,0x0000,0xFEE0,0xFEE0,0xFEE0,0xFEE0,0xFEE0,0xFEE0,
    0xFEE0,0xFEE0,0xFEE0,0xFEE0,0xFEE0,0xFEE0,0xFEE0,0xFEE0,
    0xFEE0,0xFEE0,0xFEE0,0xFEE0,0xFEE0,0xFEE0,0xFEE0,0xFEE0,
    0xFEE0,0xFEE0,0xFEE0,0xFEE0,0xFEE0,0xFEE0,0xFEE0,0xFEE0,
    0xFEE0,0xFEE0,0xFEE0,0xFEE0,0xFEE0,0xFEE0,0xFEE0,0xFEE0,
    0xFEE0,0xFEE0,0xFEE0,0xFEE0,0xFEE0,0xFEE0,0xFEE0,0xFEE0,
    0xFEE0,0xFEE0,0xFEE0,0xFEE0,0xFEE0,0xFEE0,0xFEE0,0xFEE0,
    0xFEE0,0xFEE0,0xFEE0,0xFEE0,0xFEE0,0xFEE0,0xFEE0,0xFEE0,
    0xFEE0,0xFEE0,0xFEE0,0xFEE0,0xFEE0,0xFEE0,0xFEE0,0xFEE0,
    0xFEE0,0xFEE0,0xFEE0,0xFEE0,0xFEE0,0xFEE0,0xFEE0,0xFEE0,
    0xFEE0,0xFEE0,0xFEE0,0xFEE0,0xFEE0,0xFEE0,0xFEE0,0xFEE0,
    0xFEE0,0xFEE0,0xFEE0,0xFEE0,0xFEE0,0xFEE0,0xFEE0,0xFEE0,
    0xFEE0,0xFEE0,0xFEE0,0xFEE0,0xFEE0,0xFEE0,0xFEE0,0xFEE0,
    0xFEE0,0xFEE0,0xFEE0,0xFEE0,0xFEE0,0xFEE0,0xFEE0,0x0000,
    0x0000,0x0000,0x0000,0x0000,0x0000,0x0000,0x0000,0x0000,
    0x0000,0x0000,0x0000,0x0000,0x0000,0x0000,0x0000,0x0000,
    0x0000,0x0000,0xFEE0,0xFEE0,0xFEE0,0xFEE0,0xFEE0,0xFEE0,
    0xFEE0,0xFEE0,0xFEE0,0xFEE0,0xFEE0,0xFEE0,0xFEE0,0xFEE0,
    0xFEE0,0xFEE0,0xFEE0,0xFEE0,0xFEE0,0xFEE0,0xFEE0,0xFEE0,
    0xFEE0,0xFEE0,0xFEE0,0xFEE0,0xFEE0,0xFEE0,0xFEE0,0xFEE0,
    0xFEE0,0xFEE0,0xFEE0,0xFEE0,0xFEE0,0xFEE0,0xFEE0,0xFEE0,
    0xFEE0,0xFEE0,0xFEE0,0xFEE0,0xFEE0,0xFEE0,0xFEE0,0xFEE0,
    0xFEE0,0xFEE0,0xFEE0,0xFEE0,0xFEE0,0xFEE0,0xFEE0,0xFEE0,
    0xFEE0,0xFEE0,0xFEE0,0xFEE0,0xFEE0,0xFEE0,0xFEE0,0xFEE0,
    0xFEE0,0xFEE0,0xFEE0,0xFEE0,0xFEE0,0xFEE0,0xFEE0,0xFEE0,
    0xFEE0,0xFEE0,0xFEE0,0xFEE0,0xFEE0,0xFEE0,0xFEE0,0xFEE0,
    0xFEE0,0xFEE0,0xFEE0,0xFEE0,0xFEE0,0xFEE0,0xFEE0,0xFEE0,
    0xFEE0,0xFEE0,0xFEE0,0xFEE0,0xFEE0,0xFEE0,0xFEE0,0xFEE0,
    0xFEE0,0xFEE0,0xFEE0,0xFEE0,0xFEE0,0xFEE0,0xFEE0,0xFEE0,
    0xFEE0,0xFEE0,0xFEE0,0xFEE0,0xFEE0,0xFEE0,0xFEE0,0x0000,
    0x0000,0x0000,0x0000,0x0000,0x0000,0x0000,0x0000,0x0000,
    0x0000,0x0000,0x0000,0x0000,0x0000,0x0000,0x0000,0x0000,
    0x0000,0x0000,0xFEE0,0xFEE0,0xFEE0,0xFEE0,0xFEE0,0xFEE0,
    0xFEE0,0xFEE0,0xFEE0,0xFEE0,0xFEE0,0xFEE0,0xFEE0,0xFEE0,
    0xFEE0,0xFEE0,0xFEE0,0xFEE0,0xFEE0,0xFEE0,0xFEE0,0xFEE0,
    0xFEE0,0xFEE0,0xFEE0,0xFEE0,0xFEE0,0xFEE0,0xFEE0,0xFEE0,
    0xFEE0,0xFEE0,0xFEE0,0xFEE0,0xFEE0,0xFEE0,0xFEE0,0xFEE0,
    0xFEE0,0xFEE0,0xFEE0,0xFEE0,0xFEE0,0xFEE0,0xFEE0,0xFEE0,
    0xFEE0,0xFEE0,0xFEE0,0xFEE0,0xFEE0,0xFEE0,0xFEE0,0xFEE0,
    0xFEE0,0xFEE0,0xFEE0,0xFEE0,0xFEE0,0xFEE0,0xFEE0,0xFEE0,
    0xFEE0,0xFEE0,0xFEE0,0xFEE0,0xFEE0,0xFEE0,0xFEE0,0xFEE0,
    0xFEE0,0xFEE0,0xFEE0,0xFEE0,0xFEE0,0xFEE0,0xFEE0,0xFEE0,
    0xFEE0,0xFEE0,0xFEE0,0xFEE0,0xFEE0,0xFEE0,0xFEE0,0xFEE0,
    0xFEE0,0xFEE0,0xFEE0,0xFEE0,0xFEE0,0xFEE0,0xFEE0,0xFEE0,
    0xFEE0,0xFEE0,0xFEE0,0xFEE0,0xFEE0,0xFEE0,0xFEE0,0xFEE0,
    0xFEE0,0xFEE0,0xFEE0,0xFEE0,0xFEE0,0xFEE0,0xFEE0,0x0000,
    0x0000,0x0000,0x0000,0x0000,0x0000,0x0000,0x0000,0x0000,
    0x0000,0x0000,0x0000,0x0000,0x0000,0x0000,0x0000,0x0000,
    0x0000,0x0000,0xFEE0,0xFEE0,0xFEE0,0xFEE0,0xFEE0,0xFEE0,
    0xFEE0,0xFEE0,0xFEE0,0xFEE0,0xFEE0,0xFEE0,0xFEE0,0xFEE0,
    0xFEE0,0xFEE0,0xFEE0,0xFEE0,0xFEE0,0xFEE0,0xFEE0,0xFEE0,
    0xFEE0,0xFEE0,0xFEE0,0xFEE0,0xFEE0,0xFEE0,0xFEE0,0xFEE0,
    0xFEE0,0xFEE0,0xFEE0,0xFEE0,0xFEE0,0xFEE0,0xFEE0,0xFEE0,
    0xFEE0,0xFEE0,0xFEE0,0xFEE0,0xFEE0,0xFEE0,0xFEE0,0xFEE0,
    0xFEE0,0xFEE0,0xFEE0,0xFEE0,0xFEE0,0xFEE0,0xFEE0,0xFEE0,
    0xFEE0,0xFEE0,0xFEE0,0xFEE0,0xFEE0,0xFEE0,0xFEE0,0xFEE0,
    0xFEE0,0xFEE0,0xFEE0,0xFEE0,0xFEE0,0xFEE0,0xFEE0,0xFEE0,
    0xFEE0,0xFEE0,0xFEE0,0xFEE0,0xFEE0,0xFEE0,0xFEE0,0xFEE0,
    0xFEE0,0xFEE0,0xFEE0,0xFEE0,0xFEE0,0xFEE0,0xFEE0,0xFEE0,
    0xFEE0,0xFEE0,0xFEE0,0xFEE0,0xFEE0,0xFEE0,0xFEE0,0xFEE0,
    0xFEE0,0xFEE0,0xFEE0,0xFEE0,0xFEE0,0xFEE0,0xFEE0,0xFEE0,
    0xFEE0,0xFEE0,0xFEE0,0xFEE0,0xFEE0,0xFEE0,0xFEE0,0x0000,
    0x0000,0x0000,0x0000,0x0000,0x0000,0x0000,0x0000,0x0000,
    0x0000,0x0000,0x0000,0x0000,0x0000,0x0000,0x0000,0x0000,
    0x0000,0x0000,0xFEE0,0xFEE0,0xFEE0,0xFEE0,0xFEE0,0xFEE0,
    0xFEE0,0xFEE0,0xFEE0,0xFEE0,0xFEE0,0xFEE0,0xFEE0,0xFEE0,
    0xFEE0,0xFEE0,0xFEE0,0xFEE0,0xFEE0,0xFEE0,0xFEE0,0xFEE0,
    0xFEE0,0xFEE0,0xFEE0,0xFEE0,0xFEE0,0xFEE0,0xFEE0,0xFEE0,
    0xFEE0,0xFEE0,0xFEE0,0xFEE0,0xFEE0,0xFEE0,0xFEE0,0xFEE0,
    0xFEE0,0xFEE0,0xFEE0,0xFEE0,0xFEE0,0xFEE0,0xFEE0,0xFEE0,
    0xFEE0,0xFEE0,0xFEE0,0xFEE0,0xFEE0,0xFEE0,0xFEE0,0xFEE0,
    0xFEE0,0xFEE0,0xFEE0,0xFEE0,0xFEE0,0xFEE0,0xFEE0,0xFEE0,
    0xFEE0,0xFEE0,0xFEE0,0xFEE0,0xFEE0,0xFEE0,0xFEE0,0xFEE0,
    0xFEE0,0xFEE0,0xFEE0,0xFEE0,0xFEE0,0xFEE0,0xFEE0,0xFEE0,
    0xFEE0,0xFEE0,0xFEE0,0xFEE0,0xFEE0,0xFEE0,0xFEE0,0xFEE0,
    0xFEE0,0xFEE0,0xFEE0,0xFEE0,0xFEE0,0xFEE0,0xFEE0,0xFEE0,
    0xFEE0,0xFEE0,0xFEE0,0xFEE0,0xFEE0,0xFEE0,0xFEE0,0xFEE0,
    0xFEE0,0xFEE0,0xFEE0,0xFEE0,0xFEE0,0xFEE0,0xFEE0,0x0000,
    0x0000,0x0000,0x0000,0x0000,0x0000,0x0000,0x0000,0x0000,
    0x0000,0x0000,0x0000,0x0000,0x0000,0x0000,0x0000,0x0000,
    0x0000,0x0000,0xFEE0,0xFEE0,0xFEE0,0xFEE0,0xFEE0,0xFEE0,
    0xFEE0,0xFEE0,0xFEE0,0xFEE0,0xFEE0,0xFEE0,0xFEE0,0xFEE0,
    0xFEE0,0xFEE0,0xFEE0,0xFEE0,0xFEE0,0xFEE0,0xFEE0,0xFEE0,
    0xFEE0,0xFEE0,0xFEE0,0xFEE0,0xFEE0,0xFEE0,0xFEE0,0xFEE0,
    0xFEE0,0xFEE0,0xFEE0,0xFEE0,0xFEE0,0xFEE0,0xFEE0,0xFEE0,
    0xFEE0,0xFEE0,0xFEE0,0xFEE0,0xFEE0,0xFEE0,0xFEE0,0xFEE0,
    0xFEE0,0xFEE0,0xFEE0,0xFEE0,0xFEE0,0xFEE0,0xFEE0,0xFEE0,
    0xFEE0,0xFEE0,0xFEE0,0xFEE0,0xFEE0,0xFEE0,0xFEE0,0xFEE0,
    0xFEE0,0xFEE0,0xFEE0,0xFEE0,0xFEE0,0xFEE0,0xFEE0,0xFEE0,
    0xFEE0,0xFEE0,0xFEE0,0xFEE0,0xFEE0,0xFEE0,0xFEE0,0xFEE0,
    0xFEE0,0xFEE0,0xFEE0,0xFEE0,0xFEE0,0xFEE0,0xFEE0,0xFEE0,
    0xFEE0,0xFEE0,0xFEE0,0xFEE0,0xFEE0,0xFEE0,0xFEE0,0xFEE0,
    0xFEE0,0xFEE0,0xFEE0,0xFEE0,0xFEE0,0xFEE0,0xFEE0,0xFEE0,
    0xFEE0,0xFEE0,0xFEE0,0xFEE0,0xFEE0,0xFEE0,0xFEE0,0x0000,
    0x0000,0x0000,0x0000,0x0000,0x0000,0x0000,0x0000,0x0000,
    0x0000,0x0000,0x0000,0x0000,0x0000,0x0000,0x0000,0x0000,
    0x0000,0xFEE0,0xFEE0,0xFEE0,0xFEE0,0xFEE0,0xFEE0,0xFEE0,
    0xFEE0,0xFEE0,0xFEE0,0xFEE0,0xFEE0,0xFEE0,0xFEE0,0xFEE0,
    0xFEE0,0xFEE0,0xFEE0,0xFEE0,0xFEE0,0xFEE0,0xFEE0,0xFEE0,
    0xFEE0,0xFEE0,0xFEE0,0xFEE0,0xFEE0,0xFEE0,0xFEE0,0xFEE0,
    0xFEE0,0xFEE0,0xFEE0,0xFEE0,0xFEE0,0xFEE0,0xFEE0,0xFEE0,
    0xFEE0,0xFEE0,0xFEE0,0xFEE0,0xFEE0,0xFEE0,0xFEE0,0xFEE0,
    0xFEE0,0xFEE0,0xFEE0,0xFEE0,0xFEE0,0xFEE0,0xFEE0,0xFEE0,
    0xFEE0,0xFEE0,0xFEE0,0xFEE0,0xFEE0,0xFEE0,0xFEE0,0xFEE0,
    0xFEE0,0xFEE0,0xFEE0,0xFEE0,0xFEE0,0xFEE0,0xFEE0,0xFEE0,
    0xFEE0,0xFEE0,0xFEE0,0xFEE0,0xFEE0,0xFEE0,0xFEE0,0xFEE0,
    0xFEE0,0xFEE0,0xFEE0,0xFEE0,0xFEE0,0xFEE0,0xFEE0,0xFEE0,
    0xFEE0,0xFEE0,0xFEE0,0xFEE0,0xFEE0,0xFEE0,0xFEE0,0xFEE0,
    0xFEE0,0xFEE0,0xFEE0,0xFEE0,0xFEE0,0xFEE0,0xFEE0,0xFEE0,
    0xFEE0,0xFEE0,0xFEE0,0xFEE0,0xFEE0,0xFEE0,0xFEE0,0xFEE0,
    0x0000,0x0000,0x0000,0x0000,0x0000,0x0000,0x0000,0x0000,
    0x0000,0x0000,0x0000,0x0000,0x0000,0x0000,0x0000,0x0000,
    0x0000,0x0000,0xFEE0,0xFEE0,0xFEE0,0xFEE0,0xFEE0,0xFEE0,
    0xFEE0,0xFEE0,0xFEE0,0xFEE0,0xFEE0,0xFEE0,0xFEE0,0xFEE0,
    0xFEE0,0xFEE0,0xFEE0,0xFEE0,0xFEE0,0xFEE0,0xFEE0,0xFEE0,
    0xFEE0,0xFEE0,0xFEE0,0xFEE0,0xFEE0,0xFEE0,0xFEE0,0xFEE0,
    0xFEE0,0xFEE0,0xFEE0,0xFEE0,0xFEE0,0xFEE0,0xFEE0,0xFEE0,
    0xFEE0,0xFEE0,0xFEE0,0xFEE0,0xFEE0,0xFEE0,0xFEE0,0xFEE0,
    0xFEE0,0xFEE0,0xFEE0,0xFEE0,0xFEE0,0xFEE0,0xFEE0,0xFEE0,
    0xFEE0,0xFEE0,0xFEE0,0xFEE0,0xFEE0,0xFEE0,0xFEE0,0xFEE0,
    0xFEE0,0xFEE0,0xFEE0,0xFEE0,0xFEE0,0xFEE0,0xFEE0,0xFEE0,
    0xFEE0,0xFEE0,0xFEE0,0xFEE0,0xFEE0,0xFEE0,0xFEE0,0xFEE0,
    0xFEE0,0xFEE0,0xFEE0,0xFEE0,0xFEE0,0xFEE0,0xFEE0,0xFEE0,
    0xFEE0,0xFEE0,0xFEE0,0xFEE0,0xFEE0,0xFEE0,0xFEE0,0xFEE0,
    0xFEE0,0xFEE0,0xFEE0,0xFEE0,0xFEE0,0xFEE0,0xFEE0,0xFEE0,
    0xFEE0,0xFEE0,0xFEE0,0xFEE0,0xFEE0,0xFEE0,0xFEE0,0x0000,
    0x0000,0x0000,0x0000,0x0000,0x0000,0x0000,0x0000,0x0000,
    0x0000,0x0000,0x0000,0x0000,0x0000,0x0000,0x0000,0x0000,
    0x0000,0x0000,0xFEE0,0xFEE0,0xFEE0,0xFEE0,0xFEE0,0xFEE0,
    0xFEE0,0xFEE0,0xFEE0,0xFEE0,0xFEE0,0xFEE0,0xFEE0,0xFEE0,
    0xFEE0,0xFEE0,0xFEE0,0xFEE0,0xFEE0,0xFEE0,0xFEE0,0xFEE0,
    0xFEE0,0xFEE0,0xFEE0,0xFEE0,0xFEE0,0xFEE0,0xFEE0,0xFEE0,
    0xFEE0,0xFEE0,0xFEE0,0xFEE0,0xFEE0,0xFEE0,0xFEE0,0xFEE0,
    0xFEE0,0xFEE0,0xFEE0,0xFEE0,0xFEE0,0xFEE0,0xFEE0,0xFEE0,
    0xFEE0,0xFEE0,0xFEE0,0xFEE0,0xFEE0,0xFEE0,0xFEE0,0xFEE0,
    0xFEE0,0xFEE0,0xFEE0,0xFEE0,0xFEE0,0xFEE0,0xFEE0,0xFEE0,
    0xFEE0,0xFEE0,0xFEE0,0xFEE0,0xFEE0,0xFEE0,0xFEE0,0xFEE0,
    0xFEE0,0xFEE0,0xFEE0,0xFEE0,0xFEE0,0xFEE0,0xFEE0,0xFEE0,
    0xFEE0,0xFEE0,0xFEE0,0xFEE0,0xFEE0,0xFEE0,0xFEE0,0xFEE0,
    0xFEE0,0xFEE0,0xFEE0,0xFEE0,0xFEE0,0xFEE0,0xFEE0,0xFEE0,
    0xFEE0,0xFEE0,0xFEE0,0xFEE0,0xFEE0,0xFEE0,0xFEE0,0xFEE0,
    0xFEE0,0xFEE0,0xFEE0,0xFEE0,0xFEE0,0xFEE0,0xFEE0,0x0000,
    0x0000,0x0000,0x0000,0x0000,0x0000,0x0000,0x0000,0x0000,
    0x0000,0x0000,0x0000,0x0000,0x0000,0x0000,0x0000,0x0000,
    0x0000,0x0000,0xFEE0,0xFEE0,0xFEE0,0xFEE0,0xFEE0,0xFEE0,
    0xFEE0,0xFEE0,0xFEE0,0xFEE0,0xFEE0,0xFEE0,0xFEE0,0xFEE0,
    0xFEE0,0xFEE0,0xFEE0,0xFEE0,0xFEE0,0xFEE0,0xFEE0,0xFEE0,
    0xFEE0,0xFEE0,0xFEE0,0xFEE0,0xFEE0,0xFEE0,0xFEE0,0xFEE0,
    0xFEE0,0xFEE0,0xFEE0,0xFEE0,0xFEE0,0xFEE0,0xFEE0,0xFEE0,
    0xFEE0,0xFEE0,0xFEE0,0xFEE0,0xFEE0,0xFEE0,0xFEE0,0xFEE0,
    0xFEE0,0xFEE0,0xFEE0,0xFEE0,0xFEE0,0xFEE0,0xFEE0,0xFEE0,
    0xFEE0,0xFEE0,0xFEE0,0xFEE0,0xFEE0,0xFEE0,0xFEE0,0xFEE0,
    0xFEE0,0xFEE0,0xFEE0,0xFEE0,0xFEE0,0xFEE0,0xFEE0,0xFEE0,
    0xFEE0,0xFEE0,0xFEE0,0xFEE0,0xFEE0,0xFEE0,0xFEE0,0xFEE0,
    0xFEE0,0xFEE0,0xFEE0,0xFEE0,0xFEE0,0xFEE0,0xFEE0,0xFEE0,
    0xFEE0,0xFEE0,0xFEE0,0xFEE0,0xFEE0,0xFEE0,0xFEE0,0xFEE0,
    0xFEE0,0xFEE0,0xFEE0,0xFEE0,0xFEE0,0xFEE0,0xFEE0,0xFEE0,
    0xFEE0,0xFEE0,0xFEE0,0xFEE0,0xFEE0,0xFEE0,0xFEE0,0x0000,
    0x0000,0x0000,0x0000,0x0000,0x0000,0x0000,0x0000,0x0000,
    0x0000,0x0000,0x0000,0x0000,0x0000,0x0000,0x0000,0x0000,
    0x0000,0x0000,0xFEE0,0xFEE0,0xFEE0,0xFEE0,0xFEE0,0xFEE0,
    0xFEE0,0xFEE0,0xFEE0,0xFEE0,0xFEE0,0xFEE0,0xFEE0,0xFEE0,
    0xFEE0,0xFEE0,0xFEE0,0xFEE0,0xFEE0,0xFEE0,0xFEE0,0xFEE0,
    0xFEE0,0xFEE0,0xFEE0,0xFEE0,0xFEE0,0xFEE0,0xFEE0,0xFEE0,
    0xFEE0,0xFEE0,0xFEE0,0xFEE0,0xFEE0,0xFEE0,0xFEE0,0xFEE0,
    0xFEE0,0xFEE0,0xFEE0,0xFEE0,0xFEE0,0xFEE0,0xFEE0,0xFEE0,
    0xFEE0,0xFEE0,0xFEE0,0xFEE0,0xFEE0,0xFEE0,0xFEE0,0xFEE0,
    0xFEE0,0xFEE0,0xFEE0,0xFEE0,0xFEE0,0xFEE0,0xFEE0,0xFEE0,
    0xFEE0,0xFEE0,0xFEE0,0xFEE0,0xFEE0,0xFEE0,0xFEE0,0xFEE0,
    0xFEE0,0xFEE0,0xFEE0,0xFEE0,0xFEE0,0xFEE0,0xFEE0,0xFEE0,
    0xFEE0,0xFEE0,0xFEE0,0xFEE0,0xFEE0,0xFEE0,0xFEE0,0xFEE0,
    0xFEE0,0xFEE0,0xFEE0,0xFEE0,0xFEE0,0xFEE0,0xFEE0,0xFEE0,
    0xFEE0,0xFEE0,0xFEE0,0xFEE0,0xFEE0,0xFEE0,0xFEE0,0xFEE0,
    0xFEE0,0xFEE0,0xFEE0,0xFEE0,0xFEE0,0xFEE0,0xFEE0,0x0000,
    0x0000,0x0000,0x0000,0x0000,0x0000,0x0000,0x0000,0x0000,
    0x0000,0x0000,0x0000,0x0000,0x0000,0x0000,0x0000,0x0000,
    0x0000,0x0000,0xFEE0,0xFEE0,0xFEE0,0xFEE0,0xFEE0,0xFEE0,
    0xFEE0,0xFEE0,0xFEE0,0xFEE0,0xFEE0,0xFEE0,0xFEE0,0xFEE0,
    0xFEE0,0xFEE0,0xFEE0,0xFEE0,0xFEE0,0xFEE0,0xFEE0,0xFEE0,
    0xFEE0,0xFEE0,0xFEE0,0xFEE0,0xFEE0,0xFEE0,0xFEE0,0xFEE0,
    0xFEE0,0xFEE0,0xFEE0,0xFEE0,0xFEE0,0xFEE0,0xFEE0,0xFEE0,
    0xFEE0,0xFEE0,0xFEE0,0xFEE0,0xFEE0,0xFEE0,0xFEE0,0xFEE0,
    0xFEE0,0xFEE0,0xFEE0,0xFEE0,0xFEE0,0xFEE0,0xFEE0,0xFEE0,
    0xFEE0,0xFEE0,0xFEE0,0xFEE0,0xFEE0,0xFEE0,0xFEE0,0xFEE0,
    0xFEE0,0xFEE0,0xFEE0,0xFEE0,0xFEE0,0xFEE0,0xFEE0,0xFEE0,
    0xFEE0,0xFEE0,0xFEE0,0xFEE0,0xFEE0,0xFEE0,0xFEE0,0xFEE0,
    0xFEE0,0xFEE0,0xFEE0,0xFEE0,0xFEE0,0xFEE0,0xFEE0,0xFEE0,
    0xFEE0,0xFEE0,0xFEE0,0xFEE0,0xFEE0,0xFEE0,0xFEE0,0xFEE0,
    0xFEE0,0xFEE0,0xFEE0,0xFEE0,0xFEE0,0xFEE0,0xFEE0,0xFEE0,
    0xFEE0,0xFEE0,0xFEE0,0xFEE0,0xFEE0,0xFEE0,0xFEE0,0x0000,
    0x0000,0x0000,0x0000,0x0000,0x0000,0x0000,0x0000,0x0000,
    0x0000,0x0000,0x0000,0x0000,0x0000,0x0000,0x0000,0x0000,
    0x0000,0x0000,0xFEE0,0xFEE0,0xFEE0,0xFEE0,0xFEE0,0xFEE0,
    0xFEE0,0xFEE0,0xFEE0,0xFEE0,0xFEE0,0xFEE0,0xFEE0,0xFEE0,
    0xFEE0,0xFEE0,0xFEE0,0xFEE0,0xFEE0,0xFEE0,0xFEE0,0xFEE0,
    0xFEE0,0xFEE0,0xFEE0,0xFEE0,0xFEE0,0xFEE0,0xFEE0,0xFEE0,
    0xFEE0,0xFEE0,0xFEE0,0xFEE0,0xFEE0,0xFEE0,0xFEE0,0xFEE0,
    0xFEE0,0xFEE0,0xFEE0,0xFEE0,0xFEE0,0xFEE0,0xFEE0,0xFEE0,
    0xFEE0,0xFEE0,0xFEE0,0xFEE0,0xFEE0,0xFEE0,0xFEE0,0xFEE0,
    0xFEE0,0xFEE0,0xFEE0,0xFEE0,0xFEE0,0xFEE0,0xFEE0,0xFEE0,
    0xFEE0,0xFEE0,0xFEE0,0xFEE0,0xFEE0,0xFEE0,0xFEE0,0xFEE0,
    0xFEE0,0xFEE0,0xFEE0,0xFEE0,0xFEE0,0xFEE0,0xFEE0,0xFEE0,
    0xFEE0,0xFEE0,0xFEE0,0xFEE0,0xFEE0,0xFEE0,0xFEE0,0xFEE0,
    0xFEE0,0xFEE0,0xFEE0,0xFEE0,0xFEE0,0xFEE0,0xFEE0,0xFEE0,
    0xFEE0,0xFEE0,0xFEE0,0xFEE0,0xFEE0,0xFEE0,0xFEE0,0xFEE0,
    0xFEE0,0xFEE0,0xFEE0,0xFEE0,0xFEE0,0xFEE0,0xFEE0,0x0000,
    0x0000,0x0000,0x0000,0x0000,0x0000,0x0000,0x0000,0x0000,
    0x0000,0x0000,0x0000,0x0000,0x0000,0x0000,0x0000,0x0000,
    0x0000,0x0000,0xFEE0,0xFEE0,0xFEE0,0xFEE0,0xFEE0,0xFEE0,
    0xFEE0,0xFEE0,0xFEE0,0xFEE0,0xFEE0,0xFEE0,0xFEE0,0xFEE0,
    0xFEE0,0xFEE0,0xFEE0,0xFEE0,0xFEE0,0xFEE0,0xFEE0,0xFEE0,
    0xFEE0,0xFEE0,0xFEE0,0xFEE0,0xFEE0,0xFEE0,0xFEE0,0xFEE0,
    0xFEE0,0xFEE0,0xFEE0,0xFEE0,0xFEE0,0xFEE0,0xFEE0,0xFEE0,
    0xFEE0,0xFEE0,0xFEE0,0xFEE0,0xFEE0,0xFEE0,0xFEE0,0xFEE0,
    0xFEE0,0xFEE0,0xFEE0,0xFEE0,0xFEE0,0xFEE0,0xFEE0,0xFEE0,
    0xFEE0,0xFEE0,0xFEE0,0xFEE0,0xFEE0,0xFEE0,0xFEE0,0xFEE0,
    0xFEE0,0xFEE0,0xFEE0,0xFEE0,0xFEE0,0xFEE0,0xFEE0,0xFEE0,
    0xFEE0,0xFEE0,0xFEE0,0xFEE0,0xFEE0,0xFEE0,0xFEE0,0xFEE0,
    0xFEE0,0xFEE0,0xFEE0,0xFEE0,0xFEE0,0xFEE0,0xFEE0,0xFEE0,
    0xFEE0,0xFEE0,0xFEE0,0xFEE0,0xFEE0,0xFEE0,0xFEE0,0xFEE0,
    0xFEE0,0xFEE0,0xFEE0,0xFEE0,0xFEE0,0xFEE0,0xFEE0,0xFEE0,
    0xFEE0,0xFEE0,0xFEE0,0xFEE0,0xFEE0,0xFEE0,0xFEE0,0x0000,
    0x0000,0x0000,0x0000,0x0000,0x0000,0x0000,0x0000,0x0000,
    0x0000,0x0000,0x0000,0x0000,0x0000,0x0000,0x0000,0x0000,
    0x0000,0x0000,0xFEE0,0xFEE0,0xFEE0,0xFEE0,0xFEE0,0xFEE0,
    0xFEE0,0xFEE0,0xFEE0,0xFEE0,0xFEE0,0xFEE0,0xFEE0,0xFEE0,
    0xFEE0,0xFEE0,0xFEE0,0xFEE0,0xFEE0,0xFEE0,0xFEE0,0xFEE0,
    0xFEE0,0xFEE0,0xFEE0,0xFEE0,0xFEE0,0xFEE0,0xFEE0,0x3942,
    0x3942,0xFEE0,0xFEE0,0xFEE0,0xFEE0,0xFEE0,0xFEE0,0xFEE0,
    0xFEE0,0xFEE0,0xFEE0,0xFEE0,0xFEE0,0xFEE0,0xFEE0,0xFEE0,
    0xFEE0,0xFEE0,0xFEE0,0xFEE0,0xFEE0,0xFEE0,0xFEE0,0xFEE0,
    0xFEE0,0xFEE0,0xFEE0,0xFEE0,0xFEE0,0xFEE0,0xFEE0,0xFEE0,
    0xFEE0,0xFEE0,0xFEE0,0xFEE0,0xFEE0,0xFEE0,0xFEE0,0xFEE0,
    0xFEE0,0xFEE0,0xFEE0,0xFEE0,0xFEE0,0xFEE0,0xFEE0,0xFEE0,
    0x3942,0x3942,0xFEE0,0xFEE0,0xFEE0,0xFEE0,0xFEE0,0xFEE0,
    0xFEE0,0xFEE0,0xFEE0,0xFEE0,0xFEE0,0xFEE0,0xFEE0,0xFEE0,
    0xFEE0,0xFEE0,0xFEE0,0xFEE0,0xFEE0,0xFEE0,0xFEE0,0xFEE0,
    0xFEE0,0xFEE0,0xFEE0,0xFEE0,0xFEE0,0xFEE0,0xFEE0,0x0000,
    0x0000,0x0000,0x0000,0x0000,0x0000,0x0000,0x0000,0x0000,
    0x0000,0x0000,0x0000,0x0000,0x0000,0x0000,0x0000,0x0000,
    0x0000,0x0000,0xFEE0,0xFEE0,0xFEE0,0xFEE0,0xFEE0,0xFEE0,
    0xFEE0,0xFEE0,0xFEE0,0xFEE0,0xFEE0,0xFEE0,0xFEE0,0xFEE0,
    0xFEE0,0xFEE0,0xFEE0,0xFEE0,0xFEE0,0xFEE0,0xFEE0,0xFEE0,
    0xFEE0,0xFEE0,0xFEE0,0xFEE0,0x3942,0x3942,0x3942,0x3942,
    0x3942,0xFEE0,0xFEE0,0xFEE0,0xFEE0,0xFEE0,0xFEE0,0xFEE0,
    0xFEE0,0xFEE0,0xFEE0,0xFEE0,0xFEE0,0xFEE0,0xFEE0,0xFEE0,
    0xFEE0,0xFEE0,0xFEE0,0xFEE0,0xFEE0,0xFEE0,0xFEE0,0xFEE0,
    0xFEE0,0xFEE0,0xFEE0,0xFEE0,0xFEE0,0xFEE0,0xFEE0,0xFEE0,
    0xFEE0,0xFEE0,0xFEE0,0xFEE0,0xFEE0,0xFEE0,0xFEE0,0xFEE0,
    0xFEE0,0xFEE0,0xFEE0,0xFEE0,0xFEE0,0xFEE0,0xFEE0,0xFEE0,
    0x3942,0x3942,0x3942,0x3942,0x3942,0xFEE0,0xFEE0,0xFEE0,
    0xFEE0,0xFEE0,0xFEE0,0xFEE0,0xFEE0,0xFEE0,0xFEE0,0xFEE0,
    0xFEE0,0xFEE0,0xFEE0,0xFEE0,0xFEE0,0xFEE0,0xFEE0,0xFEE0,
    0xFEE0,0xFEE0,0xFEE0,0xFEE0,0xFEE0,0xFEE0,0xFEE0,0x0000,
    0x0000,0x0000,0x0000,0x0000,0x0000,0x0000,0x0000,0x0000,
    0x0000,0x0000,0x0000,0x0000,0x0000,0x0000,0x0000,0x0000,
    0x0000,0x0000,0xFEE0,0xFEE0,0xFEE0,0xFEE0,0xFEE0,0xFEE0,
    0xFEE0,0xFEE0,0xFEE0,0xFEE0,0xFEE0,0xFEE0,0xFEE0,0xFEE0,
    0xFEE0,0xFEE0,0xFEE0,0xFEE0,0xFEE0,0xFEE0,0xFEE0,0xFEE0,
    0xFEE0,0xFEE0,0xFEE0,0xFEE0,0x3942,0x3942,0x3942,0x3942,
    0x3942,0x3942,0xFEE0,0xFEE0,0xFEE0,0xFEE0,0xFEE0,0xFEE0,
    0xFEE0,0xFEE0,0xFEE0,0xFEE0,0xFEE0,0xFEE0,0xFEE0,0xFEE0,
    0xFEE0,0xFEE0,0xFEE0,0xFEE0,0xFEE0,0xFEE0,0xFEE0,0xFEE0,
    0xFEE0,0xFEE0,0xFEE0,0xFEE0,0xFEE0,0xFEE0,0xFEE0,0xFEE0,
    0xFEE0,0xFEE0,0xFEE0,0xFEE0,0xFEE0,0xFEE0,0xFEE0,0xFEE0,
    0xFEE0,0xFEE0,0xFEE0,0xFEE0,0xFEE0,0xFEE0,0xFEE0,0x3942,
    0x3942,0x3942,0x3942,0x3942,0x3942,0xFEE0,0xFEE0,0xFEE0,
    0xFEE0,0xFEE0,0xFEE0,0xFEE0,0xFEE0,0xFEE0,0xFEE0,0xFEE0,
    0xFEE0,0xFEE0,0xFEE0,0xFEE0,0xFEE0,0xFEE0,0xFEE0,0xFEE0,
    0xFEE0,0xFEE0,0xFEE0,0xFEE0,0xFEE0,0xFEE0,0xFEE0,0x0000,
    0x0000,0x0000,0x0000,0x0000,0x0000,0x0000,0x0000,0x0000,
    0x0000,0x0000,0x0000,0x0000,0x0000,0x0000,0x0000,0x0000,
    0x0000,0x0000,0x0000,0xFEE0,0xFEE0,0xFEE0,0xFEE0,0xFEE0,
    0xFEE0,0xFEE0,0xFEE0,0xFEE0,0xFEE0,0xFEE0,0xFEE0,0xFEE0,
    0xFEE0,0xFEE0,0xFEE0,0xFEE0,0xFEE0,0xFEE0,0xFEE0,0xFEE0,
    0xFEE0,0xFEE0,0xFEE0,0xFEE0,0xFEE0,0x3942,0x3942,0x3942,
    0x3942,0x3942,0xFEE0,0xFEE0,0xFEE0,0xFEE0,0xFEE0,0xFEE0,
    0xFEE0,0xFEE0,0xFEE0,0xFEE0,0xFEE0,0xFEE0,0xFEE0,0xFEE0,
    0xFEE0,0xFEE0,0xFEE0,0xFEE0,0xFEE0,0xFEE0,0xFEE0,0xFEE0,
    0xFEE0,0xFEE0,0xFEE0,0xFEE0,0xFEE0,0xFEE0,0xFEE0,0xFEE0,
    0xFEE0,0xFEE0,0xFEE0,0xFEE0,0xFEE0,0xFEE0,0xFEE0,0xFEE0,
    0xFEE0,0xFEE0,0xFEE0,0xFEE0,0xFEE0,0xFEE0,0xFEE0,0x3942,
    0x3942,0x3942,0x3942,0x3942,0xFEE0,0xFEE0,0xFEE0,0xFEE0,
    0xFEE0,0xFEE0,0xFEE0,0xFEE0,0xFEE0,0xFEE0,0xFEE0,0xFEE0,
    0xFEE0,0xFEE0,0xFEE0,0xFEE0,0xFEE0,0xFEE0,0xFEE0,0xFEE0,
    0xFEE0,0xFEE0,0xFEE0,0xFEE0,0xFEE0,0xFEE0,0x0000,0x0000,
    0x0000,0x0000,0x0000,0x0000,0x0000,0x0000,0x0000,0x0000,
    0x0000,0x0000,0x0000,0x0000,0x0000,0x0000,0x0000,0x0000,
    0x0000,0x0000,0x0000,0xFEE0,0xFEE0,0xFEE0,0xFEE0,0xFEE0,
    0xFEE0,0xFEE0,0xFEE0,0xFEE0,0xFEE0,0xFEE0,0xFEE0,0xFEE0,
    0xFEE0,0xFEE0,0xFEE0,0xFEE0,0xFEE0,0xFEE0,0xFEE0,0xFEE0,
    0xFEE0,0xFEE0,0xFEE0,0xFEE0,0xFEE0,0x3942,0x3942,0x3942,
    0x3942,0x3942,0x3942,0xFEE0,0xFEE0,0xFEE0,0xFEE0,0xFEE0,
    0xFEE0,0xFEE0,0xFEE0,0xFEE0,0xFEE0,0xFEE0,0xFEE0,0xFEE0,
    0xFEE0,0xFEE0,0xFEE0,0xFEE0,0xFEE0,0xFEE0,0xFEE0,0xFEE0,
    0xFEE0,0xFEE0,0xFEE0,0xFEE0,0xFEE0,0xFEE0,0xFEE0,0xFEE0,
    0xFEE0,0xFEE0,0xFEE0,0xFEE0,0xFEE0,0xFEE0,0xFEE0,0xFEE0,
    0xFEE0,0xFEE0,0xFEE0,0xFEE0,0xFEE0,0xFEE0,0x3942,0x3942,
    0x3942,0x3942,0x3942,0x3942,0xFEE0,0xFEE0,0xFEE0,0xFEE0,
    0xFEE0,0xFEE0,0xFEE0,0xFEE0,0xFEE0,0xFEE0,0xFEE0,0xFEE0,
    0xFEE0,0xFEE0,0xFEE0,0xFEE0,0xFEE0,0xFEE0,0xFEE0,0xFEE0,
    0xFEE0,0xFEE0,0xFEE0,0xFEE0,0xFEE0,0xFEE0,0x0000,0x0000,
    0x0000,0x0000,0x0000,0x0000,0x0000,0x0000,0x0000,0x0000,
    0x0000,0x0000,0x0000,0x0000,0x0000,0x0000,0x0000,0x0000,
    0x0000,0x0000,0x0000,0xFEE0,0xFEE0,0xFEE0,0xFEE0,0xFEE0,
    0xFEE0,0xFEE0,0xFEE0,0xFEE0,0xFEE0,0xFEE0,0xFEE0,0xFEE0,
    0xFEE0,0xFEE0,0xFEE0,0xFEE0,0xFEE0,0xFEE0,0xFEE0,0xFEE0,
    0xFEE0,0xFEE0,0xFEE0,0xFEE0,0xFEE0,0x3942,0x3942,0x3942,
    0x3942,0x3942,0x3942,0xFEE0,0xFEE0,0xFEE0,0xFEE0,0xFEE0,
    0xFEE0,0xFEE0,0xFEE0,0xFEE0,0xFEE0,0xFEE0,0xFEE0,0xFEE0,
    0xFEE0,0xFEE0,0xFEE0,0xFEE0,0xFEE0,0xFEE0,0xFEE0,0xFEE0,
    0xFEE0,0xFEE0,0xFEE0,0xFEE0,0xFEE0,0xFEE0,0xFEE0,0xFEE0,
    0xFEE0,0xFEE0,0xFEE0,0xFEE0,0xFEE0,0xFEE0,0xFEE0,0xFEE0,
    0xFEE0,0xFEE0,0xFEE0,0xFEE0,0xFEE0,0xFEE0,0x3942,0x3942,
    0x3942,0x3942,0x3942,0x3942,0xFEE0,0xFEE0,0xFEE0,0xFEE0,
    0xFEE0,0xFEE0,0xFEE0,0xFEE0,0xFEE0,0xFEE0,0xFEE0,0xFEE0,
    0xFEE0,0xFEE0,0xFEE0,0xFEE0,0xFEE0,0xFEE0,0xFEE0,0xFEE0,
    0xFEE0,0xFEE0,0xFEE0,0xFEE0,0xFEE0,0xFEE0,0x0000,0x0000,
    0x0000,0x0000,0x0000,0x0000,0x0000,0x0000,0x0000,0x0000,
    0x0000,0x0000,0x0000,0x0000,0x0000,0x0000,0x0000,0x0000,
    0x0000,0x0000,0x0000,0xFEE0,0xFEE0,0xFEE0,0xFEE0,0xFEE0,
    0xFEE0,0xFEE0,0xFEE0,0xFEE0,0xFEE0,0xFEE0,0xFEE0,0xFEE0,
    0xFEE0,0xFEE0,0xFEE0,0xFEE0,0xFEE0,0xFEE0,0xFEE0,0xFEE0,
    0xFEE0,0xFEE0,0xFEE0,0xFEE0,0xFEE0,0xFEE0,0x3942,0x3942,
    0x3942,0x3942,0x3942,0x3942,0xFEE0,0xFEE0,0xFEE0,0xFEE0,
    0xFEE0,0xFEE0,0xFEE0,0xFEE0,0xFEE0,0xFEE0,0xFEE0,0xFEE0,
    0xFEE0,0xFEE0,0xFEE0,0xFEE0,0xFEE0,0xFEE0,0xFEE0,0xFEE0,
    0xFEE0,0xFEE0,0xFEE0,0xFEE0,0xFEE0,0xFEE0,0xFEE0,0xFEE0,
    0xFEE0,0xFEE0,0xFEE0,0xFEE0,0xFEE0,0xFEE0,0xFEE0,0xFEE0,
    0xFEE0,0xFEE0,0xFEE0,0xFEE0,0xFEE0,0x3942,0x3942,0x3942,
    0x3942,0x3942,0x3942,0xFEE0,0xFEE0,0xFEE0,0xFEE0,0xFEE0,
    0xFEE0,0xFEE0,0xFEE0,0xFEE0,0xFEE0,0xFEE0,0xFEE0,0xFEE0,
    0xFEE0,0xFEE0,0xFEE0,0xFEE0,0xFEE0,0xFEE0,0xFEE0,0xFEE0,
    0xFEE0,0xFEE0,0xFEE0,0xFEE0,0xFEE0,0xFEE0,0x0000,0x0000,
    0x0000,0x0000,0x0000,0x0000,0x0000,0x0000,0x0000,0x0000,
    0x0000,0x0000,0x0000,0x0000,0x0000,0x0000,0x0000,0x0000,
    0x0000,0x0000,0x0000,0x0000,0xFEE0,0xFEE0,0xFEE0,0xFEE0,
    0xFEE0,0xFEE0,0xFEE0,0xFEE0,0xFEE0,0xFEE0,0xFEE0,0xFEE0,
    0xFEE0,0xFEE0,0xFEE0,0xFEE0,0xFEE0,0xFEE0,0xFEE0,0xFEE0,
    0xFEE0,0xFEE0,0xFEE0,0xFEE0,0xFEE0,0xFEE0,0xFEE0,0x3942,
    0x3942,0x3942,0x3942,0x3942,0xFEE0,0xFEE0,0xFEE0,0xFEE0,
    0xFEE0,0xFEE0,0xFEE0,0xFEE0,0xFEE0,0xFEE0,0xFEE0,0xFEE0,
    0xFEE0,0xFEE0,0xFEE0,0xFEE0,0xFEE0,0xFEE0,0xFEE0,0xFEE0,
    0xFEE0,0xFEE0,0xFEE0,0xFEE0,0xFEE0,0xFEE0,0xFEE0,0xFEE0,
    0xFEE0,0xFEE0,0xFEE0,0xFEE0,0xFEE0,0xFEE0,0xFEE0,0xFEE0,
    0xFEE0,0xFEE0,0xFEE0,0xFEE0,0xFEE0,0x3942,0x3942,0x3942,
    0x3942,0x3942,0xFEE0,0xFEE0,0xFEE0,0xFEE0,0xFEE0,0xFEE0,
    0xFEE0,0xFEE0,0xFEE0,0xFEE0,0xFEE0,0xFEE0,0xFEE0,0xFEE0,
    0xFEE0,0xFEE0,0xFEE0,0xFEE0,0xFEE0,0xFEE0,0xFEE0,0xFEE0,
    0xFEE0,0xFEE0,0xFEE0,0xFEE0,0xFEE0,0x0000,0x0000,0x0000,
    0x0000,0x0000,0x0000,0x0000,0x0000,0x0000,0x0000,0x0000,
    0x0000,0x0000,0x0000,0x0000,0x0000,0x0000,0x0000,0x0000,
    0x0000,0x0000,0x0000,0x0000,0xFEE0,0xFEE0,0xFEE0,0xFEE0,
    0xFEE0,0xFEE0,0xFEE0,0xFEE0,0xFEE0,0xFEE0,0xFEE0,0xFEE0,
    0xFEE0,0xFEE0,0xFEE0,0xFEE0,0xFEE0,0xFEE0,0xFEE0,0xFEE0,
    0xFEE0,0xFEE0,0xFEE0,0xFEE0,0xFEE0,0xFEE0,0xFEE0,0x3942,
    0x3942,0x3942,0x3942,0x3942,0x3942,0xFEE0,0xFEE0,0xFEE0,
    0xFEE0,0xFEE0,0xFEE0,0xFEE0,0xFEE0,0xFEE0,0xFEE0,0xFEE0,
    0xFEE0,0xFEE0,0xFEE0,0xFEE0,0xFEE0,0xFEE0,0xFEE0,0xFEE0,
    0xFEE0,0xFEE0,0xFEE0,0xFEE0,0xFEE0,0xFEE0,0xFEE0,0xFEE0,
    0xFEE0,0xFEE0,0xFEE0,0xFEE0,0xFEE0,0xFEE0,0xFEE0,0xFEE0,
    0xFEE0,0xFEE0,0xFEE0,0xFEE0,0x3942,0x3942,0x3942,0x3942,
    0x3942,0x3942,0xFEE0,0xFEE0,0xFEE0,0xFEE0,0xFEE0,0xFEE0,
    0xFEE0,0xFEE0,0xFEE0,0xFEE0,0xFEE0,0xFEE0,0xFEE0,0xFEE0,
    0xFEE0,0xFEE0,0xFEE0,0xFEE0,0xFEE0,0xFEE0,0xFEE0,0xFEE0,
    0xFEE0,0xFEE0,0xFEE0,0xFEE0,0xFEE0,0x0000,0x0000,0x0000,
    0x0000,0x0000,0x0000,0x0000,0x0000,0x0000,0x0000,0x0000,
    0x0000,0x0000,0x0000,0x0000,0x0000,0x0000,0x0000,0x0000,
    0x0000,0x0000,0x0000,0x0000,0xFEE0,0xFEE0,0xFEE0,0xFEE0,
    0xFEE0,0xFEE0,0xFEE0,0xFEE0,0xFEE0,0xFEE0,0xFEE0,0xFEE0,
    0xFEE0,0xFEE0,0xFEE0,0xFEE0,0xFEE0,0xFEE0,0xFEE0,0xFEE0,
    0xFEE0,0xFEE0,0xFEE0,0xFEE0,0xFEE0,0xFEE0,0xFEE0,0xFEE0,
    0x3942,0x3942,0x3942,0x3942,0x3942,0x3942,0xFEE0,0xFEE0,
    0xFEE0,0xFEE0,0xFEE0,0xFEE0,0xFEE0,0xFEE0,0xFEE0,0xFEE0,
    0xFEE0,0xFEE0,0xFEE0,0xFEE0,0xFEE0,0xFEE0,0xFEE0,0xFEE0,
    0xFEE0,0xFEE0,0xFEE0,0xFEE0,0xFEE0,0xFEE0,0xFEE0,0xFEE0,
    0xFEE0,0xFEE0,0xFEE0,0xFEE0,0xFEE0,0xFEE0,0xFEE0,0xFEE0,
    0xFEE0,0xFEE0,0xFEE0,0x3942,0x3942,0x3942,0x3942,0x3942,
    0x3942,0xFEE0,0xFEE0,0xFEE0,0xFEE0,0xFEE0,0xFEE0,0xFEE0,
    0xFEE0,0xFEE0,0xFEE0,0xFEE0,0xFEE0,0xFEE0,0xFEE0,0xFEE0,
    0xFEE0,0xFEE0,0xFEE0,0xFEE0,0xFEE0,0xFEE0,0xFEE0,0xFEE0,
    0xFEE0,0xFEE0,0xFEE0,0xFEE0,0xFEE0,0x0000,0x0000,0x0000,
    0x0000,0x0000,0x0000,0x0000,0x0000,0x0000,0x0000,0x0000,
    0x0000,0x0000,0x0000,0x0000,0x0000,0x0000,0x0000,0x0000,
    0x0000,0x0000,0x0000,0x0000,0x0000,0xFEE0,0xFEE0,0xFEE0,
    0xFEE0,0xFEE0,0xFEE0,0xFEE0,0xFEE0,0xFEE0,0xFEE0,0xFEE0,
    0xFEE0,0xFEE0,0xFEE0,0xFEE0,0xFEE0,0xFEE0,0xFEE0,0xFEE0,
    0xFEE0,0xFEE0,0xFEE0,0xFEE0,0xFEE0,0xFEE0,0xFEE0,0xFEE0,
    0xFEE0,0x3942,0x3942,0x3942,0x3942,0x3942,0x3942,0xFEE0,
    0xFEE0,0xFEE0,0xFEE0,0xFEE0,0xFEE0,0xFEE0,0xFEE0,0xFEE0,
    0xFEE0,0xFEE0,0xFEE0,0xFEE0,0xFEE0,0xFEE0,0xFEE0,0xFEE0,
    0xFEE0,0xFEE0,0xFEE0,0xFEE0,0xFEE0,0xFEE0,0xFEE0,0xFEE0,
    0xFEE0,0xFEE0,0xFEE0,0xFEE0,0xFEE0,0xFEE0,0xFEE0,0xFEE0,
    0xFEE0,0xFEE0,0x3942,0x3942,0x3942,0x3942,0x3942,0x3942,
    0xFEE0,0xFEE0,0xFEE0,0xFEE0,0xFEE0,0xFEE0,0xFEE0,0xFEE0,
    0xFEE0,0xFEE0,0xFEE0,0xFEE0,0xFEE0,0xFEE0,0xFEE0,0xFEE0,
    0xFEE0,0xFEE0,0xFEE0,0xFEE0,0xFEE0,0xFEE0,0xFEE0,0xFEE0,
    0xFEE0,0xFEE0,0xFEE0,0xFEE0,0x0000,0x0000,0x0000,0x0000,
    0x0000,0x0000,0x0000,0x0000,0x0000,0x0000,0x0000,0x0000,
    0x0000,0x0000,0x0000,0x0000,0x0000,0x0000,0x0000,0x0000,
    0x0000,0x0000,0x0000,0x0000,0x0000,0xFEE0,0xFEE0,0xFEE0,
    0xFEE0,0xFEE0,0xFEE0,0xFEE0,0xFEE0,0xFEE0,0xFEE0,0xFEE0,
    0xFEE0,0xFEE0,0xFEE0,0xFEE0,0xFEE0,0xFEE0,0xFEE0,0xFEE0,
    0xFEE0,0xFEE0,0xFEE0,0xFEE0,0xFEE0,0xFEE0,0xFEE0,0xFEE0,
    0xFEE0,0x3942,0x3942,0x3942,0x3942,0x3942,0x3942,0x3942,
    0xFEE0,0xFEE0,0xFEE0,0xFEE0,0xFEE0,0xFEE0,0xFEE0,0xFEE0,
    0xFEE0,0xFEE0,0xFEE0,0xFEE0,0xFEE0,0xFEE0,0xFEE0,0xFEE0,
    0xFEE0,0xFEE0,0xFEE0,0xFEE0,0xFEE0,0xFEE0,0xFEE0,0xFEE0,
    0xFEE0,0xFEE0,0xFEE0,0xFEE0,0xFEE0,0xFEE0,0xFEE0,0xFEE0,
    0xFEE0,0x3942,0x3942,0x3942,0x3942,0x3942,0x3942,0x3942,
    0xFEE0,0xFEE0,0xFEE0,0xFEE0,0xFEE0,0xFEE0,0xFEE0,0xFEE0,
    0xFEE0,0xFEE0,0xFEE0,0xFEE0,0xFEE0,0xFEE0,0xFEE0,0xFEE0,
    0xFEE0,0xFEE0,0xFEE0,0xFEE0,0xFEE0,0xFEE0,0xFEE0,0xFEE0,
    0xFEE0,0xFEE0,0xFEE0,0xFEE0,0x0000,0x0000,0x0000,0x0000,
    0x0000,0x0000,0x0000,0x0000,0x0000,0x0000,0x0000,0x0000,
    0x0000,0x0000,0x0000,0x0000,0x0000,0x0000,0x0000,0x0000,
    0x0000,0x0000,0x0000,0x0000,0x0000,0xFEE0,0xFEE0,0xFEE0,
    0xFEE0,0xFEE0,0xFEE0,0xFEE0,0xFEE0,0xFEE0,0xFEE0,0xFEE0,
    0xFEE0,0xFEE0,0xFEE0,0xFEE0,0xFEE0,0xFEE0,0xFEE0,0xFEE0,
    0xFEE0,0xFEE0,0xFEE0,0xFEE0,0xFEE0,0xFEE0,0xFEE0,0xFEE0,
    0xFEE0,0xFEE0,0x3942,0x3942,0x3942,0x3942,0x3942,0x3942,
    0x3942,0xFEE0,0xFEE0,0xFEE0,0xFEE0,0xFEE0,0xFEE0,0xFEE0,
    0xFEE0,0xFEE0,0xFEE0,0xFEE0,0xFEE0,0xFEE0,0xFEE0,0xFEE0,
    0xFEE0,0xFEE0,0xFEE0,0xFEE0,0xFEE0,0xFEE0,0xFEE0,0xFEE0,
    0xFEE0,0xFEE0,0xFEE0,0xFEE0,0xFEE0,0xFEE0,0xFEE0,0xFEE0,
    0x3942,0x3942,0x3942,0x3942,0x3942,0x3942,0x3942,0xFEE0,
    0xFEE0,0xFEE0,0xFEE0,0xFEE0,0xFEE0,0xFEE0,0xFEE0,0xFEE0,
    0xFEE0,0xFEE0,0xFEE0,0xFEE0,0xFEE0,0xFEE0,0xFEE0,0xFEE0,
    0xFEE0,0xFEE0,0xFEE0,0xFEE0,0xFEE0,0xFEE0,0xFEE0,0xFEE0,
    0xFEE0,0xFEE0,0xFEE0,0xFEE0,0x0000,0x0000,0x0000,0x0000,
    0x0000,0x0000,0x0000,0x0000,0x0000,0x0000,0x0000,0x0000,
    0x0000,0x0000,0x0000,0x0000,0x0000,0x0000,0x0000,0x0000,
    0x0000,0x0000,0x0000,0x0000,0x0000,0x0000,0xFEE0,0xFEE0,
    0xFEE0,0xFEE0,0xFEE0,0xFEE0,0xFEE0,0xFEE0,0xFEE0,0xFEE0,
    0xFEE0,0xFEE0,0xFEE0,0xFEE0,0xFEE0,0xFEE0,0xFEE0,0xFEE0,
    0xFEE0,0xFEE0,0xFEE0,0xFEE0,0xFEE0,0xFEE0,0xFEE0,0xFEE0,
    0xFEE0,0xFEE0,0xFEE0,0x3942,0x3942,0x3942,0x3942,0x3942,
    0x3942,0x3942,0x3942,0xFEE0,0xFEE0,0xFEE0,0xFEE0,0xFEE0,
    0xFEE0,0xFEE0,0xFEE0,0xFEE0,0xFEE0,0xFEE0,0xFEE0,0xFEE0,
    0xFEE0,0xFEE0,0xFEE0,0xFEE0,0xFEE0,0xFEE0,0xFEE0,0xFEE0,
    0xFEE0,0xFEE0,0xFEE0,0xFEE0,0xFEE0,0xFEE0,0x3942,0x3942,
    0x3942,0x3942,0x3942,0x3942,0x3942,0x3942,0xFEE0,0xFEE0,
    0xFEE0,0xFEE0,0xFEE0,0xFEE0,0xFEE0,0xFEE0,0xFEE0,0xFEE0,
    0xFEE0,0xFEE0,0xFEE0,0xFEE0,0xFEE0,0xFEE0,0xFEE0,0xFEE0,
    0xFEE0,0xFEE0,0xFEE0,0xFEE0,0xFEE0,0xFEE0,0xFEE0,0xFEE0,
    0xFEE0,0xFEE0,0xFEE0,0x0000,0x0000,0x0000,0x0000,0x0000,
    0x0000,0x0000,0x0000,0x0000,0x0000,0x0000,0x0000,0x0000,
    0x0000,0x0000,0x0000,0x0000,0x0000,0x0000,0x0000,0x0000,
    0x0000,0x0000,0x0000,0x0000,0x0000,0x0000,0xFEE0,0xFEE0,
    0xFEE0,0xFEE0,0xFEE0,0xFEE0,0xFEE0,0xFEE0,0xFEE0,0xFEE0,
    0xFEE0,0xFEE0,0xFEE0,0xFEE0,0xFEE0,0xFEE0,0xFEE0,0xFEE0,
    0xFEE0,0xFEE0,0xFEE0,0xFEE0,0xFEE0,0xFEE0,0xFEE0,0xFEE0,
    0xFEE0,0xFEE0,0xFEE0,0xFEE0,0x3942,0x3942,0x3942,0x3942,
    0x3942,0x3942,0x3942,0x3942,0x3942,0xFEE0,0xFEE0,0xFEE0,
    0xFEE0,0xFEE0,0xFEE0,0xFEE0,0xFEE0,0xFEE0,0xFEE0,0xFEE0,
    0xFEE0,0xFEE0,0xFEE0,0xFEE0,0xFEE0,0xFEE0,0xFEE0,0xFEE0,
    0xFEE0,0xFEE0,0xFEE0,0xFEE0,0x3942,0x3942,0x3942,0x3942,
    0x3942,0x3942,0x3942,0x3942,0x3942,0xFEE0,0xFEE0,0xFEE0,
    0xFEE0,0xFEE0,0xFEE0,0xFEE0,0xFEE0,0xFEE0,0xFEE0,0xFEE0,
    0xFEE0,0xFEE0,0xFEE0,0xFEE0,0xFEE0,0xFEE0,0xFEE0,0xFEE0,
    0xFEE0,0xFEE0,0xFEE0,0xFEE0,0xFEE0,0xFEE0,0xFEE0,0xFEE0,
    0xFEE0,0xFEE0,0xFEE0,0x0000,0x0000,0x0000,0x0000,0x0000,
    0x0000,0x0000,0x0000,0x0000,0x0000,0x0000,0x0000,0x0000,
    0x0000,0x0000,0x0000,0x0000,0x0000,0x0000,0x0000,0x0000,
    0x0000,0x0000,0x0000,0x0000,0x0000,0x0000,0x0000,0xFEE0,
    0xFEE0,0xFEE0,0xFEE0,0xFEE0,0xFEE0,0xFEE0,0xFEE0,0xFEE0,
    0xFEE0,0xFEE0,0xFEE0,0xFEE0,0xFEE0,0xFEE0,0xFEE0,0xFEE0,
    0xFEE0,0xFEE0,0xFEE0,0xFEE0,0xFEE0,0xFEE0,0xFEE0,0xFEE0,
    0xFEE0,0xFEE0,0xFEE0,0xFEE0,0xFEE0,0x3942,0x3942,0x3942,
    0x3942,0x3942,0x3942,0x3942,0x3942,0x3942,0x3942,0xFEE0,
    0xFEE0,0xFEE0,0xFEE0,0xFEE0,0xFEE0,0xFEE0,0xFEE0,0xFEE0,
    0xFEE0,0xFEE0,0xFEE0,0xFEE0,0xFEE0,0xFEE0,0xFEE0,0xFEE0,
    0xFEE0,0xFEE0,0x3942,0x3942,0x3942,0x3942,0x3942,0x3942,
    0x3942,0x3942,0x3942,0x3942,0xFEE0,0xFEE0,0xFEE0,0xFEE0,
    0xFEE0,0xFEE0,0xFEE0,0xFEE0,0xFEE0,0xFEE0,0xFEE0,0xFEE0,
    0xFEE0,0xFEE0,0xFEE0,0xFEE0,0xFEE0,0xFEE0,0xFEE0,0xFEE0,
    0xFEE0,0xFEE0,0xFEE0,0xFEE0,0xFEE0,0xFEE0,0xFEE0,0xFEE0,
    0xFEE0,0xFEE0,0x0000,0x0000,0x0000,0x0000,0x0000,0x0000,
    0x0000,0x0000,0x0000,0x0000,0x0000,0x0000,0x0000,0x0000,
    0x0000,0x0000,0x0000,0x0000,0x0000,0x0000,0x0000,0x0000,
    0x0000,0x0000,0x0000,0x0000,0x0000,0x0000,0x0000,0xFEE0,
    0xFEE0,0xFEE0,0xFEE0,0xFEE0,0xFEE0,0xFEE0,0xFEE0,0xFEE0,
    0xFEE0,0xFEE0,0xFEE0,0xFEE0,0xFEE0,0xFEE0,0xFEE0,0xFEE0,
    0xFEE0,0xFEE0,0xFEE0,0xFEE0,0xFEE0,0xFEE0,0xFEE0,0xFEE0,
    0xFEE0,0xFEE0,0xFEE0,0xFEE0,0xFEE0,0xFEE0,0xFEE0,0x3942,
    0x3942,0x3942,0x3942,0x3942,0x3942,0x3942,0x3942,0x3942,
    0x3942,0xFEE0,0xFEE0,0xFEE0,0xFEE0,0xFEE0,0xFEE0,0xFEE0,
    0xFEE0,0xFEE0,0xFEE0,0xFEE0,0xFEE0,0xFEE0,0xFEE0,0xFEE0,
    0x3942,0x3942,0x3942,0x3942,0x3942,0x3942,0x3942,0x3942,
    0x3942,0x3942,0xFEE0,0xFEE0,0xFEE0,0xFEE0,0xFEE0,0xFEE0,
    0xFEE0,0xFEE0,0xFEE0,0xFEE0,0xFEE0,0xFEE0,0xFEE0,0xFEE0,
    0xFEE0,0xFEE0,0xFEE0,0xFEE0,0xFEE0,0xFEE0,0xFEE0,0xFEE0,
    0xFEE0,0xFEE0,0xFEE0,0xFEE0,0xFEE0,0xFEE0,0xFEE0,0xFEE0,
    0xFEE0,0xFEE0,0x0000,0x0000,0x0000,0x0000,0x0000,0x0000,
    0x0000,0x0000,0x0000,0x0000,0x0000,0x0000,0x0000,0x0000,
    0x0000,0x0000,0x0000,0x0000,0x0000,0x0000,0x0000,0x0000,
    0x0000,0x0000,0x0000,0x0000,0x0000,0x0000,0x0000,0x0000,
    0xFEE0,0xFEE0,0xFEE0,0xFEE0,0xFEE0,0xFEE0,0xFEE0,0xFEE0,
    0xFEE0,0xFEE0,0xFEE0,0xFEE0,0xFEE0,0xFEE0,0xFEE0,0xFEE0,
    0xFEE0,0xFEE0,0xFEE0,0xFEE0,0xFEE0,0xFEE0,0xFEE0,0xFEE0,
    0xFEE0,0xFEE0,0xFEE0,0xFEE0,0xFEE0,0xFEE0,0xFEE0,0xFEE0,
    0x3942,0x3942,0x3942,0x3942,0x3942,0x3942,0x3942,0x3942,
    0x3942,0x3942,0x3942,0x3942,0x3942,0x3942,0x3942,0x3942,
    0xFEE0,0x3942,0x3942,0x3942,0x3942,0x3942,0x3942,0x3942,
    0x3942,0x3942,0x3942,0x3942,0x3942,0x3942,0x3942,0x3942,
    0x3942,0xFEE0,0xFEE0,0xFEE0,0xFEE0,0xFEE0,0xFEE0,0xFEE0,
    0xFEE0,0xFEE0,0xFEE0,0xFEE0,0xFEE0,0xFEE0,0xFEE0,0xFEE0,
    0xFEE0,0xFEE0,0xFEE0,0xFEE0,0xFEE0,0xFEE0,0xFEE0,0xFEE0,
    0xFEE0,0xFEE0,0xFEE0,0xFEE0,0xFEE0,0xFEE0,0xFEE0,0xFEE0,
    0xFEE0,0x0000,0x0000,0x0000,0x0000,0x0000,0x0000,0x0000,
    0x0000,0x0000,0x0000,0x0000,0x0000,0x0000,0x0000,0x0000,
    0x0000,0x0000,0x0000,0x0000,0x0000,0x0000,0x0000,0x0000,
    0x0000,0x0000,0x0000,0x0000,0x0000,0x0000,0x0000,0x0000,
    0xFEE0,0xFEE0,0xFEE0,0xFEE0,0xFEE0,0xFEE0,0xFEE0,0xFEE0,
    0xFEE0,0xFEE0,0xFEE0,0xFEE0,0xFEE0,0xFEE0,0xFEE0,0xFEE0,
    0xFEE0,0xFEE0,0xFEE0,0xFEE0,0xFEE0,0xFEE0,0xFEE0,0xFEE0,
    0xFEE0,0xFEE0,0xFEE0,0xFEE0,0xFEE0,0xFEE0,0xFEE0,0xFEE0,
    0xFEE0,0xFEE0,0x3942,0x3942,0x3942,0x3942,0x3942,0x3942,
    0x3942,0x3942,0x3942,0x3942,0x3942,0x3942,0x3942,0x3942,
    0x3942,0x3942,0x3942,0x3942,0x3942,0x3942,0x3942,0x3942,
    0x3942,0x3942,0x3942,0x3942,0x3942,0x3942,0x3942,0xFEE0,
    0xFEE0,0xFEE0,0xFEE0,0xFEE0,0xFEE0,0xFEE0,0xFEE0,0xFEE0,
    0xFEE0,0xFEE0,0xFEE0,0xFEE0,0xFEE0,0xFEE0,0xFEE0,0xFEE0,
    0xFEE0,0xFEE0,0xFEE0,0xFEE0,0xFEE0,0xFEE0,0xFEE0,0xFEE0,
    0xFEE0,0xFEE0,0xFEE0,0xFEE0,0xFEE0,0xFEE0,0xFEE0,0xFEE0,
    0xFEE0,0x0000,0x0000,0x0000,0x0000,0x0000,0x0000,0x0000,
    0x0000,0x0000,0x0000,0x0000,0x0000,0x0000,0x0000,0x0000,
    0x0000,0x0000,0x0000,0x0000,0x0000,0x0000,0x0000,0x0000,
    0x0000,0x0000,0x0000,0x0000,0x0000,0x0000,0x0000,0x0000,
    0x0000,0xFEE0,0xFEE0,0xFEE0,0xFEE0,0xFEE0,0xFEE0,0xFEE0,
    0xFEE0,0xFEE0,0xFEE0,0xFEE0,0xFEE0,0xFEE0,0xFEE0,0xFEE0,
    0xFEE0,0xFEE0,0xFEE0,0xFEE0,0xFEE0,0xFEE0,0xFEE0,0xFEE0,
    0xFEE0,0xFEE0,0xFEE0,0xFEE0,0xFEE0,0xFEE0,0xFEE0,0xFEE0,
    0xFEE0,0xFEE0,0xFEE0,0x3942,0x3942,0x3942,0x3942,0x3942,
    0x3942,0x3942,0x3942,0x3942,0x3942,0x3942,0x3942,0x3942,
    0x3942,0x3942,0x3942,0x3942,0x3942,0x3942,0x3942,0x3942,
    0x3942,0x3942,0x3942,0x3942,0x3942,0x3942,0xFEE0,0xFEE0,
    0xFEE0,0xFEE0,0xFEE0,0xFEE0,0xFEE0,0xFEE0,0xFEE0,0xFEE0,
    0xFEE0,0xFEE0,0xFEE0,0xFEE0,0xFEE0,0xFEE0,0xFEE0,0xFEE0,
    0xFEE0,0xFEE0,0xFEE0,0xFEE0,0xFEE0,0xFEE0,0xFEE0,0xFEE0,
    0xFEE0,0xFEE0,0xFEE0,0xFEE0,0xFEE0,0xFEE0,0xFEE0,0xFEE0,
    0x0000,0x0000,0x0000,0x0000,0x0000,0x0000,0x0000,0x0000,
    0x0000,0x0000,0x0000,0x0000,0x0000,0x0000,0x0000,0x0000,
    0x0000,0x0000,0x0000,0x0000,0x0000,0x0000,0x0000,0x0000,
    0x0000,0x0000,0x0000,0x0000,0x0000,0x0000,0x0000,0x0000,
    0x0000,0xFEE0,0xFEE0,0xFEE0,0xFEE0,0xFEE0,0xFEE0,0xFEE0,
    0xFEE0,0xFEE0,0xFEE0,0xFEE0,0xFEE0,0xFEE0,0xFEE0,0xFEE0,
    0xFEE0,0xFEE0,0xFEE0,0xFEE0,0xFEE0,0xFEE0,0xFEE0,0xFEE0,
    0xFEE0,0xFEE0,0xFEE0,0xFEE0,0xFEE0,0xFEE0,0xFEE0,0xFEE0,
    0xFEE0,0xFEE0,0xFEE0,0xFEE0,0xFEE0,0xFEE0,0x3942,0x3942,
    0x3942,0x3942,0x3942,0x3942,0x3942,0x3942,0x3942,0x3942,
    0x3942,0x3942,0x3942,0x3942,0x3942,0x3942,0x3942,0x3942,
    0x3942,0x3942,0x3942,0xFEE0,0xFEE0,0xFEE0,0xFEE0,0xFEE0,
    0xFEE0,0xFEE0,0xFEE0,0xFEE0,0xFEE0,0xFEE0,0xFEE0,0xFEE0,
    0xFEE0,0xFEE0,0xFEE0,0xFEE0,0xFEE0,0xFEE0,0xFEE0,0xFEE0,
    0xFEE0,0xFEE0,0xFEE0,0xFEE0,0xFEE0,0xFEE0,0xFEE0,0xFEE0,
    0xFEE0,0xFEE0,0xFEE0,0xFEE0,0xFEE0,0xFEE0,0xFEE0,0xFEE0,
    0x0000,0x0000,0x0000,0x0000,0x0000,0x0000,0x0000,0x0000,
    0x0000,0x0000,0x0000,0x0000,0x0000,0x0000,0x0000,0x0000,
    0x0000,0x0000,0x0000,0x0000,0x0000,0x0000,0x0000,0x0000,
    0x0000,0x0000,0x0000,0x0000,0x0000,0x0000,0x0000,0x0000,
    0x0000,0x0000,0xFEE0,0xFEE0,0xFEE0,0xFEE0,0xFEE0,0xFEE0,
    0xFEE0,0xFEE0,0xFEE0,0xFEE0,0xFEE0,0xFEE0,0xFEE0,0xFEE0,
    0xFEE0,0xFEE0,0xFEE0,0xFEE0,0xFEE0,0xFEE0,0xFEE0,0xFEE0,
    0xFEE0,0xFEE0,0xFEE0,0xFEE0,0xFEE0,0xFEE0,0xFEE0,0xFEE0,
    0xFEE0,0xFEE0,0xFEE0,0xFEE0,0xFEE0,0xFEE0,0xFEE0,0xFEE0,
    0xFEE0,0x3942,0x3942,0x3942,0x3942,0x3942,0x3942,0x3942,
    0x3942,0x3942,0x3942,0x3942,0x3942,0x3942,0x3942,0x3942,
    0xFEE0,0xFEE0,0xFEE0,0xFEE0,0xFEE0,0xFEE0,0xFEE0,0xFEE0,
    0xFEE0,0xFEE0,0xFEE0,0xFEE0,0xFEE0,0xFEE0,0xFEE0,0xFEE0,
    0xFEE0,0xFEE0,0xFEE0,0xFEE0,0xFEE0,0xFEE0,0xFEE0,0xFEE0,
    0xFEE0,0xFEE0,0xFEE0,0xFEE0,0xFEE0,0xFEE0,0xFEE0,0xFEE0,
    0xFEE0,0xFEE0,0xFEE0,0xFEE0,0xFEE0,0xFEE0,0xFEE0,0x0000,
    0x0000,0x0000,0x0000,0x0000,0x0000,0x0000,0x0000,0x0000,
    0x0000,0x0000,0x0000,0x0000,0x0000,0x0000,0x0000,0x0000,
    0x0000,0x0000,0x0000,0x0000,0x0000,0x0000,0x0000,0x0000,
    0x0000,0x0000,0x0000,0x0000,0x0000,0x0000,0x0000,0x0000,
    0x0000,0x0000,0xFEE0,0xFEE0,0xFEE0,0xFEE0,0xFEE0,0xFEE0,
    0xFEE0,0xFEE0,0xFEE0,0xFEE0,0xFEE0,0xFEE0,0xFEE0,0xFEE0,
    0xFEE0,0xFEE0,0xFEE0,0xFEE0,0xFEE0,0xFEE0,0xFEE0,0xFEE0,
    0xFEE0,0xFEE0,0xFEE0,0xFEE0,0xFEE0,0xFEE0,0xFEE0,0xFEE0,
    0xFEE0,0xFEE0,0xFEE0,0xFEE0,0xFEE0,0xFEE0,0xFEE0,0xFEE0,
    0xFEE0,0xFEE0,0xFEE0,0xFEE0,0xFEE0,0xFEE0,0xFEE0,0xFEE0,
    0xFEE0,0xFEE0,0xFEE0,0xFEE0,0xFEE0,0xFEE0,0xFEE0,0xFEE0,
    0xFEE0,0xFEE0,0xFEE0,0xFEE0,0xFEE0,0xFEE0,0xFEE0,0xFEE0,
    0xFEE0,0xFEE0,0xFEE0,0xFEE0,0xFEE0,0xFEE0,0xFEE0,0xFEE0,
    0xFEE0,0xFEE0,0xFEE0,0xFEE0,0xFEE0,0xFEE0,0xFEE0,0xFEE0,
    0xFEE0,0xFEE0,0xFEE0,0xFEE0,0xFEE0,0xFEE0,0xFEE0,0xFEE0,
    0xFEE0,0xFEE0,0xFEE0,0xFEE0,0xFEE0,0xFEE0,0xFEE0,0x0000,
    0x0000,0x0000,0x0000,0x0000,0x0000,0x0000,0x0000,0x0000,
    0x0000,0x0000,0x0000,0x0000,0x0000,0x0000,0x0000,0x0000,
    0x0000,0x0000,0x0000,0x0000,0x0000,0x0000,0x0000,0x0000,
    0x0000,0x0000,0x0000,0x0000,0x0000,0x0000,0x0000,0x0000,
    0x0000,0x0000,0x0000,0xFEE0,0xFEE0,0xFEE0,0xFEE0,0xFEE0,
    0xFEE0,0xFEE0,0xFEE0,0xFEE0,0xFEE0,0xFEE0,0xFEE0,0xFEE0,
    0xFEE0,0xFEE0,0xFEE0,0xFEE0,0xFEE0,0xFEE0,0xFEE0,0xFEE0,
    0xFEE0,0xFEE0,0xFEE0,0xFEE0,0xFEE0,0xFEE0,0xFEE0,0xFEE0,
    0xFEE0,0xFEE0,0xFEE0,0xFEE0,0xFEE0,0xFEE0,0xFEE0,0xFEE0,
    0xFEE0,0xFEE0,0xFEE0,0xFEE0,0xFEE0,0xFEE0,0xFEE0,0xFEE0,
    0xFEE0,0xFEE0,0xFEE0,0xFEE0,0xFEE0,0xFEE0,0xFEE0,0xFEE0,
    0xFEE0,0xFEE0,0xFEE0,0xFEE0,0xFEE0,0xFEE0,0xFEE0,0xFEE0,
    0xFEE0,0xFEE0,0xFEE0,0xFEE0,0xFEE0,0xFEE0,0xFEE0,0xFEE0,
    0xFEE0,0xFEE0,0xFEE0,0xFEE0,0xFEE0,0xFEE0,0xFEE0,0xFEE0,
    0xFEE0,0xFEE0,0xFEE0,0xFEE0,0xFEE0,0xFEE0,0xFEE0,0xFEE0,
    0xFEE0,0xFEE0,0xFEE0,0xFEE0,0xFEE0,0xFEE0,0x0000,0x0000,
    0x0000,0x0000,0x0000,0x0000,0x0000,0x0000,0x0000,0x0000,
    0x0000,0x0000,0x0000,0x0000,0x0000,0x0000,0x0000,0x0000,
    0x0000,0x0000,0x0000,0x0000,0x0000,0x0000,0x0000,0x0000,
    0x0000,0x0000,0x0000,0x0000,0x0000,0x0000,0x0000,0x0000,
    0x0000,0x0000,0x0000,0x0000,0xFEE0,0xFEE0,0xFEE0,0xFEE0,
    0xFEE0,0xFEE0,0xFEE0,0xFEE0,0xFEE0,0xFEE0,0xFEE0,0xFEE0,
    0xFEE0,0xFEE0,0xFEE0,0xFEE0,0xFEE0,0xFEE0,0xFEE0,0xFEE0,
    0xFEE0,0xFEE0,0xFEE0,0xFEE0,0xFEE0,0xFEE0,0xFEE0,0xFEE0,
    0xFEE0,0xFEE0,0xFEE0,0xFEE0,0xFEE0,0xFEE0,0xFEE0,0xFEE0,
    0xFEE0,0xFEE0,0xFEE0,0xFEE0,0xFEE0,0xFEE0,0xFEE0,0xFEE0,
    0xFEE0,0xFEE0,0xFEE0,0xFEE0,0xFEE0,0xFEE0,0xFEE0,0xFEE0,
    0xFEE0,0xFEE0,0xFEE0,0xFEE0,0xFEE0,0xFEE0,0xFEE0,0xFEE0,
    0xFEE0,0xFEE0,0xFEE0,0xFEE0,0xFEE0,0xFEE0,0xFEE0,0xFEE0,
    0xFEE0,0xFEE0,0xFEE0,0xFEE0,0xFEE0,0xFEE0,0xFEE0,0xFEE0,
    0xFEE0,0xFEE0,0xFEE0,0xFEE0,0xFEE0,0xFEE0,0xFEE0,0xFEE0,
    0xFEE0,0xFEE0,0xFEE0,0xFEE0,0xFEE0,0x0000,0x0000,0x0000,
    0x0000,0x0000,0x0000,0x0000,0x0000,0x0000,0x0000,0x0000,
    0x0000,0x0000,0x0000,0x0000,0x0000,0x0000,0x0000,0x0000,
    0x0000,0x0000,0x0000,0x0000,0x0000,0x0000,0x0000,0x0000,
    0x0000,0x0000,0x0000,0x0000,0x0000,0x0000,0x0000,0x0000,
    0x0000,0x0000,0x0000,0x0000,0xFEE0,0xFEE0,0xFEE0,0xFEE0,
    0xFEE0,0xFEE0,0xFEE0,0xFEE0,0xFEE0,0xFEE0,0xFEE0,0xFEE0,
    0xFEE0,0xFEE0,0xFEE0,0xFEE0,0xFEE0,0xFEE0,0xFEE0,0xFEE0,
    0xFEE0,0xFEE0,0xFEE0,0xFEE0,0xFEE0,0xFEE0,0xFEE0,0xFEE0,
    0xFEE0,0xFEE0,0xFEE0,0xFEE0,0xFEE0,0xFEE0,0xFEE0,0xFEE0,
    0xFEE0,0xFEE0,0xFEE0,0xFEE0,0xFEE0,0xFEE0,0xFEE0,0xFEE0,
    0xFEE0,0xFEE0,0xFEE0,0xFEE0,0xFEE0,0xFEE0,0xFEE0,0xFEE0,
    0xFEE0,0xFEE0,0xFEE0,0xFEE0,0xFEE0,0xFEE0,0xFEE0,0xFEE0,
    0xFEE0,0xFEE0,0xFEE0,0xFEE0,0xFEE0,0xFEE0,0xFEE0,0xFEE0,
    0xFEE0,0xFEE0,0xFEE0,0xFEE0,0xFEE0,0xFEE0,0xFEE0,0xFEE0,
    0xFEE0,0xFEE0,0xFEE0,0xFEE0,0xFEE0,0xFEE0,0xFEE0,0xFEE0,
    0xFEE0,0xFEE0,0xFEE0,0xFEE0,0xFEE0,0x0000,0x0000,0x0000,
    0x0000,0x0000,0x0000,0x0000,0x0000,0x0000,0x0000,0x0000,
    0x0000,0x0000,0x0000,0x0000,0x0000,0x0000,0x0000,0x0000,
    0x0000,0x0000,0x0000,0x0000,0x0000,0x0000,0x0000,0x0000,
    0x0000,0x0000,0x0000,0x0000,0x0000,0x0000,0x0000,0x0000,
    0x0000,0x0000,0x0000,0x0000,0x0000,0xFEE0,0xFEE0,0xFEE0,
    0xFEE0,0xFEE0,0xFEE0,0xFEE0,0xFEE0,0xFEE0,0xFEE0,0xFEE0,
    0xFEE0,0xFEE0,0xFEE0,0xFEE0,0xFEE0,0xFEE0,0xFEE0,0xFEE0,
    0xFEE0,0xFEE0,0xFEE0,0xFEE0,0xFEE0,0xFEE0,0xFEE0,0xFEE0,
    0xFEE0,0xFEE0,0xFEE0,0xFEE0,0xFEE0,0xFEE0,0xFEE0,0xFEE0,
    0xFEE0,0xFEE0,0xFEE0,0xFEE0,0xFEE0,0xFEE0,0xFEE0,0xFEE0,
    0xFEE0,0xFEE0,0xFEE0,0xFEE0,0xFEE0,0xFEE0,0xFEE0,0xFEE0,
    0xFEE0,0xFEE0,0xFEE0,0xFEE0,0xFEE0,0xFEE0,0xFEE0,0xFEE0,
    0xFEE0,0xFEE0,0xFEE0,0xFEE0,0xFEE0,0xFEE0,0xFEE0,0xFEE0,
    0xFEE0,0xFEE0,0xFEE0,0xFEE0,0xFEE0,0xFEE0,0xFEE0,0xFEE0,
    0xFEE0,0xFEE0,0xFEE0,0xFEE0,0xFEE0,0xFEE0,0xFEE0,0xFEE0,
    0xFEE0,0xFEE0,0xFEE0,0xFEE0,0x0000,0x0000,0x0000,0x0000,
    0x0000,0x0000,0x0000,0x0000,0x0000,0x0000,0x0000,0x0000,
    0x0000,0x0000,0x0000,0x0000,0x0000,0x0000,0x0000,0x0000,
    0x0000,0x0000,0x0000,0x0000,0x0000,0x0000,0x0000,0x0000,
    0x0000,0x0000,0x0000,0x0000,0x0000,0x0000,0x0000,0x0000,
    0x0000,0x0000,0x0000,0x0000,0x0000,0x0000,0xFEE0,0xFEE0,
    0xFEE0,0xFEE0,0xFEE0,0xFEE0,0xFEE0,0xFEE0,0xFEE0,0xFEE0,
    0xFEE0,0xFEE0,0xFEE0,0xFEE0,0xFEE0,0xFEE0,0xFEE0,0xFEE0,
    0xFEE0,0xFEE0,0xFEE0,0xFEE0,0xFEE0,0xFEE0,0xFEE0,0xFEE0,
    0xFEE0,0xFEE0,0xFEE0,0xFEE0,0xFEE0,0xFEE0,0xFEE0,0xFEE0,
    0xFEE0,0xFEE0,0xFEE0,0xFEE0,0xFEE0,0xFEE0,0xFEE0,0xFEE0,
    0xFEE0,0xFEE0,0xFEE0,0xFEE0,0xFEE0,0xFEE0,0xFEE0,0xFEE0,
    0xFEE0,0xFEE0,0xFEE0,0xFEE0,0xFEE0,0xFEE0,0xFEE0,0xFEE0,
    0xFEE0,0xFEE0,0xFEE0,0xFEE0,0xFEE0,0xFEE0,0xFEE0,0xFEE0,
    0xFEE0,0xFEE0,0xFEE0,0xFEE0,0xFEE0,0xFEE0,0xFEE0,0xFEE0,
    0xFEE0,0xFEE0,0xFEE0,0xFEE0,0xFEE0,0xFEE0,0xFEE0,0xFEE0,
    0xFEE0,0xFEE0,0xFEE0,0x0000,0x0000,0x0000,0x0000,0x0000,
    0x0000,0x0000,0x0000,0x0000,0x0000,0x0000,0x0000,0x0000,
    0x0000,0x0000,0x0000,0x0000,0x0000,0x0000,0x0000,0x0000,
    0x0000,0x0000,0x0000,0x0000,0x0000,0x0000,0x0000,0x0000,
    0x0000,0x0000,0x0000,0x0000,0x0000,0x0000,0x0000,0x0000,
    0x0000,0x0000,0x0000,0x0000,0x0000,0x0000,0x0000,0xFEE0,
    0xFEE0,0xFEE0,0xFEE0,0xFEE0,0xFEE0,0xFEE0,0xFEE0,0xFEE0,
    0xFEE0,0xFEE0,0xFEE0,0xFEE0,0xFEE0,0xFEE0,0xFEE0,0xFEE0,
    0xFEE0,0xFEE0,0xFEE0,0xFEE0,0xFEE0,0xFEE0,0xFEE0,0xFEE0,
    0xFEE0,0xFEE0,0xFEE0,0xFEE0,0xFEE0,0xFEE0,0xFEE0,0xFEE0,
    0xFEE0,0xFEE0,0xFEE0,0xFEE0,0xFEE0,0xFEE0,0xFEE0,0xFEE0,
    0xFEE0,0xFEE0,0xFEE0,0xFEE0,0xFEE0,0xFEE0,0xFEE0,0xFEE0,
    0xFEE0,0xFEE0,0xFEE0,0xFEE0,0xFEE0,0xFEE0,0xFEE0,0xFEE0,
    0xFEE0,0xFEE0,0xFEE0,0xFEE0,0xFEE0,0xFEE0,0xFEE0,0xFEE0,
    0xFEE0,0xFEE0,0xFEE0,0xFEE0,0xFEE0,0xFEE0,0xFEE0,0xFEE0,
    0xFEE0,0xFEE0,0xFEE0,0xFEE0,0xFEE0,0xFEE0,0xFEE0,0xFEE0,
    0xFEE0,0xFEE0,0x0000,0x0000,0x0000,0x0000,0x0000,0x0000,
    0x0000,0x0000,0x0000,0x0000,0x0000,0x0000,0x0000,0x0000,
    0x0000,0x0000,0x0000,0x0000,0x0000,0x0000,0x0000,0x0000,
    0x0000,0x0000,0x0000,0x0000,0x0000,0x0000,0x0000,0x0000,
    0x0000,0x0000,0x0000,0x0000,0x0000,0x0000,0x0000,0x0000,
    0x0000,0x0000,0x0000,0x0000,0x0000,0x0000,0x0000,0x0000,
    0xFEE0,0xFEE0,0xFEE0,0xFEE0,0xFEE0,0xFEE0,0xFEE0,0xFEE0,
    0xFEE0,0xFEE0,0xFEE0,0xFEE0,0xFEE0,0xFEE0,0xFEE0,0xFEE0,
    0xFEE0,0xFEE0,0xFEE0,0xFEE0,0xFEE0,0xFEE0,0xFEE0,0xFEE0,
    0xFEE0,0xFEE0,0xFEE0,0xFEE0,0xFEE0,0xFEE0,0xFEE0,0xFEE0,
    0xFEE0,0xFEE0,0xFEE0,0xFEE0,0xFEE0,0xFEE0,0xFEE0,0xFEE0,
    0xFEE0,0xFEE0,0xFEE0,0xFEE0,0xFEE0,0xFEE0,0xFEE0,0xFEE0,
    0xFEE0,0xFEE0,0xFEE0,0xFEE0,0xFEE0,0xFEE0,0xFEE0,0xFEE0,
    0xFEE0,0xFEE0,0xFEE0,0xFEE0,0xFEE0,0xFEE0,0xFEE0,0xFEE0,
    0xFEE0,0xFEE0,0xFEE0,0xFEE0,0xFEE0,0xFEE0,0xFEE0,0xFEE0,
    0xFEE0,0xFEE0,0xFEE0,0xFEE0,0xFEE0,0xFEE0,0xFEE0,0xFEE0,
    0xFEE0,0x0000,0x0000,0x0000,0x0000,0x0000,0x0000,0x0000,
    0x0000,0x0000,0x0000,0x0000,0x0000,0x0000,0x0000,0x0000,
    0x0000,0x0000,0x0000,0x0000,0x0000,0x0000,0x0000,0x0000,
    0x0000,0x0000,0x0000,0x0000,0x0000,0x0000,0x0000,0x0000,
    0x0000,0x0000,0x0000,0x0000,0x0000,0x0000,0x0000,0x0000,
    0x0000,0x0000,0x0000,0x0000,0x0000,0x0000,0x0000,0x0000,
    0x0000,0xFEE0,0xFEE0,0xFEE0,0xFEE0,0xFEE0,0xFEE0,0xFEE0,
    0xFEE0,0xFEE0,0xFEE0,0xFEE0,0xFEE0,0xFEE0,0xFEE0,0xFEE0,
    0xFEE0,0xFEE0,0xFEE0,0xFEE0,0xFEE0,0xFEE0,0xFEE0,0xFEE0,
    0xFEE0,0xFEE0,0xFEE0,0xFEE0,0xFEE0,0xFEE0,0xFEE0,0xFEE0,
    0xFEE0,0xFEE0,0xFEE0,0xFEE0,0xFEE0,0xFEE0,0xFEE0,0xFEE0,
    0xFEE0,0xFEE0,0xFEE0,0xFEE0,0xFEE0,0xFEE0,0xFEE0,0xFEE0,
    0xFEE0,0xFEE0,0xFEE0,0xFEE0,0xFEE0,0xFEE0,0xFEE0,0xFEE0,
    0xFEE0,0xFEE0,0xFEE0,0xFEE0,0xFEE0,0xFEE0,0xFEE0,0xFEE0,
    0xFEE0,0xFEE0,0xFEE0,0xFEE0,0xFEE0,0xFEE0,0xFEE0,0xFEE0,
    0xFEE0,0xFEE0,0xFEE0,0xFEE0,0xFEE0,0xFEE0,0xFEE0,0xFEE0,
    0x0000,0x0000,0x0000,0x0000,0x0000,0x0000,0x0000,0x0000,
    0x0000,0x0000,0x0000,0x0000,0x0000,0x0000,0x0000,0x0000,
    0x0000,0x0000,0x0000,0x0000,0x0000,0x0000,0x0000,0x0000,
    0x0000,0x0000,0x0000,0x0000,0x0000,0x0000,0x0000,0x0000,
    0x0000,0x0000,0x0000,0x0000,0x0000,0x0000,0x0000,0x0000,
    0x0000,0x0000,0x0000,0x0000,0x0000,0x0000,0x0000,0x0000,
    0x0000,0x0000,0xFEE0,0xFEE0,0xFEE0,0xFEE0,0xFEE0,0xFEE0,
    0xFEE0,0xFEE0,0xFEE0,0xFEE0,0xFEE0,0xFEE0,0xFEE0,0xFEE0,
    0xFEE0,0xFEE0,0xFEE0,0xFEE0,0xFEE0,0xFEE0,0xFEE0,0xFEE0,
    0xFEE0,0xFEE0,0xFEE0,0xFEE0,0xFEE0,0xFEE0,0xFEE0,0xFEE0,
    0xFEE0,0xFEE0,0xFEE0,0xFEE0,0xFEE0,0xFEE0,0xFEE0,0xFEE0,
    0xFEE0,0xFEE0,0xFEE0,0xFEE0,0xFEE0,0xFEE0,0xFEE0,0xFEE0,
    0xFEE0,0xFEE0,0xFEE0,0xFEE0,0xFEE0,0xFEE0,0xFEE0,0xFEE0,
    0xFEE0,0xFEE0,0xFEE0,0xFEE0,0xFEE0,0xFEE0,0xFEE0,0xFEE0,
    0xFEE0,0xFEE0,0xFEE0,0xFEE0,0xFEE0,0xFEE0,0xFEE0,0xFEE0,
    0xFEE0,0xFEE0,0xFEE0,0xFEE0,0xFEE0,0xFEE0,0xFEE0,0x0000,
    0x0000,0x0000,0x0000,0x0000,0x0000,0x0000,0x0000,0x0000,
    0x0000,0x0000,0x0000,0x0000,0x0000,0x0000,0x0000,0x0000,
    0x0000,0x0000,0x0000,0x0000,0x0000,0x0000,0x0000,0x0000,
    0x0000,0x0000,0x0000,0x0000,0x0000,0x0000,0x0000,0x0000,
    0x0000,0x0000,0x0000,0x0000,0x0000,0x0000,0x0000,0x0000,
    0x0000,0x0000,0x0000,0x0000,0x0000,0x0000,0x0000,0x0000,
    0x0000,0x0000,0x0000,0xFEE0,0xFEE0,0xFEE0,0xFEE0,0xFEE0,
    0xFEE0,0xFEE0,0xFEE0,0xFEE0,0xFEE0,0xFEE0,0xFEE0,0xFEE0,
    0xFEE0,0xFEE0,0xFEE0,0xFEE0,0xFEE0,0xFEE0,0xFEE0,0xFEE0,
    0xFEE0,0xFEE0,0xFEE0,0xFEE0,0xFEE0,0xFEE0,0xFEE0,0xFEE0,
    0xFEE0,0xFEE0,0xFEE0,0xFEE0,0xFEE0,0xFEE0,0xFEE0,0xFEE0,
    0xFEE0,0xFEE0,0xFEE0,0xFEE0,0xFEE0,0xFEE0,0xFEE0,0xFEE0,
    0xFEE0,0xFEE0,0xFEE0,0xFEE0,0xFEE0,0xFEE0,0xFEE0,0xFEE0,
    0xFEE0,0xFEE0,0xFEE0,0xFEE0,0xFEE0,0xFEE0,0xFEE0,0xFEE0,
    0xFEE0,0xFEE0,0xFEE0,0xFEE0,0xFEE0,0xFEE0,0xFEE0,0xFEE0,
    0xFEE0,0xFEE0,0xFEE0,0xFEE0,0xFEE0,0xFEE0,0x0000,0x0000,
    0x0000,0x0000,0x0000,0x0000,0x0000,0x0000,0x0000,0x0000,
    0x0000,0x0000,0x0000,0x0000,0x0000,0x0000,0x0000,0x0000,
    0x0000,0x0000,0x0000,0x0000,0x0000,0x0000,0x0000,0x0000,
    0x0000,0x0000,0x0000,0x0000,0x0000,0x0000,0x0000,0x0000,
    0x0000,0x0000,0x0000,0x0000,0x0000,0x0000,0x0000,0x0000,
    0x0000,0x0000,0x0000,0x0000,0x0000,0x0000,0x0000,0x0000,
    0x0000,0x0000,0x0000,0x0000,0xFEE0,0xFEE0,0xFEE0,0xFEE0,
    0xFEE0,0xFEE0,0xFEE0,0xFEE0,0xFEE0,0xFEE0,0xFEE0,0xFEE0,
    0xFEE0,0xFEE0,0xFEE0,0xFEE0,0xFEE0,0xFEE0,0xFEE0,0xFEE0,
    0xFEE0,0xFEE0,0xFEE0,0xFEE0,0xFEE0,0xFEE0,0xFEE0,0xFEE0,
    0xFEE0,0xFEE0,0xFEE0,0xFEE0,0xFEE0,0xFEE0,0xFEE0,0xFEE0,
    0xFEE0,0xFEE0,0xFEE0,0xFEE0,0xFEE0,0xFEE0,0xFEE0,0xFEE0,
    0xFEE0,0xFEE0,0xFEE0,0xFEE0,0xFEE0,0xFEE0,0xFEE0,0xFEE0,
    0xFEE0,0xFEE0,0xFEE0,0xFEE0,0xFEE0,0xFEE0,0xFEE0,0xFEE0,
    0xFEE0,0xFEE0,0xFEE0,0xFEE0,0xFEE0,0xFEE0,0xFEE0,0xFEE0,
    0xFEE0,0xFEE0,0xFEE0,0xFEE0,0xFEE0,0x0000,0x0000,0x0000,
    0x0000,0x0000,0x0000,0x0000,0x0000,0x0000,0x0000,0x0000,
    0x0000,0x0000,0x0000,0x0000,0x0000,0x0000,0x0000,0x0000,
    0x0000,0x0000,0x0000,0x0000,0x0000,0x0000,0x0000,0x0000,
    0x0000,0x0000,0x0000,0x0000,0x0000,0x0000,0x0000,0x0000,
    0x0000,0x0000,0x0000,0x0000,0x0000,0x0000,0x0000,0x0000,
    0x0000,0x0000,0x0000,0x0000,0x0000,0x0000,0x0000,0x0000,
    0x0000,0x0000,0x0000,0x0000,0x0000,0xFEE0,0xFEE0,0xFEE0,
    0xFEE0,0xFEE0,0xFEE0,0xFEE0,0xFEE0,0xFEE0,0xFEE0,0xFEE0,
    0xFEE0,0xFEE0,0xFEE0,0xFEE0,0xFEE0,0xFEE0,0xFEE0,0xFEE0,
    0xFEE0,0xFEE0,0xFEE0,0xFEE0,0xFEE0,0xFEE0,0xFEE0,0xFEE0,
    0xFEE0,0xFEE0,0xFEE0,0xFEE0,0xFEE0,0xFEE0,0xFEE0,0xFEE0,
    0xFEE0,0xFEE0,0xFEE0,0xFEE0,0xFEE0,0xFEE0,0xFEE0,0xFEE0,
    0xFEE0,0xFEE0,0xFEE0,0xFEE0,0xFEE0,0xFEE0,0xFEE0,0xFEE0,
    0xFEE0,0xFEE0,0xFEE0,0xFEE0,0xFEE0,0xFEE0,0xFEE0,0xFEE0,
    0xFEE0,0xFEE0,0xFEE0,0xFEE0,0xFEE0,0xFEE0,0xFEE0,0xFEE0,
    0xFEE0,0xFEE0,0xFEE0,0xFEE0,0x0000,0x0000,0x0000,0x0000,
    0x0000,0x0000,0x0000,0x0000,0x0000,0x0000,0x0000,0x0000,
    0x0000,0x0000,0x0000,0x0000,0x0000,0x0000,0x0000,0x0000,
    0x0000,0x0000,0x0000,0x0000,0x0000,0x0000,0x0000,0x0000,
    0x0000,0x0000,0x0000,0x0000,0x0000,0x0000,0x0000,0x0000,
    0x0000,0x0000,0x0000,0x0000,0x0000,0x0000,0x0000,0x0000,
    0x0000,0x0000,0x0000,0x0000,0x0000,0x0000,0x0000,0x0000,
    0x0000,0x0000,0x0000,0x0000,0x0000,0x0000,0xFEE0,0xFEE0,
    0xFEE0,0xFEE0,0xFEE0,0xFEE0,0xFEE0,0xFEE0,0xFEE0,0xFEE0,
    0xFEE0,0xFEE0,0xFEE0,0xFEE0,0xFEE0,0xFEE0,0xFEE0,0xFEE0,
    0xFEE0,0xFEE0,0xFEE0,0xFEE0,0xFEE0,0xFEE0,0xFEE0,0xFEE0,
    0xFEE0,0xFEE0,0xFEE0,0xFEE0,0xFEE0,0xFEE0,0xFEE0,0xFEE0,
    0xFEE0,0xFEE0,0xFEE0,0xFEE0,0xFEE0,0xFEE0,0xFEE0,0xFEE0,
    0xFEE0,0xFEE0,0xFEE0,0xFEE0,0xFEE0,0xFEE0,0xFEE0,0xFEE0,
    0xFEE0,0xFEE0,0xFEE0,0xFEE0,0xFEE0,0xFEE0,0xFEE0,0xFEE0,
    0xFEE0,0xFEE0,0xFEE0,0xFEE0,0xFEE0,0xFEE0,0xFEE0,0xFEE0,
    0xFEE0,0xFEE0,0xFEE0,0x0000,0x0000,0x0000,0x0000,0x0000,
    0x0000,0x0000,0x0000,0x0000,0x0000,0x0000,0x0000,0x0000,
    0x0000,0x0000,0x0000,0x0000,0x0000,0x0000,0x0000,0x0000,
    0x0000,0x0000,0x0000,0x0000,0x0000,0x0000,0x0000,0x0000,
    0x0000,0x0000,0x0000,0x0000,0x0000,0x0000,0x0000,0x0000,
    0x0000,0x0000,0x0000,0x0000,0x0000,0x0000,0x0000,0x0000,
    0x0000,0x0000,0x0000,0x0000,0x0000,0x0000,0x0000,0x0000,
    0x0000,0x0000,0x0000,0x0000,0x0000,0x0000,0x0000,0xFEE0,
    0xFEE0,0xFEE0,0xFEE0,0xFEE0,0xFEE0,0xFEE0,0xFEE0,0xFEE0,
    0xFEE0,0xFEE0,0xFEE0,0xFEE0,0xFEE0,0xFEE0,0xFEE0,0xFEE0,
    0xFEE0,0xFEE0,0xFEE0,0xFEE0,0xFEE0,0xFEE0,0xFEE0,0xFEE0,
    0xFEE0,0xFEE0,0xFEE0,0xFEE0,0xFEE0,0xFEE0,0xFEE0,0xFEE0,
    0xFEE0,0xFEE0,0xFEE0,0xFEE0,0xFEE0,0xFEE0,0xFEE0,0xFEE0,
    0xFEE0,0xFEE0,0xFEE0,0xFEE0,0xFEE0,0xFEE0,0xFEE0,0xFEE0,
    0xFEE0,0xFEE0,0xFEE0,0xFEE0,0xFEE0,0xFEE0,0xFEE0,0xFEE0,
    0xFEE0,0xFEE0,0xFEE0,0xFEE0,0xFEE0,0xFEE0,0xFEE0,0xFEE0,
    0xFEE0,0xFEE0,0x0000,0x0000,0x0000,0x0000,0x0000,0x0000,
    0x0000,0x0000,0x0000,0x0000,0x0000,0x0000,0x0000,0x0000,
    0x0000,0x0000,0x0000,0x0000,0x0000,0x0000,0x0000,0x0000,
    0x0000,0x0000,0x0000,0x0000,0x0000,0x0000,0x0000,0x0000,
    0x0000,0x0000,0x0000,0x0000,0x0000,0x0000,0x0000,0x0000,
    0x0000,0x0000,0x0000,0x0000,0x0000,0x0000,0x0000,0x0000,
    0x0000,0x0000,0x0000,0x0000,0x0000,0x0000,0x0000,0x0000,
    0x0000,0x0000,0x0000,0x0000,0x0000,0x0000,0x0000,0x0000,
    0x0000,0xFEE0,0xFEE0,0xFEE0,0xFEE0,0xFEE0,0xFEE0,0xFEE0,
    0xFEE0,0xFEE0,0xFEE0,0xFEE0,0xFEE0,0xFEE0,0xFEE0,0xFEE0,
    0xFEE0,0xFEE0,0xFEE0,0xFEE0,0xFEE0,0xFEE0,0xFEE0,0xFEE0,
    0xFEE0,0xFEE0,0xFEE0,0xFEE0,0xFEE0,0xFEE0,0xFEE0,0xFEE0,
    0xFEE0,0xFEE0,0xFEE0,0xFEE0,0xFEE0,0xFEE0,0xFEE0,0xFEE0,
    0xFEE0,0xFEE0,0xFEE0,0xFEE0,0xFEE0,0xFEE0,0xFEE0,0xFEE0,
    0xFEE0,0xFEE0,0xFEE0,0xFEE0,0xFEE0,0xFEE0,0xFEE0,0xFEE0,
    0xFEE0,0xFEE0,0xFEE0,0xFEE0,0xFEE0,0xFEE0,0xFEE0,0xFEE0,
    0x0000,0x0000,0x0000,0x0000,0x0000,0x0000,0x0000,0x0000,
    0x0000,0x0000,0x0000,0x0000,0x0000,0x0000,0x0000,0x0000,
    0x0000,0x0000,0x0000,0x0000,0x0000,0x0000,0x0000,0x0000,
    0x0000,0x0000,0x0000,0x0000,0x0000,0x0000,0x0000,0x0000,
    0x0000,0x0000,0x0000,0x0000,0x0000,0x0000,0x0000,0x0000,
    0x0000,0x0000,0x0000,0x0000,0x0000,0x0000,0x0000,0x0000,
    0x0000,0x0000,0x0000,0x0000,0x0000,0x0000,0x0000,0x0000,
    0x0000,0x0000,0x0000,0x0000,0x0000,0x0000,0x0000,0x0000,
    0x0000,0x0000,0xFEE0,0xFEE0,0xFEE0,0xFEE0,0xFEE0,0xFEE0,
    0xFEE0,0xFEE0,0xFEE0,0xFEE0,0xFEE0,0xFEE0,0xFEE0,0xFEE0,
    0xFEE0,0xFEE0,0xFEE0,0xFEE0,0xFEE0,0xFEE0,0xFEE0,0xFEE0,
    0xFEE0,0xFEE0,0xFEE0,0xFEE0,0xFEE0,0xFEE0,0xFEE0,0xFEE0,
    0xFEE0,0xFEE0,0xFEE0,0xFEE0,0xFEE0,0xFEE0,0xFEE0,0xFEE0,
    0xFEE0,0xFEE0,0xFEE0,0xFEE0,0xFEE0,0xFEE0,0xFEE0,0xFEE0,
    0xFEE0,0xFEE0,0xFEE0,0xFEE0,0xFEE0,0xFEE0,0xFEE0,0xFEE0,
    0xFEE0,0xFEE0,0xFEE0,0xFEE0,0xFEE0,0xFEE0,0xFEE0,0x0000,
    0x0000,0x0000,0x0000,0x0000,0x0000,0x0000,0x0000,0x0000,
    0x0000,0x0000,0x0000,0x0000,0x0000,0x0000,0x0000,0x0000,
    0x0000,0x0000,0x0000,0x0000,0x0000,0x0000,0x0000,0x0000,
    0x0000,0x0000,0x0000,0x0000,0x0000,0x0000,0x0000,0x0000,
    0x0000,0x0000,0x0000,0x0000,0x0000,0x0000,0x0000,0x0000,
    0x0000,0x0000,0x0000,0x0000,0x0000,0x0000,0x0000,0x0000,
    0x0000,0x0000,0x0000,0x0000,0x0000,0x0000,0x0000,0x0000,
    0x0000,0x0000,0x0000,0x0000,0x0000,0x0000,0x0000,0x0000,
    0x0000,0x0000,0x0000,0x0000,0xFEE0,0xFEE0,0xFEE0,0xFEE0,
    0xFEE0,0xFEE0,0xFEE0,0xFEE0,0xFEE0,0xFEE0,0xFEE0,0xFEE0,
    0xFEE0,0xFEE0,0xFEE0,0xFEE0,0xFEE0,0xFEE0,0xFEE0,0xFEE0,
    0xFEE0,0xFEE0,0xFEE0,0xFEE0,0xFEE0,0xFEE0,0xFEE0,0xFEE0,
    0xFEE0,0xFEE0,0xFEE0,0xFEE0,0xFEE0,0xFEE0,0xFEE0,0xFEE0,
    0xFEE0,0xFEE0,0xFEE0,0xFEE0,0xFEE0,0xFEE0,0xFEE0,0xFEE0,
    0xFEE0,0xFEE0,0xFEE0,0xFEE0,0xFEE0,0xFEE0,0xFEE0,0xFEE0,
    0xFEE0,0xFEE0,0xFEE0,0xFEE0,0xFEE0,0x0000,0x0000,0x0000,
    0x0000,0x0000,0x0000,0x0000,0x0000,0x0000,0x0000,0x0000,
    0x0000,0x0000,0x0000,0x0000,0x0000,0x0000,0x0000,0x0000,
    0x0000,0x0000,0x0000,0x0000,0x0000,0x0000,0x0000,0x0000,
    0x0000,0x0000,0x0000,0x0000,0x0000,0x0000,0x0000,0x0000,
    0x0000,0x0000,0x0000,0x0000,0x0000,0x0000,0x0000,0x0000,
    0x0000,0x0000,0x0000,0x0000,0x0000,0x0000,0x0000,0x0000,
    0x0000,0x0000,0x0000,0x0000,0x0000,0x0000,0x0000,0x0000,
    0x0000,0x0000,0x0000,0x0000,0x0000,0x0000,0x0000,0x0000,
    0x0000,0x0000,0x0000,0x0000,0x0000,0x0000,0xFEE0,0xFEE0,
    0xFEE0,0xFEE0,0xFEE0,0xFEE0,0xFEE0,0xFEE0,0xFEE0,0xFEE0,
    0xFEE0,0xFEE0,0xFEE0,0xFEE0,0xFEE0,0xFEE0,0xFEE0,0xFEE0,
    0xFEE0,0xFEE0,0xFEE0,0xFEE0,0xFEE0,0xFEE0,0xFEE0,0xFEE0,
    0xFEE0,0xFEE0,0xFEE0,0xFEE0,0xFEE0,0xFEE0,0xFEE0,0xFEE0,
    0xFEE0,0xFEE0,0xFEE0,0xFEE0,0xFEE0,0xFEE0,0xFEE0,0xFEE0,
    0xFEE0,0xFEE0,0xFEE0,0xFEE0,0xFEE0,0xFEE0,0xFEE0,0xFEE0,
    0xFEE0,0xFEE0,0xFEE0,0x0000,0x0000,0x0000,0x0000,0x0000,
    0x0000,0x0000,0x0000,0x0000,0x0000,0x0000,0x0000,0x0000,
    0x0000,0x0000,0x0000,0x0000,0x0000,0x0000,0x0000,0x0000,
    0x0000,0x0000,0x0000,0x0000,0x0000,0x0000,0x0000,0x0000,
    0x0000,0x0000,0x0000,0x0000,0x0000,0x0000,0x0000,0x0000,
    0x0000,0x0000,0x0000,0x0000,0x0000,0x0000,0x0000,0x0000,
    0x0000,0x0000,0x0000,0x0000,0x0000,0x0000,0x0000,0x0000,
    0x0000,0x0000,0x0000,0x0000,0x0000,0x0000,0x0000,0x0000,
    0x0000,0x0000,0x0000,0x0000,0x0000,0x0000,0x0000,0x0000,
    0x0000,0x0000,0x0000,0x0000,0x0000,0x0000,0x0000,0x0000,
    0xFEE0,0xFEE0,0xFEE0,0xFEE0,0xFEE0,0xFEE0,0xFEE0,0xFEE0,
    0xFEE0,0xFEE0,0xFEE0,0xFEE0,0xFEE0,0xFEE0,0xFEE0,0xFEE0,
    0xFEE0,0xFEE0,0xFEE0,0xFEE0,0xFEE0,0xFEE0,0xFEE0,0xFEE0,
    0xFEE0,0xFEE0,0xFEE0,0xFEE0,0xFEE0,0xFEE0,0xFEE0,0xFEE0,
    0xFEE0,0xFEE0,0xFEE0,0xFEE0,0xFEE0,0xFEE0,0xFEE0,0xFEE0,
    0xFEE0,0xFEE0,0xFEE0,0xFEE0,0xFEE0,0xFEE0,0xFEE0,0xFEE0,
    0xFEE0,0x0000,0x0000,0x0000,0x0000,0x0000,0x0000,0x0000,
    0x0000,0x0000,0x0000,0x0000,0x0000,0x0000,0x0000,0x0000,
    0x0000,0x0000,0x0000,0x0000,0x0000,0x0000,0x0000,0x0000,
    0x0000,0x0000,0x0000,0x0000,0x0000,0x0000,0x0000,0x0000,
    0x0000,0x0000,0x0000,0x0000,0x0000,0x0000,0x0000,0x0000,
    0x0000,0x0000,0x0000,0x0000,0x0000,0x0000,0x0000,0x0000,
    0x0000,0x0000,0x0000,0x0000,0x0000,0x0000,0x0000,0x0000,
    0x0000,0x0000,0x0000,0x0000,0x0000,0x0000,0x0000,0x0000,
    0x0000,0x0000,0x0000,0x0000,0x0000,0x0000,0x0000,0x0000,
    0x0000,0x0000,0x0000,0x0000,0x0000,0x0000,0x0000,0x0000,
    0x0000,0x0000,0xFEE0,0xFEE0,0xFEE0,0xFEE0,0xFEE0,0xFEE0,
    0xFEE0,0xFEE0,0xFEE0,0xFEE0,0xFEE0,0xFEE0,0xFEE0,0xFEE0,
    0xFEE0,0xFEE0,0xFEE0,0xFEE0,0xFEE0,0xFEE0,0xFEE0,0xFEE0,
    0xFEE0,0xFEE0,0xFEE0,0xFEE0,0xFEE0,0xFEE0,0xFEE0,0xFEE0,
    0xFEE0,0xFEE0,0xFEE0,0xFEE0,0xFEE0,0xFEE0,0xFEE0,0xFEE0,
    0xFEE0,0xFEE0,0xFEE0,0xFEE0,0xFEE0,0xFEE0,0xFEE0,0x0000,
    0x0000,0x0000,0x0000,0x0000,0x0000,0x0000,0x0000,0x0000,
    0x0000,0x0000,0x0000,0x0000,0x0000,0x0000,0x0000,0x0000,
    0x0000,0x0000,0x0000,0x0000,0x0000,0x0000,0x0000,0x0000,
    0x0000,0x0000,0x0000,0x0000,0x0000,0x0000,0x0000,0x0000,
    0x0000,0x0000,0x0000,0x0000,0x0000,0x0000,0x0000,0x0000,
    0x0000,0x0000,0x0000,0x0000,0x0000,0x0000,0x0000,0x0000,
    0x0000,0x0000,0x0000,0x0000,0x0000,0x0000,0x0000,0x0000,
    0x0000,0x0000,0x0000,0x0000,0x0000,0x0000,0x0000,0x0000,
    0x0000,0x0000,0x0000,0x0000,0x0000,0x0000,0x0000,0x0000,
    0x0000,0x0000,0x0000,0x0000,0x0000,0x0000,0x0000,0x0000,
    0x0000,0x0000,0x0000,0x0000,0xFEE0,0xFEE0,0xFEE0,0xFEE0,
    0xFEE0,0xFEE0,0xFEE0,0xFEE0,0xFEE0,0xFEE0,0xFEE0,0xFEE0,
    0xFEE0,0xFEE0,0xFEE0,0xFEE0,0xFEE0,0xFEE0,0xFEE0,0xFEE0,
    0xFEE0,0xFEE0,0xFEE0,0xFEE0,0xFEE0,0xFEE0,0xFEE0,0xFEE0,
    0xFEE0,0xFEE0,0xFEE0,0xFEE0,0xFEE0,0xFEE0,0xFEE0,0xFEE0,
    0xFEE0,0xFEE0,0xFEE0,0xFEE0,0xFEE0,0x0000,0x0000,0x0000,
    0x0000,0x0000,0x0000,0x0000,0x0000,0x0000,0x0000,0x0000,
    0x0000,0x0000,0x0000,0x0000,0x0000,0x0000,0x0000,0x0000,
    0x0000,0x0000,0x0000,0x0000,0x0000,0x0000,0x0000,0x0000,
    0x0000,0x0000,0x0000,0x0000,0x0000,0x0000,0x0000,0x0000,
    0x0000,0x0000,0x0000,0x0000,0x0000,0x0000,0x0000,0x0000,
    0x0000,0x0000,0x0000,0x0000,0x0000,0x0000,0x0000,0x0000,
    0x0000,0x0000,0x0000,0x0000,0x0000,0x0000,0x0000,0x0000,
    0x0000,0x0000,0x0000,0x0000,0x0000,0x0000,0x0000,0x0000,
    0x0000,0x0000,0x0000,0x0000,0x0000,0x0000,0x0000,0x0000,
    0x0000,0x0000,0x0000,0x0000,0x0000,0x0000,0x0000,0x0000,
    0x0000,0x0000,0x0000,0x0000,0x0000,0x0000,0x0000,0xFEE0,
    0xFEE0,0xFEE0,0xFEE0,0xFEE0,0xFEE0,0xFEE0,0xFEE0,0xFEE0,
    0xFEE0,0xFEE0,0xFEE0,0xFEE0,0xFEE0,0xFEE0,0xFEE0,0xFEE0,
    0xFEE0,0xFEE0,0xFEE0,0xFEE0,0xFEE0,0xFEE0,0xFEE0,0xFEE0,
    0xFEE0,0xFEE0,0xFEE0,0xFEE0,0xFEE0,0xFEE0,0xFEE0,0xFEE0,
    0xFEE0,0xFEE0,0x0000,0x0000,0x0000,0x0000,0x0000,0x0000,
    0x0000,0x0000,0x0000,0x0000,0x0000,0x0000,0x0000,0x0000,
    0x0000,0x0000,0x0000,0x0000,0x0000,0x0000,0x0000,0x0000,
    0x0000,0x0000,0x0000,0x0000,0x0000,0x0000,0x0000,0x0000,
    0x0000,0x0000,0x0000,0x0000,0x0000,0x0000,0x0000,0x0000,
    0x0000,0x0000,0x0000,0x0000,0x0000,0x0000,0x0000,0x0000,
    0x0000,0x0000,0x0000,0x0000,0x0000,0x0000,0x0000,0x0000,
    0x0000,0x0000,0x0000,0x0000,0x0000,0x0000,0x0000,0x0000,
    0x0000,0x0000,0x0000,0x0000,0x0000,0x0000,0x0000,0x0000,
    0x0000,0x0000,0x0000,0x0000,0x0000,0x0000,0x0000,0x0000,
    0x0000,0x0000,0x0000,0x0000,0x0000,0x0000,0x0000,0x0000,
    0x0000,0x0000,0x0000,0x0000,0x0000,0x0000,0x0000,0x0000,
    0x0000,0x0000,0xFEE0,0xFEE0,0xFEE0,0xFEE0,0xFEE0,0xFEE0,
    0xFEE0,0xFEE0,0xFEE0,0xFEE0,0xFEE0,0xFEE0,0xFEE0,0xFEE0,
    0xFEE0,0xFEE0,0xFEE0,0xFEE0,0xFEE0,0xFEE0,0xFEE0,0xFEE0,
    0xFEE0,0xFEE0,0xFEE0,0xFEE0,0xFEE0,0xFEE0,0xFEE0,0x0000,
    0x0000,0x0000,0x0000,0x0000,0x0000,0x0000,0x0000,0x0000,
    0x0000,0x0000,0x0000,0x0000,0x0000,0x0000,0x0000,0x0000,
    0x0000,0x0000,0x0000,0x0000,0x0000,0x0000,0x0000,0x0000,
    0x0000,0x0000,0x0000,0x0000,0x0000,0x0000,0x0000,0x0000,
    0x0000,0x0000,0x0000,0x0000,0x0000,0x0000,0x0000,0x0000,
    0x0000,0x0000,0x0000,0x0000,0x0000,0x0000,0x0000,0x0000,
    0x0000,0x0000,0x0000,0x0000,0x0000,0x0000,0x0000,0x0000,
    0x0000,0x0000,0x0000,0x0000,0x0000,0x0000,0x0000,0x0000,
    0x0000,0x0000,0x0000,0x0000,0x0000,0x0000,0x0000,0x0000,
    0x0000,0x0000,0x0000,0x0000,0x0000,0x0000,0x0000,0x0000,
    0x0000,0x0000,0x0000,0x0000,0x0000,0x0000,0x0000,0x0000,
    0x0000,0x0000,0x0000,0x0000,0x0000,0x0000,0x0000,0x0000,
    0x0000,0x0000,0x0000,0x0000,0x0000,0x0000,0xFEE0,0xFEE0,
    0xFEE0,0xFEE0,0xFEE0,0xFEE0,0xFEE0,0xFEE0,0xFEE0,0xFEE0,
    0xFEE0,0xFEE0,0xFEE0,0xFEE0,0xFEE0,0xFEE0,0xFEE0,0xFEE0,
    0xFEE0,0xFEE0,0xFEE0,0x0000,0x0000,0x0000,0x0000,0x0000,
    0x0000,0x0000,0x0000,0x0000,0x0000,0x0000,0x0000,0x0000,
    0x0000,0x0000,0x0000,0x0000,0x0000,0x0000,0x0000,0x0000,
    0x0000,0x0000,0x0000,0x0000,0x0000,0x0000,0x0000,0x0000,
    0x0000,0x0000,0x0000,0x0000,0x0000,0x0000,0x0000,0x0000,
    0x0000,0x0000,0x0000,0x0000,0x0000,0x0000,0x0000,0x0000,
    0x0000,0x0000,0x0000,0x0000,0x0000,0x0000,0x0000,0x0000,
    0x0000,0x0000,0x0000,0x0000,0x0000,0x0000,0x0000,0x0000,
    0x0000,0x0000,0x0000,0x0000,0x0000,0x0000,0x0000,0x0000,
    0x0000,0x0000,0x0000,0x0000,0x0000,0x0000,0x0000,0x0000,
    0x0000,0x0000,0x0000,0x0000,0x0000,0x0000,0x0000,0x0000,
    0x0000,0x0000,0x0000,0x0000,0x0000,0x0000,0x0000,0x0000,
    0x0000,0x0000,0x0000,0x0000,0x0000,0x0000,0x0000,0x0000,
    0x0000,0x0000,0x0000,0x0000,0x0000,0x0000,0x0000,0x0000,
    0x0000,0x0000,0x0000,0x0000,0x0000,0x0000,0x0000,0x0000,
    0xFEE0,0x0000,0x0000,0x0000,0x0000,0x0000,0x0000,0x0000,
    0x0000,0x0000,0x0000,0x0000,0x0000,0x0000,0x0000,0x0000,
    0x0000,0x0000,0x0000,0x0000,0x0000,0x0000,0x0000,0x0000,
    0x0000,0x0000,0x0000,0x0000,0x0000,0x0000,0x0000,0x0000,
    0x0000,0x0000,0x0000,0x0000,0x0000,0x0000,0x0000,0x0000,
    0x0000,0x0000,0x0000,0x0000,0x0000,0x0000,0x0000,0x0000,
    0x0000,0x0000,0x0000,0x0000,0x0000,0x0000,0x0000,0x0000,
    0x0000,0x0000,0x0000,0x0000,0x0000,0x0000,0x0000,0x0000,
    0x0000,0x0000,0x0000,0x0000,0x0000,0x0000,0x0000,0x0000,
    0x0000,0x0000,0x0000,0x0000,0x0000,0x0000,0x0000,0x0000,
    0x0000,0x0000,0x0000,0x0000,0x0000,0x0000,0x0000,0x0000,
    0x0000,0x0000,0x0000,0x0000,0x0000,0x0000,0x0000,0x0000,
    0x0000,0x0000,0x0000,0x0000,0x0000,0x0000,0x0000,0x0000,
    0x0000,0x0000,0x0000,0x0000,0x0000,0x0000,0x0000,0x0000,
    0x0000,0x0000,0x0000,0x0000,0x0000,0x0000,0x0000,0x0000,
    0x0000,0x0000,0x0000,0x0000,0x0000,0x0000,0x0000,0x0000,
    0x0000,0x0000,0x0000,0x0000,0x0000,0x0000,0x0000,0x0000,
    0x0000,0x0000,0x0000,0x0000,0x0000,0x0000,0x0000,0x0000,
    0x0000,0x0000,0x0000,0x0000,0x0000,0x0000,0x0000,0x0000,
    0x0000,0x0000,0x0000,0x0000,0x0000,0x0000,0x0000,0x0000,
    0x0000,0x0000,0x0000,0x0000,0x0000,0x0000,0x0000,0x0000,
    0x0000,0x0000,0x0000,0x0000,0x0000,0x0000,0x0000,0x0000,
    0x0000,0x0000,0x0000,0x0000,0x0000,0x0000,0x0000,0x0000,
    0x0000,0x0000,0x0000,0x0000,0x0000,0x0000,0x0000,0x0000,
    0x0000,0x0000,0x0000,0x0000,0x0000,0x0000,0x0000,0x0000,
    0x0000,0x0000,0x0000,0x0000,0x0000,0x0000,0x0000,0x0000,
    0x0000,0x0000,0x0000,0x0000,0x0000,0x0000,0x0000,0x0000,
    0x0000,0x0000,0x0000,0x0000,0x0000,0x0000,0x0000,0x0000,
    0x0000,0x0000,0x0000,0x0000,0x0000,0x0000,0x0000,0x0000,
    0x0000,0x0000,0x0000,0x0000,0x0000,0x0000,0x0000,0x0000,
    0x0000,0x0000,0x0000,0x0000,0x0000,0x0000,0x0000,0x0000,
    0x0000,0x0000,0x0000,0x0000,0x0000,0x0000,0x0000,0x0000,
    0x0000,0x0000,0x0000,0x0000,0x0000,0x0000,0x0000,0x0000,
    0x0000,0x0000,0x0000,0x0000,0x0000,0x0000,0x0000,0x0000,
    0x0000,0x0000,0x0000,0x0000,0x0000,0x0000,0x0000,0x0000,
    0x0000,0x0000,0x0000,0x0000,0x0000,0x0000,0x0000,0x0000,
    0x0000,0x0000,0x0000,0x0000,0x0000,0x0000,0x0000,0x0000,
    0x0000,0x0000,0x0000,0x0000,0x0000,0x0000,0x0000,0x0000,
    0x0000,0x0000,0x0000,0x0000,0x0000,0x0000,0x0000,0x0000,
    0x0000,0x0000,0x0000,0x0000,0x0000,0x0000,0x0000,0x0000,
    0x0000,0x0000,0x0000,0x0000,0x0000,0x0000,0x0000,0x0000,
    0x0000,0x0000,0x0000,0x0000,0x0000,0x0000,0x0000,0x0000,
    0x0000,0x0000,0x0000,0x0000,0x0000,0x0000,0x0000,0x0000,
    0x0000,0x0000,0x0000,0x0000,0x0000,0x0000,0x0000,0x0000,
    0x0000,0x0000,0x0000,0x0000,0x0000,0x0000,0x0000,0x0000,
    0x0000,0x0000,0x0000,0x0000,0x0000,0x0000,0x0000,0x0000,
    0x0000,0x0000,0x0000,0x0000,0x0000,0x0000,0x0000,0x0000,
    0x0000,0x0000,0x0000,0x0000,0x0000,0x0000,0x0000,0x0000,
    0x0000,0x0000,0x0000,0x0000,0x0000,0x0000,0x0000,0x0000,
    0x0000,0x0000,0x0000,0x0000,0x0000,0x0000,0x0000,0x0000,
    0x0000,0x0000,0x0000,0x0000,0x0000,0x0000,0x0000,0x0000,
    0x0000,0x0000,0x0000,0x0000,0x0000,0x0000,0x0000,0x0000,
    0x0000,0x0000,0x0000,0x0000,0x0000,0x0000,0x0000,0x0000,
    0x0000,0x0000,0x0000,0x0000,0x0000,0x0000,0x0000,0x0000,
    0x0000,0x0000,0x0000,0x0000,0x0000,0x0000,0x0000,0x0000,
    0x0000,0x0000,0x0000,0x0000,0x0000,0x0000,0x0000,0x0000,
    0x0000,0x0000,0x0000,0x0000,0x0000,0x0000,0x0000,0x0000,
    0x0000,0x0000,0x0000,0x0000,0x0000,0x0000,0x0000,0x0000,
    0x0000,0x0000,0x0000,0x0000,0x0000,0x0000,0x0000,0x0000,
    0x0000,0x0000,0x0000,0x0000,0x0000,0x0000,0x0000,0x0000,
    0x0000,0x0000,0x0000,0x0000,0x0000,0x0000,0x0000,0x0000,
    0x0000,0x0000,0x0000,0x0000,0x0000,0x0000,0x0000,0x0000,
    0x0000,0x0000,0x0000,0x0000,0x0000,0x0000,0x0000,0x0000,
    0x0000,0x0000,0x0000,0x0000,0x0000,0x0000,0x0000,0x0000,
    0x0000,0x0000,0x0000,0x0000,0x0000,0x0000,0x0000,0x0000,
    0x0000,0x0000,0x0000,0x0000,0x0000,0x0000,0x0000,0x0000,
    0x0000,0x0000,0x0000,0x0000,0x0000,0x0000,0x0000,0x0000,
    0x0000,0x0000,0x0000,0x0000,0x0000,0x0000,0x0000,0x0000,
    0x0000,0x0000,0x0000,0x0000,0x0000,0x0000,0x0000,0x0000,
    0x0000,0x0000,0x0000,0x0000,0x0000,0x0000,0x0000,0x0000,
    0x0000,0x0000,0x0000,0x0000,0x0000,0x0000,0x0000,0x0000,
    0x0000,0x0000,0x0000,0x0000,0x0000,0x0000,0x0000,0x0000,
    0x0000,0x0000,0x0000,0x0000,0x0000,0x0000,0x0000,0x0000,
    0x0000,0x0000,0x0000,0x0000,0x0000,0x0000,0x0000,0x0000,
    0x0000,0x0000,0x0000,0x0000,0x0000,0x0000,0x0000,0x0000,
    0x0000,0x0000,0x0000,0x0000,0x0000,0x0000,0x0000,0x0000,
    0x0000,0x0000,0x0000,0x0000,0x0000,0x0000,0x0000,0x0000,
    0x0000,0x0000,0x0000,0x0000,0x0000,0x0000,0x0000,0x0000,
    0x0000,0x0000,0x0000,0x0000,0x0000,0x0000,0x0000,0x0000,
    0x0000,0x0000,0x0000,0x0000,0x0000,0x0000,0x0000,0x0000,
    0x0000,0x0000,0x0000,0x0000,0x0000,0x0000,0x0000,0x0000,
    0x0000,0x0000,0x0000,0x0000,0x0000,0x0000,0x0000,0x0000,
    0x0000,0x0000,0x0000,0x0000,0x0000,0x0000,0x0000,0x0000,
    0x0000,0x0000,0x0000,0x0000,0x0000,0x0000,0x0000,0x0000,
    0x0000,0x0000,0x0000,0x0000,0x0000,0x0000,0x0000,0x0000,
    0x0000,0x0000,0x0000,0x0000,0x0000,0x0000,0x0000,0x0000,
    0x0000,0x0000,0x0000,0x0000,0x0000,0x0000,0x0000,0x0000,
    0x0000,0x0000,0x0000,0x0000,0x0000,0x0000,0x0000,0x0000,
    0x0000,0x0000,0x0000,0x0000,0x0000,0x0000,0x0000,0x0000,
    0x0000,0x0000,0x0000,0x0000,0x0000,0x0000,0x0000,0x0000,
    0x0000,0x0000,0x0000,0x0000,0x0000,0x0000,0x0000,0x0000,
    0x0000,0x0000,0x0000,0x0000,0x0000,0x0000,0x0000,0x0000,
    0x0000,0x0000,0x0000,0x0000,0x0000,0x0000,0x0000,0x0000,
    0x0000,0x0000,0x0000,0x0000,0x0000,0x0000,0x0000,0x0000,
    0x0000,0x0000,0x0000,0x0000,0x0000,0x0000,0x0000,0x0000,
    0x0000,0x0000,0x0000,0x0000,0x0000,0x0000,0x0000,0x0000,
    0x0000,0x0000,0x0000,0x0000,0x0000,0x0000,0x0000,0x0000,
    0x0000,0x0000,0x0000,0x0000,0x0000,0x0000,0x0000,0x0000,
    0x0000,0x0000,0x0000,0x0000,0x0000,0x0000,0x0000,0x0000,
    0x0000,0x0000,0x0000,0x0000,0x0000,0x0000,0x0000,0x0000,
    0x0000,0x0000,0x0000,0x0000,0x0000,0x0000,0x0000,0x0000,
    0x0000,0x0000,0x0000,0x0000,0x0000,0x0000,0x0000,0x0000,
    0x0000,0x0000,0x0000,0x0000,0x0000,0x0000,0x0000,0x0000,
    0x0000,0x0000,0x0000,0x0000,0x0000,0x0000,0x0000,0x0000,
    0x0000,0x0000,0x0000,0x0000,0x0000,0x0000,0x0000,0x0000,
    0x0000,0x0000,0x0000,0x0000,0x0000,0x0000,0x0000,0x0000,
    0x0000,0x0000,0x0000,0x0000,0x0000,0x0000,0x0000,0x0000,
    0x0000,0x0000,0x0000,0x0000,0x0000,0x0000,0x0000,0x0000,
    0x0000,0x0000,0x0000,0x0000,0x0000,0x0000,0x0000,0x0000,
    0x0000,0x0000,0x0000,0x0000,0x0000,0x0000,0x0000,0x0000,
    0x0000,0x0000,0x0000,0x0000,0x0000,0x0000,0x0000,0x0000,
    0x0000,0x0000,0x0000,0x0000,0x0000,0x0000,0x0000,0x0000,
    0x0000,0x0000,0x0000,0x0000,0x0000,0x0000,0x0000,0x0000,
    0x0000,0x0000,0x0000,0x0000,0x0000,0x0000,0x0000,0x0000,
    0x0000,0x0000,0x0000,0x0000,0x0000,0x0000,0x0000,0x0000,
    0x0000,0x0000,0x0000,0x0000,0x0000,0x0000,0x0000,0x0000,
    0x0000,0x0000,0x0000,0x0000,0x0000,0x0000,0x0000,0x0000,
    0x0000,0x0000,0x0000,0x0000,0x0000,0x0000,0x0000,0x0000,
    0x0000,0x0000,0x0000,0x0000,0x0000,0x0000,0x0000,0x0000,
    0x0000,0x0000,0x0000,0x0000,0x0000,0x0000,0x0000,0x0000,
    0x0000,0x0000,0x0000,0x0000,0x0000,0x0000,0x0000,0x0000,
    0x0000,0x0000,0x0000,0x0000,0x0000,0x0000,0x0000,0x0000,
    0x0000,0x0000,0x0000,0x0000,0x0000,0x0000,0x0000,0x0000,
    0x0000,0x0000,0x0000,0x0000,0x0000,0x0000,0x0000,0x0000,
    0x0000,0x0000,0x0000,0x0000,0x0000,0x0000,0x0000,0x0000,
    0x0000,0x0000,0x0000,0x0000,0x0000,0x0000,0x0000,0x0000,
    0x0000,0x0000,0x0000,0x0000,0x0000,0x0000,0x0000,0x0000,
    0x0000,0x0000,0x0000,0x0000,0x0000,0x0000,0x0000,0x0000,
    0x0000,0x0000,0x0000,0x0000,0x0000,0x0000,0x0000,0x0000,
    0x0000,0x0000,0x0000,0x0000,0x0000,0x0000,0x0000,0x0000,
    0x0000,0x0000,0x0000,0x0000,0x0000,0x0000,0x0000,0x0000,
    0x0000,0x0000,0x0000,0x0000,0x0000,0x0000,0x0000,0x0000,
    0x0000,0x0000,0x0000,0x0000,0x0000,0x0000,0x0000,0x0000,
    0x0000,0x0000,0x0000,0x0000,0x0000,0x0000,0x0000,0x0000,
    0x0000,0x0000,0x0000,0x0000,0x0000,0x0000,0x0000,0x0000,
    0x0000,0x0000,0x0000,0x0000,0x0000,0x0000,0x0000,0x0000,
    0x0000,0x0000,0x0000,0x0000,0x0000,0x0000,0x0000,0x0000,
    0x0000,0x0000,0x0000,0x0000,0x0000,0x0000,0x0000,0x0000,
    0x0000,0x0000,0x0000,0x0000,0x0000,0x0000,0x0000,0x0000,
    0x0000,0x0000,0x0000,0x0000,0x0000,0x0000,0x0000,0x0000,
    0x0000,0x0000,0x0000,0x0000,0x0000,0x0000,0x0000,0x0000,
    0x0000,0x0000,0x0000,0x0000,0x0000,0x0000,0x0000,0x0000,
    0x0000,0x0000,0x0000,0x0000,0x0000,0x0000,0x0000,0x0000,
    0x0000,0x0000,0x0000,0x0000,0x0000,0x0000,0x0000,0x0000,
    0x0000,0x0000,0x0000,0x0000,0x0000,0x0000,0x0000,0x0000,
    0x0000,0x0000,0x0000,0x0000,0x0000,0x0000,0x0000,0x0000,
    0x0000,0x0000,0x0000,0x0000,0x0000,0x0000,0x0000,0x0000,
    0x0000,0x0000,0x0000,0x0000,0x0000,0x0000,0x0000,0x0000,
    0x0000,0x0000,0x0000,0x0000,0x0000,0x0000,0x0000,0x0000,
    0x0000,0x0000,0x0000,0x0000,0x0000,0x0000,0x0000,0x0000,
    0x0000,0x0000,0x0000,0x0000,0x0000,0x0000,0x0000,0x0000,
    0x0000,0x0000,0x0000,0x0000,0x0000,0x0000,0x0000,0x0000,
    0x0000,0x0000,0x0000,0x0000,0x0000,0x0000,0x0000,0x0000,
    0x0000,0x0000,0x0000,0x0000,0x0000,0x0000,0x0000,0x0000,
    0x0000,0x0000,0x0000,0x0000,0x0000,0x0000,0x0000,0x0000,
    0x0000,0x0000,0x0000,0x0000,0x0000,0x0000,0x0000,0x0000,
    0x0000,0x0000,0x0000,0x0000,0x0000,0x0000,0x0000,0x0000,
    0x0000,0x0000,0x0000,0x0000,0x0000,0x0000,0x0000,0x0000,
    0x0000,0x0000,0x0000,0x0000,0x0000,0x0000,0x0000,0x0000,
    0x0000,0x0000,0x0000,0x0000,0x0000,0x0000,0x0000,0x0000,
    0x0000,0x0000,0x0000,0x0000,0x0000,0x0000,0x0000,0x0000,
    0x0000,0x0000,0x0000,0x0000,0x0000,0x0000,0x0000,0x0000,
    0x0000,0x0000,0x0000,0x0000,0x0000,0x0000,0x0000,0x0000,
    0x0000,0x0000,0x0000,0x0000,0x0000,0x0000,0x0000,0x0000,
    0x0000,0x0000,0x0000,0x0000,0x0000,0x0000,0x0000,0x0000,
    0x0000,0x0000,0x0000,0x0000,0x0000,0x0000,0x0000,0x0000,
    0x0000,0x0000,0x0000,0x0000,0x0000,0x0000,0x0000,0x0000,
    0x0000,0x0000,0x0000,0x0000,0x0000,0x0000,0x0000,0x0000,
    0x0000,0x0000,0x0000,0x0000,0x0000,0x0000,0x0000,0x0000,
    0x0000,0x0000,0x0000,0x0000,0x0000,0x0000,0x0000,0x0000,
    0x0000,0x0000,0x0000,0x0000,0x0000,0x0000,0x0000,0x0000,
    0x0000,0x0000,0x0000,0x0000,0x0000,0x0000,0x0000,0x0000,
    0x0000,0x0000,0x0000,0x0000,0x0000,0x0000,0x0000,0x0000,
    0x0000,0x0000,0x0000,0x0000,0x0000,0x0000,0x0000,0x0000,
    0x0000,0x0000,0x0000,0x0000,0x0000,0x0000,0x0000,0x0000,
    0x0000,0x0000,0x0000,0x0000,0x0000,0x0000,0x0000,0x0000,
    0x0000,0x0000,0x0000,0x0000,0x0000,0x0000,0x0000,0x0000,
    0x0000,0x0000,0x0000,0x0000,0x0000,0x0000,0x0000,0x0000,
    0x0000,0x0000,0x0000,0x0000,0x0000,0x0000,0x0000,0x0000,
    0x0000,0x0000,0x0000,0x0000,0x0000,0x0000,0x0000,0x0000,
    0x0000,0x0000,0x0000,0x0000,0x0000,0x0000,0x0000,0x0000,
    0x0000,0x0000,0x0000,0x0000,0x0000,0x0000,0x0000,0x0000,
    0x0000,0x0000,0x0000,0x0000,0x0000,0x0000,0x0000,0x0000,
    0x0000,0x0000,0x0000,0x0000,0x0000,0x0000,0x0000,0x0000,
    0x0000,0x0000,0x0000,0x0000,0x0000,0x0000,0x0000,0x0000,
    0x0000,0x0000,0x0000,0x0000,0x0000,0x0000,0x0000,0x0000,
    0x0000,0x0000,0x0000,0x0000,0x0000,0x0000,0x0000,0x0000,
    0x0000,0x0000,0x0000,0x0000,0x0000,0x0000,0x0000,0x0000,
    0x0000,0x0000,0x0000,0x0000,0x0000,0x0000,0x0000,0x0000,
    0x0000,0x0000,0x0000,0x0000,0x0000,0x0000,0x0000,0x0000,
    0x0000,0x0000,0x0000,0x0000,0x0000,0x0000,0x0000,0x0000,
    0x0000,0x0000,0x0000,0x0000,0x0000,0x0000,0x0000,0x0000,
    0x0000,0x0000,0x0000,0x0000,0x0000,0x0000,0x0000,0x0000,
    0x0000,0x0000,0x0000,0x0000,0x0000,0x0000,0x0000,0x0000,
    0x0000,0x0000,0x0000,0x0000,0x0000,0x0000,0x0000,0x0000,
    0x0000,0x0000,0x0000,0x0000,0x0000,0x0000,0x0000,0x0000,
    0x0000,0x0000,0x0000,0x0000,0x0000,0x0000,0x0000,0x0000,
    0x0000,0x0000,0x0000,0x0000,0x0000,0x0000,0x0000,0x0000,
    0x0000,0x0000,0x0000,0x0000,0x0000,0x0000,0x0000,0x0000,
    0x0000,0x0000,0x0000,0x0000,0x0000,0x0000,0x0000,0x0000,
    0x0000,0x0000,0x0000,0x0000,0x0000,0x0000,0x0000,0x0000,
    0x0000,0x0000,0x0000,0x0000,0x0000,0x0000,0x0000,0x0000,
    0x0000,0x0000,0x0000,0x0000,0x0000,0x0000,0x0000,0x0000,
    0x0000,0x0000,0x0000,0x0000,0x0000,0x0000,0x0000,0x0000,
    0x0000,0x0000,0x0000,0x0000,0x0000,0x0000,0x0000,0x0000,
    0x0000,0x0000,0x0000,0x0000,0x0000,0x0000,0x0000,0x0000,
    0x0000,0x0000,0x0000,0x0000,0x0000,0x0000,0x0000,0x0000,
    0x0000,0x0000,0x0000,0x0000,0x0000,0x0000,0x0000,0x0000,
    0x0000,0x0000,0x0000,0x0000,0x0000,0x0000,0x0000,0x0000,
    0x0000,0x0000,0x0000,0x0000,0x0000,0x0000,0x0000,0x0000,
    0x0000,0x0000,0x0000,0x0000,0x0000,0x0000,0x0000,0x0000,
    0x0000,0x0000,0x0000,0x0000,0x0000,0x0000,0x0000,0x0000,
    0x0000,0x0000,0x0000,0x0000,0x0000,0x0000,0x0000,0x0000,
    0x0000,0x0000,0x0000,0x0000,0x0000,0x0000,0x0000,0x0000,
    0x0000,0x0000,0x0000,0x0000,0x0000,0x0000,0x0000,0x0000,
    0x0000,0x0000,0x0000,0x0000,0x0000,0x0000,0x0000,0x0000,
    0x0000,0x0000,0x0000,0x0000,0x0000,0x0000,0x0000,0x0000,
    0x0000,0x0000,0x0000,0x0000,0x0000,0x0000,0x0000,0x0000,
    0x0000,0x0000,0x0000,0x0000,0x0000,0x0000,0x0000,0x0000,
    0x0000,0x0000,0x0000,0x0000,0x0000,0x0000,0x0000,0x0000,
    0x0000,0x0000,0x0000,0x0000,0x0000,0x0000,0x0000,0x0000,
    0x0000,0x0000,0x0000,0x0000,0x0000,0x0000,0x0000,0x0000,
    0x0000,0x0000,0x0000,0x0000,0x0000,0x0000,0x0000,0x0000,
    0x0000,0x0000,0x0000,0x0000,0x0000,0x0000,0x0000,0x0000,
    0x0000,0x0000,0x0000,0x0000,0x0000,0x0000,0x0000,0x0000,
    0x0000,0x0000,0x0000,0x0000,0x0000,0x0000,0x0000,0x0000,
    0x0000,0x0000,0x0000,0x0000,0x0000,0x0000,0x0000,0x0000,
    0x0000,0x0000,0x0000,0x0000,0x0000,0x0000,0x0000,0x0000,
    0x0000,0x0000,0x0000,0x0000,0x0000,0x0000,0x0000,0x0000,
    0x0000,0x0000,0x0000,0x0000,0x0000,0x0000,0x0000,0x0000,
    0x0000,0x0000,0x0000,0x0000,0x0000,0x0000,0x0000,0x0000,
    0x0000,0x0000,0x0000,0x0000,0x0000,0x0000,0x0000,0x0000,
    0x0000,0x0000,0x0000,0x0000,0x0000,0x0000,0x0000,0x0000,
    0x0000,0x0000,0x0000,0x0000,0x0000,0x0000,0x0000,0x0000,
    0x0000,0x0000,0x0000,0x0000,0x0000,0x0000,0x0000,0x0000,
    0x0000,0x0000,0x0000,0x0000,0x0000,0x0000,0x0000,0x0000,
    0x0000,0x0000,0x0000,0x0000,0x0000,0x0000,0x0000,0x0000,
    0x0000,0x0000,0x0000,0x0000,0x0000,0x0000,0x0000,0x0000,
    0x0000,0x0000,0x0000,0x0000,0x0000,0x0000,0x0000,0x0000,
    0x0000,0x0000,0x0000,0x0000,0x0000,0x0000,0x0000,0x0000,
    0x0000,0x0000,0x0000,0x0000,0x0000,0x0000,0x0000,0x0000,
    0x0000,0x0000,0x0000,0x0000,0x0000,0x0000,0x0000,0x0000,
    0x0000,0x0000,0x0000,0x0000,0x0000,0x0000,0x0000,0x0000,
    0x0000,0x0000,0x0000,0x0000,0x0000,0x0000,0x0000,0x0000,
    0x0000,0x0000,0x0000,0x0000,0x0000,0x0000,0x0000,0x0000,
    0x0000,0x0000,0x0000,0x0000,0x0000,0x0000,0x0000,0x0000,
    0x0000,0x0000,0x0000,0x0000,0x0000,0x0000,0x0000,0x0000,
    0x0000,0x0000,0x0000,0x0000,0x0000,0x0000,0x0000,0x0000,
    0x0000,0x0000,0x0000,0x0000,0x0000,0x0000,0x0000,0x0000,
    0x0000,0x0000,0x0000,0x0000,0x0000,0x0000,0x0000,0x0000,
    0x0000,0x0000,0x0000,0x0000,0x0000,0x0000,0x0000,0x0000,
    0x0000,0x0000,0x0000,0x0000,0x0000,0x0000,0x0000,0x0000,
    0x0000,0x0000,0x0000,0x0000,0x0000,0x0000,0x0000,0x0000,
    0x0000,0x0000,0x0000,0x0000,0x0000,0x0000,0x0000,0x0000,
    0x0000,0x0000,0x0000,0x0000,0x0000,0x0000,0x0000,0x0000,
    0x0000,0x0000,0x0000,0x0000,0x0000,0x0000,0x0000,0x0000,
    0x0000,0x0000,0x0000,0x0000,0x0000,0x0000,0x0000,0x0000,
    0x0000,0x0000,0x0000,0x0000,0x0000,0x0000,0x0000,0x0000,
    0x0000,0x0000,0x0000,0x0000,0x0000,0x0000,0x0000,0x0000,
    0x0000,0x0000,0x0000,0x0000,0x0000,0x0000,0x0000,0x0000,
    0x0000,0x0000,0x0000,0x0000,0x0000,0x0000,0x0000,0x0000,
    0x0000,0x0000,0x0000,0x0000,0x0000,0x0000,0x0000,0x0000,
    0x0000,0x0000,0x0000,0x0000,0x0000,0x0000,0x0000,0x0000,
    0x0000,0x0000,0x0000,0x0000,0x0000,0x0000,0x0000,0x0000,
    0x0000,0x0000,0x0000,0x0000,0x0000,0x0000,0x0000,0x0000,
    0x0000,0x0000,0x0000,0x0000,0x0000,0x0000,0x0000,0x0000,
    0x0000,0x0000,0x0000,0x0000,0x0000,0x0000,0x0000,0x0000,
    0x0000,0x0000,0x0000,0x0000,0x0000,0x0000,0x0000,0x0000,
    0x0000,0x0000,0x0000,0x0000,0x0000,0x0000,0x0000,0x0000,
    0x0000,0x0000,0x0000,0x0000,0x0000,0x0000,0x0000,0x0000,
    0x0000,0x0000,0x0000,0x0000,0x0000,0x0000,0x0000,0x0000,
    0x0000,0x0000,0x0000,0x0000,0x0000,0x0000,0x0000,0x0000,
    0x0000,0x0000,0x0000,0x0000,0x0000,0x0000,0x0000,0x0000,
    0x0000,0x0000,0x0000,0x0000,0x0000,0x0000,0x0000,0x0000,
    0x0000,0x0000,0x0000,0x0000,0x0000,0x0000,0x0000,0x0000,
    0x0000,0x0000,0x0000,0x0000,0x0000,0x0000,0x0000,0x0000,
    0x0000,0x0000,0x0000,0x0000,0x0000,0x0000,0x0000,0x0000,
    0x0000,0x0000,0x0000,0x0000,0x0000,0x0000,0x0000,0x0000,
    0x0000,0x0000,0x0000,0x0000,0x0000,0x0000,0x0000,0x0000,
    0x0000,0x0000,0x0000,0x0000,0x0000,0x0000,0x0000,0x0000,
    0x0000,0x0000,0x0000,0x0000,0x0000,0x0000,0x0000,0x0000,
    0x0000,0x0000,0x0000,0x0000,0x0000,0x0000,0x0000,0x0000,
    0x0000,0x0000,0x0000,0x0000,0x0000,0x0000,0x0000,0x0000,
    0x0000,0x0000,0x0000,0x0000,0x0000,0x0000,0x0000,0x0000,
    0x0000,0x0000,0x0000,0x0000,0x0000,0x0000,0x0000,0x0000,
    0x0000,0x0000,0x0000,0x0000,0x0000,0x0000,0x0000,0x0000,
    0x0000,0x0000,0x0000,0x0000,0x0000,0x0000,0x0000,0x0000,
    0x0000,0x0000,0x0000,0x0000,0x0000,0x0000,0x0000,0x0000,
    0x0000,0x0000,0x0000,0x0000,0x0000,0x0000,0x0000,0x0000,
    0x0000,0x0000,0x0000,0x0000,0x0000,0x0000,0x0000,0x0000,
    0x0000,0x0000,0x0000,0x0000,0x0000,0x0000,0x0000,0x0000,
    0x0000,0x0000,0x0000,0x0000,0x0000,0x0000,0x0000,0x0000,
    0x0000,0x0000,0x0000,0x0000,0x0000,0x0000,0x0000,0x0000,
    0x0000,0x0000,0x0000,0x0000,0x0000,0x0000,0x0000,0x0000,
    0x0000,0x0000,0x0000,0x0000,0x0000,0x0000,0x0000,0x0000,
    0x0000,0x0000,0x0000,0x0000,0x0000,0x0000,0x0000,0x0000,
    0x0000,0x0000,0x0000,0x0000,0x0000,0x0000,0x0000,0x0000,
    0x0000,0x0000,0x0000,0x0000,0x0000,0x0000,0x0000,0x0000,
    0x0000,0x0000,0x0000,0x0000,0x0000,0x0000,0x0000,0x0000,
    0x0000,0x0000,0x0000,0x0000,0x0000,0x0000,0x0000,0x0000,
    0x0000,0x0000,0x0000,0x0000,0x0000,0x0000,0x0000,0x0000,
    0x0000,0x0000,0x0000,0x0000,0x0000,0x0000,0x0000,0x0000,
    0x0000,0x0000,0x0000,0x0000,0x0000,0x0000,0x0000,0x0000,
    0x0000,0x0000,0x0000,0x0000,0x0000,0x0000,0x0000,0x0000,
    0x0000,0x0000,0x0000,0x0000,0x0000,0x0000,0x0000,0x0000,
    0x0000,0x0000,0x0000,0x0000,0x0000,0x0000,0x0000,0x0000,
    0x0000,0x0000,0x0000,0x0000,0x0000,0x0000,0x0000,0x0000,
    0x0000,0x0000,0x0000,0x0000,0x0000,0x0000,0x0000,0x0000,
    0x0000,0x0000,0x0000,0x0000,0x0000,0x0000,0x0000,0x0000,
    0x0000,0x0000,0x0000,0x0000,0x0000,0x0000,0x0000,0x0000,
    0x0000,0x0000,0x0000,0x0000,0x0000,0x0000,0x0000,0x0000,
    0x0000,0x0000,0x0000,0x0000,0x0000,0x0000,0x0000,0x0000,
    0x0000,0x0000,0x0000,0x0000,0x0000,0x0000,0x0000,0x0000,
    0x0000,0x0000,0x0000,0x0000,0x0000,0x0000,0x0000,0x0000,
    0x0000,0x0000,0x0000,0x0000,0x0000,0x0000,0x0000,0x0000,
    0x0000,0x0000,0x0000,0x0000,0x0000,0x0000,0x0000,0x0000,
    0x0000,0x0000,0x0000,0x0000,0x0000,0x0000,0x0000,0x0000,
    0x0000,0x0000,0x0000,0x0000,0x0000,0x0000,0x0000,0x0000,
    0x0000,0x0000,0x0000,0x0000,0x0000,0x0000,0x0000,0x0000,
    0x0000,0x0000,0x0000,0x0000,0x0000,0x0000,0x0000,0x0000,
    0x0000,0x0000,0x0000,0x0000,0x0000,0x0000,0x0000,0x0000,
    0x0000,0x0000,0x0000,0x0000,0x0000,0x0000,0x0000,0x0000,
    0x0000,0x0000,0x0000,0x0000,0x0000,0x0000,0x0000,0x0000,
    0x0000,0x0000,0x0000,0x0000,0x0000,0x0000,0x0000,0x0000,
    0x0000,0x0000,0x0000,0x0000,0x0000,0x0000,0x0000,0x0000,
    0x0000,0x0000,0x0000,0x0000,0x0000,0x0000,0x0000,0x0000,
    0x0000,0x0000,0x0000,0x0000,0x0000,0x0000,0x0000,0x0000,
    0x0000,0x0000,0x0000,0x0000,0x0000,0x0000,0x0000,0x0000,
    0x0000,0x0000,0x0000,0x0000,0x0000,0x0000,0x0000,0x0000,
    0x0000,0x0000,0x0000,0x0000,0x0000,0x0000,0x0000,0x0000,
    0x0000,0x0000,0x0000,0x0000,0x0000,0x0000,0x0000,0x0000,
    0x0000,0x0000,0x0000,0x0000,0x0000,0x0000,0x0000,0x0000,
    0x0000,0x0000,0x0000,0x0000,0x0000,0x0000,0x0000,0x0000,
    0x0000,0x0000,0x0000,0x0000,0x0000,0x0000,0x0000,0x0000,
    0x0000,0x0000,0x0000,0x0000,0x0000,0x0000,0x0000,0x0000,
    0x0000,0x0000,0x0000,0x0000,0x0000,0x0000,0x0000,0x0000,
    0x0000,0x0000,0x0000,0x0000,0x0000,0x0000,0x0000,0x0000,
    0x0000,0x0000,0x0000,0x0000,0x0000,0x0000,0x0000,0x0000,
    0x0000,0x0000,0x0000,0x0000,0x0000,0x0000,0x0000,0x0000,
    0x0000,0x0000,0x0000,0x0000,0x0000,0x0000,0x0000,0x0000,
    0x0000,0x0000,0x0000,0x0000,0x0000,0x0000,0x0000,0x0000,
    0x0000,0x0000,0x0000,0x0000,0x0000,0x0000,0x0000,0x0000,
    0x0000,0x0000,0x0000,0x0000,0x0000,0x0000,0x0000,0x0000,
    0x0000,0x0000,0x0000,0x0000,0x0000,0x0000,0x0000,0x0000,
    0x0000,0x0000,0x0000,0x0000,0x0000,0x0000,0x0000,0x0000,
    0x0000,0x0000,0x0000,0x0000,0x0000,0x0000,0x0000,0x0000,
    0x0000,0x0000,0x0000,0x0000,0x0000,0x0000,0x0000,0x0000,
    0x0000,0x0000,0x0000,0x0000,0x0000,0x0000,0x0000,0x0000,
    0x0000,0x0000,0x0000,0x0000,0x0000,0x0000,0x0000,0x0000,
    0x0000,0x0000,0x0000,0x0000,0x0000,0x0000,0x0000,0x0000,
    0x0000,0x0000,0x0000,0x0000,0x0000,0x0000,0x0000,0x0000,
    0x0000,0x0000,0x0000,0x0000,0x0000,0x0000,0x0000,0x0000,
    0x0000,0x0000,0x0000,0x0000,0x0000,0x0000,0x0000,0x0000,
    0x0000,0x0000,0x0000,0x0000,0x0000,0x0000,0x0000,0x0000,
    0x0000,0x0000,0x0000,0x0000,0x0000,0x0000,0x0000,0x0000,
    0x0000,0x0000,0x0000,0x0000,0x0000,0x0000,0x0000,0x0000,
    0x0000,0x0000,0x0000,0x0000,0x0000,0x0000,0x0000,0x0000,
    0x0000,0x0000,0x0000,0x0000,0x0000,0x0000,0x0000,0x0000,
    0x0000,0x0000,0x0000,0x0000,0x0000,0x0000,0x0000,0x0000,
    0x0000,0x0000,0x0000,0x0000,0x0000,0x0000,0x0000,0x0000,
    0x0000,0x0000,0x0000,0x0000,0x0000,0x0000,0x0000,0x0000,
    0x0000,0x0000,0x0000,0x0000,0x0000,0x0000,0x0000,0x0000,
    0x0000,0x0000,0x0000,0x0000,0x0000,0x0000,0x0000,0x0000,
    0x0000,0x0000,0x0000,0x0000,0x0000,0x0000,0x0000,0x0000,
    0x0000,0x0000,0x0000,0x0000,0x0000,0x0000,0x0000,0x0000,
    0x0000,0x0000,0x0000,0x0000,0x0000,0x0000,0x0000,0x0000,
    0x0000,0x0000,0x0000,0x0000,0x0000,0x0000,0x0000,0x0000,
    0x0000,0x0000,0x0000,0x0000,0x0000,0x0000,0x0000,0x0000,
    0x0000,0x0000,0x0000,0x0000,0x0000,0x0000,0x0000,0x0000,
    0x0000,0x0000,0x0000,0x0000,0x0000,0x0000,0x0000,0x0000,
    0x0000,0x0000,0x0000,0x0000,0x0000,0x0000,0x0000,0x0000,
    0x0000,0x0000,0x0000,0x0000,0x0000,0x0000,0x0000,0x0000,
    0x0000,0x0000,0x0000,0x0000,0x0000,0x0000,0x0000,0x0000,
    0x0000,0x0000,0x0000,0x0000,0x0000,0x0000,0x0000,0x0000,
    0x0000,0x0000,0x0000,0x0000,0x0000,0x0000,0x0000,0x0000,
    0x0000,0x0000,0x0000,0x0000,0x0000,0x0000,0x0000,0x0000,
    0x0000,0x0000,0x0000,0x0000,0x0000,0x0000,0x0000,0x0000,
    0x0000,0x0000,0x0000,0x0000,0x0000,0x0000,0x0000,0x0000,
    0x0000,0x0000,0x0000,0x0000,0x0000,0x0000,0x0000,0x0000,
    0x0000,0x0000,0x0000,0x0000,0x0000,0x0000,0x0000,0x0000,
    0x0000,0x0000,0x0000,0x0000,0x0000,0x0000,0x0000,0x0000,
    0x0000,0x0000,0x0000,0x0000,0x0000,0x0000,0x0000,0x0000,
    0x0000,0x0000,0x0000,0x0000,0x0000,0x0000,0x0000,0x0000,
    0x0000,0x0000,0x0000,0x0000,0x0000,0x0000,0x0000,0x0000,
    0x0000,0x0000,0x0000,0x0000,0x0000,0x0000,0x0000,0x0000,
    0x0000,0x0000,0x0000,0x0000,0x0000,0x0000,0x0000,0x0000,
    0x0000,0x0000,0x0000,0x0000,0x0000,0x0000,0x0000,0x0000,
    0x0000,0x0000,0x0000,0x0000,0x0000,0x0000,0x0000,0x0000,
    0x0000,0x0000,0x0000,0x0000,0x0000,0x0000,0x0000,0x0000,
    0x0000,0x0000,0x0000,0x0000,0x0000,0x0000,0x0000,0x0000,
    0x0000,0x0000,0x0000,0x0000,0x0000,0x0000,0x0000,0x0000,
    0x0000,0x0000,0x0000,0x0000,0x0000,0x0000,0x0000,0x0000
};

// Cold emoji bitmap (128x160, RGB565)
const uint16_t emoji_cold[20480] = {
    0x0000,0x0000,0x0000,0x0000,0x0000,0x0000,0x0000,0x0000,
    0x0000,0x0000,0x0000,0x0000,0x0000,0x0000,0x0000,0x0000,
    0x0000,0x0000,0x0000,0x0000,0x0000,0x0000,0x0000,0x0000,
    0x0000,0x0000,0x0000,0x0000,0x0000,0x0000,0x0000,0x0000,
    0x0000,0x0000,0x0000,0x0000,0x0000,0x0000,0x0000,0x0000,
    0x0000,0x0000,0x0000,0x0000,0x0000,0x0000,0x0000,0x0000,
    0x0000,0x0000,0x0000,0x0000,0x0000,0x0000,0x0000,0x0000,
    0x0000,0x0000,0x0000,0x0000,0x0000,0x0000,0x0000,0x0000,
    0x0000,0x0000,0x0000,0x0000,0x0000,0x0000,0x0000,0x0000,
    0x0000,0x0000,0x0000,0x0000,0x0000,0x0000,0x0000,0x0000,
    0x0000,0x0000,0x0000,0x0000,0x0000,0x0000,0x0000,0x0000,
    0x0000,0x0000,0x0000,0x0000,0x0000,0x0000,0x0000,0x0000,
    0x0000,0x0000,0x0000,0x0000,0x0000,0x0000,0x0000,0x0000,
    0x0000,0x0000,0x0000,0x0000,0x0000,0x0000,0x0000,0x0000,
    0x0000,0x0000,0x0000,0x0000,0x0000,0x0000,0x0000,0x0000,
    0x0000,0x0000,0x0000,0x0000,0x0000,0x0000,0x0000,0x0000,
    0x0000,0x0000,0x0000,0x0000,0x0000,0x0000,0x0000,0x0000,
    0x0000,0x0000,0x0000,0x0000,0x0000,0x0000,0x0000,0x0000,
    0x0000,0x0000,0x0000,0x0000,0x0000,0x0000,0x0000,0x0000,
    0x0000,0x0000,0x0000,0x0000,0x0000,0x0000,0x0000,0x0000,
    0x0000,0x0000,0x0000,0x0000,0x0000,0x0000,0x0000,0x0000,
    0x0000,0x0000,0x0000,0x0000,0x0000,0x0000,0x0000,0x0000,
    0x0000,0x0000,0x0000,0x0000,0x0000,0x0000,0x0000,0x0000,
    0x0000,0x0000,0x0000,0x0000,0x0000,0x0000,0x0000,0x0000,
    0x0000,0x0000,0x0000,0x0000,0x0000,0x0000,0x0000,0x0000,
    0x0000,0x0000,0x0000,0x0000,0x0000,0x0000,0x0000,0x0000,
    0x0000,0x0000,0x0000,0x0000,0x0000,0x0000,0x0000,0x0000,
    0x0000,0x0000,0x0000,0x0000,0x0000,0x0000,0x0000,0x0000,
    0x0000,0x0000,0x0000,0x0000,0x0000,0x0000,0x0000,0x0000,
    0x0000,0x0000,0x0000,0x0000,0x0000,0x0000,0x0000,0x0000,
    0x0000,0x0000,0x0000,0x0000,0x0000,0x0000,0x0000,0x0000,
    0x0000,0x0000,0x0000,0x0000,0x0000,0x0000,0x0000,0x0000,
    0x0000,0x0000,0x0000,0x0000,0x0000,0x0000,0x0000,0x0000,
    0x0000,0x0000,0x0000,0x0000,0x0000,0x0000,0x0000,0x0000,
    0x0000,0x0000,0x0000,0x0000,0x0000,0x0000,0x0000,0x0000,
    0x0000,0x0000,0x0000,0x0000,0x0000,0x0000,0x0000,0x0000,
    0x0000,0x0000,0x0000,0x0000,0x0000,0x0000,0x0000,0x0000,
    0x0000,0x0000,0x0000,0x0000,0x0000,0x0000,0x0000,0x0000,
    0x0000,0x0000,0x0000,0x0000,0x0000,0x0000,0x0000,0x0000,
    0x0000,0x0000,0x0000,0x0000,0x0000,0x0000,0x0000,0x0000,
    0x0000,0x0000,0x0000,0x0000,0x0000,0x0000,0x0000,0x0000,
    0x0000,0x0000,0x0000,0x0000,0x0000,0x0000,0x0000,0x0000,
    0x0000,0x0000,0x0000,0x0000,0x0000,0x0000,0x0000,0x0000,
    0x0000,0x0000,0x0000,0x0000,0x0000,0x0000,0x0000,0x0000,
    0x0000,0x0000,0x0000,0x0000,0x0000,0x0000,0x0000,0x0000,
    0x0000,0x0000,0x0000,0x0000,0x0000,0x0000,0x0000,0x0000,
    0x0000,0x0000,0x0000,0x0000,0x0000,0x0000,0x0000,0x0000,
    0x0000,0x0000,0x0000,0x0000,0x0000,0x0000,0x0000,0x0000,
    0x0000,0x0000,0x0000,0x0000,0x0000,0x0000,0x0000,0x0000,
    0x0000,0x0000,0x0000,0x0000,0x0000,0x0000,0x0000,0x0000,
    0x0000,0x0000,0x0000,0x0000,0x0000,0x0000,0x0000,0x0000,
    0x0000,0x0000,0x0000,0x0000,0x0000,0x0000,0x0000,0x0000,
    0x0000,0x0000,0x0000,0x0000,0x0000,0x0000,0x0000,0x0000,
    0x0000,0x0000,0x0000,0x0000,0x0000,0x0000,0x0000,0x0000,
    0x0000,0x0000,0x0000,0x0000,0x0000,0x0000,0x0000,0x0000,
    0x0000,0x0000,0x0000,0x0000,0x0000,0x0000,0x0000,0x0000,
    0x0000,0x0000,0x0000,0x0000,0x0000,0x0000,0x0000,0x0000,
    0x0000,0x0000,0x0000,0x0000,0x0000,0x0000,0x0000,0x0000,
    0x0000,0x0000,0x0000,0x0000,0x0000,0x0000,0x0000,0x0000,
    0x0000,0x0000,0x0000,0x0000,0x0000,0x0000,0x0000,0x0000,
    0x0000,0x0000,0x0000,0x0000,0x0000,0x0000,0x0000,0x0000,
    0x0000,0x0000,0x0000,0x0000,0x0000,0x0000,0x0000,0x0000,
    0x0000,0x0000,0x0000,0x0000,0x0000,0x0000,0x0000,0x0000,
    0x0000,0x0000,0x0000,0x0000,0x0000,0x0000,0x0000,0x0000,
    0x0000,0x0000,0x0000,0x0000,0x0000,0x0000,0x0000,0x0000,
    0x0000,0x0000,0x0000,0x0000,0x0000,0x0000,0x0000,0x0000,
    0x0000,0x0000,0x0000,0x0000,0x0000,0x0000,0x0000,0x0000,
    0x0000,0x0000,0x0000,0x0000,0x0000,0x0000,0x0000,0x0000,
    0x0000,0x0000,0x0000,0x0000,0x0000,0x0000,0x0000,0x0000,
    0x0000,0x0000,0x0000,0x0000,0x0000,0x0000,0x0000,0x0000,
    0x0000,0x0000,0x0000,0x0000,0x0000,0x0000,0x0000,0x0000,
    0x0000,0x0000,0x0000,0x0000,0x0000,0x0000,0x0000,0x0000,
    0x0000,0x0000,0x0000,0x0000,0x0000,0x0000,0x0000,0x0000,
    0x0000,0x0000,0x0000,0x0000,0x0000,0x0000,0x0000,0x0000,
    0x0000,0x0000,0x0000,0x0000,0x0000,0x0000,0x0000,0x0000,
    0x0000,0x0000,0x0000,0x0000,0x0000,0x0000,0x0000,0x0000,
    0x0000,0x0000,0x0000,0x0000,0x0000,0x0000,0x0000,0x0000,
    0x0000,0x0000,0x0000,0x0000,0x0000,0x0000,0x0000,0x0000,
    0x0000,0x0000,0x0000,0x0000,0x0000,0x0000,0x0000,0x0000,
    0x0000,0x0000,0x0000,0x0000,0x0000,0x0000,0x0000,0x0000,
    0x0000,0x0000,0x0000,0x0000,0x0000,0x0000,0x0000,0x0000,
    0x0000,0x0000,0x0000,0x0000,0x0000,0x0000,0x0000,0x0000,
    0x0000,0x0000,0x0000,0x0000,0x0000,0x0000,0x0000,0x0000,
    0x0000,0x0000,0x0000,0x0000,0x0000,0x0000,0x0000,0x0000,
    0x0000,0x0000,0x0000,0x0000,0x0000,0x0000,0x0000,0x0000,
    0x0000,0x0000,0x0000,0x0000,0x0000,0x0000,0x0000,0x0000,
    0x0000,0x0000,0x0000,0x0000,0x0000,0x0000,0x0000,0x0000,
    0x0000,0x0000,0x0000,0x0000,0x0000,0x0000,0x0000,0x0000,
    0x0000,0x0000,0x0000,0x0000,0x0000,0x0000,0x0000,0x0000,
    0x0000,0x0000,0x0000,0x0000,0x0000,0x0000,0x0000,0x0000,
    0x0000,0x0000,0x0000,0x0000,0x0000,0x0000,0x0000,0x0000,
    0x0000,0x0000,0x0000,0x0000,0x0000,0x0000,0x0000,0x0000,
    0x0000,0x0000,0x0000,0x0000,0x0000,0x0000,0x0000,0x0000,
    0x0000,0x0000,0x0000,0x0000,0x0000,0x0000,0x0000,0x0000,
    0x0000,0x0000,0x0000,0x0000,0x0000,0x0000,0x0000,0x0000,
    0x0000,0x0000,0x0000,0x0000,0x0000,0x0000,0x0000,0x0000,
    0x0000,0x0000,0x0000,0x0000,0x0000,0x0000,0x0000,0x0000,
    0x0000,0x0000,0x0000,0x0000,0x0000,0x0000,0x0000,0x0000,
    0x0000,0x0000,0x0000,0x0000,0x0000,0x0000,0x0000,0x0000,
    0x0000,0x0000,0x0000,0x0000,0x0000,0x0000,0x0000,0x0000,
    0x0000,0x0000,0x0000,0x0000,0x0000,0x0000,0x0000,0x0000,
    0x0000,0x0000,0x0000,0x0000,0x0000,0x0000,0x0000,0x0000,
    0x0000,0x0000,0x0000,0x0000,0x0000,0x0000,0x0000,0x0000,
    0x0000,0x0000,0x0000,0x0000,0x0000,0x0000,0x0000,0x0000,
    0x0000,0x0000,0x0000,0x0000,0x0000,0x0000,0x0000,0x0000,
    0x0000,0x0000,0x0000,0x0000,0x0000,0x0000,0x0000,0x0000,
    0x0000,0x0000,0x0000,0x0000,0x0000,0x0000,0x0000,0x0000,
    0x0000,0x0000,0x0000,0x0000,0x0000,0x0000,0x0000,0x0000,
    0x0000,0x0000,0x0000,0x0000,0x0000,0x0000,0x0000,0x0000,
    0x0000,0x0000,0x0000,0x0000,0x0000,0x0000,0x0000,0x0000,
    0x0000,0x0000,0x0000,0x0000,0x0000,0x0000,0x0000,0x0000,
    0x0000,0x0000,0x0000,0x0000,0x0000,0x0000,0x0000,0x0000,
    0x0000,0x0000,0x0000,0x0000,0x0000,0x0000,0x0000,0x0000,
    0x0000,0x0000,0x0000,0x0000,0x0000,0x0000,0x0000,0x0000,
    0x0000,0x0000,0x0000,0x0000,0x0000,0x0000,0x0000,0x0000,
    0x0000,0x0000,0x0000,0x0000,0x0000,0x0000,0x0000,0x0000,
    0x0000,0x0000,0x0000,0x0000,0x0000,0x0000,0x0000,0x0000,
    0x0000,0x0000,0x0000,0x0000,0x0000,0x0000,0x0000,0x0000,
    0x0000,0x0000,0x0000,0x0000,0x0000,0x0000,0x0000,0x0000,
    0x0000,0x0000,0x0000,0x0000,0x0000,0x0000,0x0000,0x0000,
    0x0000,0x0000,0x0000,0x0000,0x0000,0x0000,0x0000,0x0000,
    0x0000,0x0000,0x0000,0x0000,0x0000,0x0000,0x0000,0x0000,
    0x0000,0x0000,0x0000,0x0000,0x0000,0x0000,0x0000,0x0000,
    0x0000,0x0000,0x0000,0x0000,0x0000,0x0000,0x0000,0x0000,
    0x0000,0x0000,0x0000,0x0000,0x0000,0x0000,0x0000,0x0000,
    0x0000,0x0000,0x0000,0x0000,0x0000,0x0000,0x0000,0x0000,
    0x0000,0x0000,0x0000,0x0000,0x0000,0x0000,0x0000,0x0000,
    0x0000,0x0000,0x0000,0x0000,0x0000,0x0000,0x0000,0x0000,
    0x0000,0x0000,0x0000,0x0000,0x0000,0x0000,0x0000,0x0000,
    0x0000,0x0000,0x0000,0x0000,0x0000,0x0000,0x0000,0x0000,
    0x0000,0x0000,0x0000,0x0000,0x0000,0x0000,0x0000,0x0000,
    0x0000,0x0000,0x0000,0x0000,0x0000,0x0000,0x0000,0x0000,
    0x0000,0x0000,0x0000,0x0000,0x0000,0x0000,0x0000,0x0000,
    0x0000,0x0000,0x0000,0x0000,0x0000,0x0000,0x0000,0x0000,
    0x0000,0x0000,0x0000,0x0000,0x0000,0x0000,0x0000,0x0000,
    0x0000,0x0000,0x0000,0x0000,0x0000,0x0000,0x0000,0x0000,
    0x0000,0x0000,0x0000,0x0000,0x0000,0x0000,0x0000,0x0000,
    0x0000,0x0000,0x0000,0x0000,0x0000,0x0000,0x0000,0x0000,
    0x0000,0x0000,0x0000,0x0000,0x0000,0x0000,0x0000,0x0000,
    0x0000,0x0000,0x0000,0x0000,0x0000,0x0000,0x0000,0x0000,
    0x0000,0x0000,0x0000,0x0000,0x0000,0x0000,0x0000,0x0000,
    0x0000,0x0000,0x0000,0x0000,0x0000,0x0000,0x0000,0x0000,
    0x0000,0x0000,0x0000,0x0000,0x0000,0x0000,0x0000,0x0000,
    0x0000,0x0000,0x0000,0x0000,0x0000,0x0000,0x0000,0x0000,
    0x0000,0x0000,0x0000,0x0000,0x0000,0x0000,0x0000,0x0000,
    0x0000,0x0000,0x0000,0x0000,0x0000,0x0000,0x0000,0x0000,
    0x0000,0x0000,0x0000,0x0000,0x0000,0x0000,0x0000,0x0000,
    0x0000,0x0000,0x0000,0x0000,0x0000,0x0000,0x0000,0x0000,
    0x0000,0x0000,0x0000,0x0000,0x0000,0x0000,0x0000,0x0000,
    0x0000,0x0000,0x0000,0x0000,0x0000,0x0000,0x0000,0x0000,
    0x0000,0x0000,0x0000,0x0000,0x0000,0x0000,0x0000,0x0000,
    0x0000,0x0000,0x0000,0x0000,0x0000,0x0000,0x0000,0x0000,
    0x0000,0x0000,0x0000,0x0000,0x0000,0x0000,0x0000,0x0000,
    0x0000,0x0000,0x0000,0x0000,0x0000,0x0000,0x0000,0x0000,
    0x0000,0x0000,0x0000,0x0000,0x0000,0x0000,0x0000,0x0000,
    0x0000,0x0000,0x0000,0x0000,0x0000,0x0000,0x0000,0x0000,
    0x0000,0x0000,0x0000,0x0000,0x0000,0x0000,0x0000,0x0000,
    0x0000,0x0000,0x0000,0x0000,0x0000,0x0000,0x0000,0x0000,
    0x0000,0x0000,0x0000,0x0000,0x0000,0x0000,0x0000,0x0000,
    0x0000,0x0000,0x0000,0x0000,0x0000,0x0000,0x0000,0x0000,
    0x0000,0x0000,0x0000,0x0000,0x0000,0x0000,0x0000,0x0000,
    0x0000,0x0000,0x0000,0x0000,0x0000,0x0000,0x0000,0x0000,
    0x0000,0x0000,0x0000,0x0000,0x0000,0x0000,0x0000,0x0000,
    0x0000,0x0000,0x0000,0x0000,0x0000,0x0000,0x0000,0x0000,
    0x0000,0x0000,0x0000,0x0000,0x0000,0x0000,0x0000,0x0000,
    0x0000,0x0000,0x0000,0x0000,0x0000,0x0000,0x0000,0x0000,
    0x0000,0x0000,0x0000,0x0000,0x0000,0x0000,0x0000,0x0000,
    0x0000,0x0000,0x0000,0x0000,0x0000,0x0000,0x0000,0x0000,
    0x0000,0x0000,0x0000,0x0000,0x0000,0x0000,0x0000,0x0000,
    0x0000,0x0000,0x0000,0x0000,0x0000,0x0000,0x0000,0x0000,
    0x0000,0x0000,0x0000,0x0000,0x0000,0x0000,0x0000,0x0000,
    0x0000,0x0000,0x0000,0x0000,0x0000,0x0000,0x0000,0x0000,
    0x0000,0x0000,0x0000,0x0000,0x0000,0x0000,0x0000,0x0000,
    0x0000,0x0000,0x0000,0x0000,0x0000,0x0000,0x0000,0x0000,
    0x0000,0x0000,0x0000,0x0000,0x0000,0x0000,0x0000,0x0000,
    0x0000,0x0000,0x0000,0x0000,0x0000,0x0000,0x0000,0x0000,
    0x0000,0x0000,0x0000,0x0000,0x0000,0x0000,0x0000,0x0000,
    0x0000,0x0000,0x0000,0x0000,0x0000,0x0000,0x0000,0x0000,
    0x0000,0x0000,0x0000,0x0000,0x0000,0x0000,0x0000,0x0000,
    0x0000,0x0000,0x0000,0x0000,0x0000,0x0000,0x0000,0x0000,
    0x0000,0x0000,0x0000,0x0000,0x0000,0x0000,0x0000,0x0000,
    0x0000,0x0000,0x0000,0x0000,0x0000,0x0000,0x0000,0x0000,
    0x0000,0x0000,0x0000,0x0000,0x0000,0x0000,0x0000,0x0000,
    0x0000,0x0000,0x0000,0x0000,0x0000,0x0000,0x0000,0x0000,
    0x0000,0x0000,0x0000,0x0000,0x0000,0x0000,0x0000,0x0000,
    0x0000,0x0000,0x0000,0x0000,0x0000,0x0000,0x0000,0x0000,
    0x0000,0x0000,0x0000,0x0000,0x0000,0x0000,0x0000,0x0000,
    0x0000,0x0000,0x0000,0x0000,0x0000,0x0000,0x0000,0x0000,
    0x0000,0x0000,0x0000,0x0000,0x0000,0x0000,0x0000,0x0000,
    0x0000,0x0000,0x0000,0x0000,0x0000,0x0000,0x0000,0x0000,
    0x0000,0x0000,0x0000,0x0000,0x0000,0x0000,0x0000,0x0000,
    0x0000,0x0000,0x0000,0x0000,0x0000,0x0000,0x0000,0x0000,
    0x0000,0x0000,0x0000,0x0000,0x0000,0x0000,0x0000,0x0000,
    0x0000,0x0000,0x0000,0x0000,0x0000,0x0000,0x0000,0x0000,
    0x0000,0x0000,0x0000,0x0000,0x0000,0x0000,0x0000,0x0000,
    0x0000,0x0000,0x0000,0x0000,0x0000,0x0000,0x0000,0x0000,
    0x0000,0x0000,0x0000,0x0000,0x0000,0x0000,0x0000,0x0000,
    0x0000,0x0000,0x0000,0x0000,0x0000,0x0000,0x0000,0x0000,
    0x0000,0x0000,0x0000,0x0000,0x0000,0x0000,0x0000,0x0000,
    0x0000,0x0000,0x0000,0x0000,0x0000,0x0000,0x0000,0x0000,
    0x0000,0x0000,0x0000,0x0000,0x0000,0x0000,0x0000,0x0000,
    0x0000,0x0000,0x0000,0x0000,0x0000,0x0000,0x0000,0x0000,
    0x0000,0x0000,0x0000,0x0000,0x0000,0x0000,0x0000,0x0000,
    0x0000,0x0000,0x0000,0x0000,0x0000,0x0000,0x0000,0x0000,
    0x0000,0x0000,0x0000,0x0000,0x0000,0x0000,0x0000,0x0000,
    0x0000,0x0000,0x0000,0x0000,0x0000,0x0000,0x0000,0x0000,
    0x0000,0x0000,0x0000,0x0000,0x0000,0x0000,0x0000,0x0000,
    0x0000,0x0000,0x0000,0x0000,0x0000,0x0000,0x0000,0x0000,
    0x0000,0x0000,0x0000,0x0000,0x0000,0x0000,0x0000,0x0000,
    0x0000,0x0000,0x0000,0x0000,0x0000,0x0000,0x0000,0x0000,
    0x0000,0x0000,0x0000,0x0000,0x0000,0x0000,0x0000,0x0000,
    0x0000,0x0000,0x0000,0x0000,0x0000,0x0000,0x0000,0x0000,
    0x0000,0x0000,0x0000,0x0000,0x0000,0x0000,0x0000,0x0000,
    0x0000,0x0000,0x0000,0x0000,0x0000,0x0000,0x0000,0x0000,
    0x0000,0x0000,0x0000,0x0000,0x0000,0x0000,0x0000,0x0000,
    0x0000,0x0000,0x0000,0x0000,0x0000,0x0000,0x0000,0x0000,
    0x0000,0x0000,0x0000,0x0000,0x0000,0x0000,0x0000,0x0000,
    0x0000,0x0000,0x0000,0x0000,0x0000,0x0000,0x0000,0x0000,
    0x0000,0x0000,0x0000,0x0000,0x0000,0x0000,0x0000,0x0000,
    0x0000,0x0000,0x0000,0x0000,0x0000,0x0000,0x0000,0x0000,
    0x0000,0x0000,0x0000,0x0000,0x0000,0x0000,0x0000,0x0000,
    0x0000,0x0000,0x0000,0x0000,0x0000,0x0000,0x0000,0x0000,
    0x0000,0x0000,0x0000,0x0000,0x0000,0x0000,0x0000,0x0000,
    0x0000,0x0000,0x0000,0x0000,0x0000,0x0000,0x0000,0x0000,
    0x0000,0x0000,0x0000,0x0000,0x0000,0x0000,0x0000,0x0000,
    0x0000,0x0000,0x0000,0x0000,0x0000,0x0000,0x0000,0x0000,
    0x0000,0x0000,0x0000,0x0000,0x0000,0x0000,0x0000,0x0000,
    0x0000,0x0000,0x0000,0x0000,0x0000,0x0000,0x0000,0x0000,
    0x0000,0x0000,0x0000,0x0000,0x0000,0x0000,0x0000,0x0000,
    0x0000,0x0000,0x0000,0x0000,0x0000,0x0000,0x0000,0x0000,
    0x0000,0x0000,0x0000,0x0000,0x0000,0x0000,0x0000,0x0000,
    0x0000,0x0000,0x0000,0x0000,0x0000,0x0000,0x0000,0x0000,
    0x0000,0x0000,0x0000,0x0000,0x0000,0x0000,0x0000,0x0000,
    0x0000,0x0000,0x0000,0x0000,0x0000,0x0000,0x0000,0x0000,
    0x0000,0x0000,0x0000,0x0000,0x0000,0x0000,0x0000,0x0000,
    0x0000,0x0000,0x0000,0x0000,0x0000,0x0000,0x0000,0x0000,
    0x0000,0x0000,0x0000,0x0000,0x0000,0x0000,0x0000,0x0000,
    0x0000,0x0000,0x0000,0x0000,0x0000,0x0000,0x0000,0x0000,
    0x0000,0x0000,0x0000,0x0000,0x0000,0x0000,0x0000,0x0000,
    0x0000,0x0000,0x0000,0x0000,0x0000,0x0000,0x0000,0x0000,
    0x0000,0x0000,0x0000,0x0000,0x0000,0x0000,0x0000,0x0000,
    0x0000,0x0000,0x0000,0x0000,0x0000,0x0000,0x0000,0x0000,
    0x0000,0x0000,0x0000,0x0000,0x0000,0x0000,0x0000,0x0000,
    0x0000,0x0000,0x0000,0x0000,0x0000,0x0000,0x0000,0x0000,
    0x0000,0x0000,0x0000,0x0000,0x0000,0x0000,0x0000,0x0000,
    0x0000,0x0000,0x0000,0x0000,0x0000,0x0000,0x0000,0x0000,
    0x0000,0x0000,0x0000,0x0000,0x0000,0x0000,0x0000,0x0000,
    0x0000,0x0000,0x0000,0x0000,0x0000,0x0000,0x0000,0x0000,
    0x0000,0x0000,0x0000,0x0000,0x0000,0x0000,0x0000,0x0000,
    0x0000,0x0000,0x0000,0x0000,0x0000,0x0000,0x0000,0x0000,
    0x0000,0x0000,0x0000,0x0000,0x0000,0x0000,0x0000,0x0000,
    0x0000,0x0000,0x0000,0x0000,0x0000,0x0000,0x0000,0x0000,
    0x0000,0x0000,0x0000,0x0000,0x0000,0x0000,0x0000,0x0000,
    0x0000,0x0000,0x0000,0x0000,0x0000,0x0000,0x0000,0x0000,
    0x0000,0x0000,0x0000,0x0000,0x0000,0x0000,0x0000,0x0000,
    0x0000,0x0000,0x0000,0x0000,0x0000,0x0000,0x0000,0x0000,
    0x0000,0x0000,0x0000,0x0000,0x0000,0x0000,0x0000,0x0000,
    0x0000,0x0000,0x0000,0x0000,0x0000,0x0000,0x0000,0x0000,
    0x0000,0x0000,0x0000,0x0000,0x0000,0x0000,0x0000,0x0000,
    0x0000,0x0000,0x0000,0x0000,0x0000,0x0000,0x0000,0x0000,
    0x0000,0x0000,0x0000,0x0000,0x0000,0x0000,0x0000,0x0000,
    0x0000,0x0000,0x0000,0x0000,0x0000,0x0000,0x0000,0x0000,
    0x0000,0x0000,0x0000,0x0000,0x0000,0x0000,0x0000,0x0000,
    0x0000,0x0000,0x0000,0x0000,0x0000,0x0000,0x0000,0x0000,
    0x0000,0x0000,0x0000,0x0000,0x0000,0x0000,0x0000,0x0000,
    0x0000,0x0000,0x0000,0x0000,0x0000,0x0000,0x0000,0x0000,
    0x0000,0x0000,0x0000,0x0000,0x0000,0x0000,0x0000,0x0000,
    0x0000,0x0000,0x0000,0x0000,0x0000,0x0000,0x0000,0x0000,
    0x0000,0x0000,0x0000,0x0000,0x0000,0x0000,0x0000,0x0000,
    0x0000,0x0000,0x0000,0x0000,0x0000,0x0000,0x0000,0x0000,
    0x0000,0x0000,0x0000,0x0000,0x0000,0x0000,0x0000,0x0000,
    0x0000,0x0000,0x0000,0x0000,0x0000,0x0000,0x0000,0x0000,
    0x0000,0x0000,0x0000,0x0000,0x0000,0x0000,0x0000,0x0000,
    0x0000,0x0000,0x0000,0x0000,0x0000,0x0000,0x0000,0x0000,
    0x0000,0x0000,0x0000,0x0000,0x0000,0x0000,0x0000,0x0000,
    0x0000,0x0000,0x0000,0x0000,0x0000,0x0000,0x0000,0x0000,
    0x0000,0x0000,0x0000,0x0000,0x0000,0x0000,0x0000,0x0000,
    0x0000,0x0000,0x0000,0x0000,0x0000,0x0000,0x0000,0x0000,
    0x0000,0x0000,0x0000,0x0000,0x0000,0x0000,0x0000,0x0000,
    0x0000,0x0000,0x0000,0x0000,0x0000,0x0000,0x0000,0x0000,
    0x0000,0x0000,0x0000,0x0000,0x0000,0x0000,0x0000,0x0000,
    0x0000,0x0000,0x0000,0x0000,0x0000,0x0000,0x0000,0x0000,
    0x0000,0x0000,0x0000,0x0000,0x0000,0x0000,0x0000,0x0000,
    0x0000,0x0000,0x0000,0x0000,0x0000,0x0000,0x0000,0x0000,
    0x0000,0x0000,0x0000,0x0000,0x0000,0x0000,0x0000,0x0000,
    0x0000,0x0000,0x0000,0x0000,0x0000,0x0000,0x0000,0x0000,
    0x0000,0x0000,0x0000,0x0000,0x0000,0x0000,0x0000,0x0000,
    0x0000,0x0000,0x0000,0x0000,0x0000,0x0000,0x0000,0x0000,
    0x0000,0x0000,0x0000,0x0000,0x0000,0x0000,0x0000,0x0000,
    0x0000,0x0000,0x0000,0x0000,0x0000,0x0000,0x0000,0x0000,
    0x0000,0x0000,0x0000,0x0000,0x0000,0x0000,0x0000,0x0000,
    0x0000,0x0000,0x0000,0x0000,0x0000,0x0000,0x0000,0x0000,
    0x0000,0x0000,0x0000,0x0000,0x0000,0x0000,0x0000,0x0000,
    0x0000,0x0000,0x0000,0x0000,0x0000,0x0000,0x0000,0x0000,
    0x0000,0x0000,0x0000,0x0000,0x0000,0x0000,0x0000,0x0000,
    0x0000,0x0000,0x0000,0x0000,0x0000,0x0000,0x0000,0x0000,
    0x0000,0x0000,0x0000,0x0000,0x0000,0x0000,0x0000,0x0000,
    0x0000,0x0000,0x0000,0x0000,0x0000,0x0000,0x0000,0x0000,
    0x0000,0x0000,0x0000,0x0000,0x0000,0x0000,0x0000,0x0000,
    0x0000,0x0000,0x0000,0x0000,0x0000,0x0000,0x0000,0x0000,
    0x0000,0x0000,0x0000,0x0000,0x0000,0x0000,0x0000,0x0000,
    0x0000,0x0000,0x0000,0x0000,0x0000,0x0000,0x0000,0x0000,
    0x0000,0x0000,0x0000,0x0000,0x0000,0x0000,0x0000,0x0000,
    0x0000,0x0000,0x0000,0x0000,0x0000,0x0000,0x0000,0x0000,
    0x0000,0x0000,0x0000,0x0000,0x0000,0x0000,0x0000,0x0000,
    0x0000,0x0000,0x0000,0x0000,0x0000,0x0000,0x0000,0x0000,
    0x0000,0x0000,0x0000,0x0000,0x0000,0x0000,0x0000,0x0000,
    0x0000,0x0000,0x0000,0x0000,0x0000,0x0000,0x0000,0x0000,
    0x0000,0x0000,0x0000,0x0000,0x0000,0x0000,0x0000,0x0000,
    0x0000,0x0000,0x0000,0x0000,0x0000,0x0000,0x0000,0x0000,
    0x0000,0x0000,0x0000,0x0000,0x0000,0x0000,0x0000,0x0000,
    0x0000,0x0000,0x0000,0x0000,0x0000,0x0000,0x0000,0x0000,
    0x0000,0x0000,0x0000,0x0000,0x0000,0x0000,0x0000,0x0000,
    0x0000,0x0000,0x0000,0x0000,0x0000,0x0000,0x0000,0x0000,
    0x0000,0x0000,0x0000,0x0000,0x0000,0x0000,0x0000,0x0000,
    0x0000,0x0000,0x0000,0x0000,0x0000,0x0000,0x0000,0x0000,
    0x0000,0x0000,0x0000,0x0000,0x0000,0x0000,0x0000,0x0000,
    0x0000,0x0000,0x0000,0x0000,0x0000,0x0000,0x0000,0x0000,
    0x0000,0x0000,0x0000,0x0000,0x0000,0x0000,0x0000,0x0000,
    0x0000,0x0000,0x0000,0x0000,0x0000,0x0000,0x0000,0x0000,
    0x0000,0x0000,0x0000,0x0000,0x0000,0x0000,0x0000,0x0000,
    0x0000,0x0000,0x0000,0x0000,0x0000,0x0000,0x0000,0x0000,
    0x0000,0x0000,0x0000,0x0000,0x0000,0x0000,0x0000,0x0000,
    0x0000,0x0000,0x0000,0x0000,0x0000,0x0000,0x0000,0x0000,
    0x0000,0x0000,0x0000,0x0000,0x0000,0x0000,0x0000,0x0000,
    0x0000,0x0000,0x0000,0x0000,0x0000,0x0000,0x0000,0x0000,
    0x0000,0x0000,0x0000,0x0000,0x0000,0x0000,0x0000,0x0000,
    0x0000,0x0000,0x0000,0x0000,0x0000,0x0000,0x0000,0x0000,
    0x0000,0x0000,0x0000,0x0000,0x0000,0x0000,0x0000,0x0000,
    0x0000,0x0000,0x0000,0x0000,0x0000,0x0000,0x0000,0x0000,
    0x0000,0x0000,0x0000,0x0000,0x0000,0x0000,0x0000,0x0000,
    0x0000,0x0000,0x0000,0x0000,0x0000,0x0000,0x0000,0x0000,
    0x0000,0x0000,0x0000,0x0000,0x0000,0x0000,0x0000,0x0000,
    0x0000,0x0000,0x0000,0x0000,0x0000,0x0000,0x0000,0x0000,
    0x0000,0x0000,0x0000,0x0000,0x0000,0x0000,0x0000,0x0000,
    0x0000,0x0000,0x0000,0x0000,0x0000,0x0000,0x0000,0x0000,
    0x0000,0x0000,0x0000,0x0000,0x0000,0x0000,0x0000,0x0000,
    0x0000,0x0000,0x0000,0x0000,0x0000,0x0000,0x0000,0x0000,
    0x0000,0x0000,0x0000,0x0000,0x0000,0x0000,0x0000,0x0000,
    0x0000,0x0000,0x0000,0x0000,0x0000,0x0000,0x0000,0x0000,
    0x0000,0x0000,0x0000,0x0000,0x0000,0x0000,0x0000,0x0000,
    0x0000,0x0000,0x0000,0x0000,0x0000,0x0000,0x0000,0x0000,
    0x0000,0x0000,0x0000,0x0000,0x0000,0x0000,0x0000,0x0000,
    0x0000,0x0000,0x0000,0x0000,0x0000,0x0000,0x0000,0x0000,
    0x0000,0x0000,0x0000,0x0000,0x0000,0x0000,0x0000,0x0000,
    0x0000,0x0000,0x0000,0x0000,0x0000,0x0000,0x0000,0x0000,
    0x0000,0x0000,0x0000,0x0000,0x0000,0x0000,0x0000,0x0000,
    0x0000,0x0000,0x0000,0x0000,0x0000,0x0000,0x0000,0x0000,
    0x0000,0x0000,0x0000,0x0000,0x0000,0x0000,0x0000,0x0000,
    0x0000,0x0000,0x0000,0x0000,0x0000,0x0000,0x0000,0x0000,
    0x0000,0x0000,0x0000,0x0000,0x0000,0x0000,0x0000,0x0000,
    0x0000,0x0000,0x0000,0x0000,0x0000,0x0000,0x0000,0x0000,
    0x0000,0x0000,0x0000,0x0000,0x0000,0x0000,0x0000,0x0000,
    0x0000,0x0000,0x0000,0x0000,0x0000,0x0000,0x0000,0x0000,
    0x0000,0x0000,0x0000,0x0000,0x0000,0x0000,0x0000,0x0000,
    0x0000,0x0000,0x0000,0x0000,0x0000,0x0000,0x0000,0x0000,
    0x0000,0x0000,0x0000,0x0000,0x0000,0x0000,0x0000,0x0000,
    0x0000,0x0000,0x0000,0x0000,0x0000,0x0000,0x0000,0x0000,
    0x0000,0x0000,0x0000,0x0000,0x0000,0x0000,0x0000,0x0000,
    0x0000,0x0000,0x0000,0x0000,0x0000,0x0000,0x0000,0x0000,
    0x0000,0x0000,0x0000,0x0000,0x0000,0x0000,0x0000,0x0000,
    0x0000,0x0000,0x0000,0x0000,0x0000,0x0000,0x0000,0x0000,
    0x0000,0x0000,0x0000,0x0000,0x0000,0x0000,0x0000,0x0000,
    0x0000,0x0000,0x0000,0x0000,0x0000,0x0000,0x0000,0x0000,
    0x0000,0x0000,0x0000,0x0000,0x0000,0x0000,0x0000,0x0000,
    0x0000,0x0000,0x0000,0x0000,0x0000,0x0000,0x0000,0x0000,
    0x0000,0x0000,0x0000,0x0000,0x0000,0x0000,0x0000,0x0000,
    0x0000,0x0000,0x0000,0x0000,0x0000,0x0000,0x0000,0x0000,
    0x0000,0x0000,0x0000,0x0000,0x0000,0x0000,0x0000,0x0000,
    0x0000,0x0000,0x0000,0x0000,0x0000,0x0000,0x0000,0x0000,
    0x0000,0x0000,0x0000,0x0000,0x0000,0x0000,0x0000,0x0000,
    0x0000,0x0000,0x0000,0x0000,0x0000,0x0000,0x0000,0x0000,
    0x0000,0x0000,0x0000,0x0000,0x0000,0x0000,0x0000,0x0000,
    0x0000,0x0000,0x0000,0x0000,0x0000,0x0000,0x0000,0x0000,
    0x0000,0x0000,0x0000,0x0000,0x0000,0x0000,0x0000,0x0000,
    0x0000,0x0000,0x0000,0x0000,0x0000,0x0000,0x0000,0x0000,
    0x0000,0x0000,0x0000,0x0000,0x0000,0x0000,0x0000,0x0000,
    0x0000,0x0000,0x0000,0x0000,0x0000,0x0000,0x0000,0x0000,
    0x0000,0x0000,0x0000,0x0000,0x0000,0x0000,0x0000,0x0000,
    0x0000,0x0000,0x0000,0x0000,0x0000,0x0000,0x0000,0x0000,
    0x0000,0x0000,0x0000,0x0000,0x0000,0x0000,0x0000,0x0000,
    0x0000,0x0000,0x0000,0x0000,0x0000,0x0000,0x0000,0x0000,
    0x0000,0x0000,0x0000,0x0000,0x0000,0x0000,0x0000,0x0000,
    0x0000,0x0000,0x0000,0x0000,0x0000,0x0000,0x0000,0x0000,
    0x0000,0x0000,0x0000,0x0000,0x0000,0x0000,0x0000,0x0000,
    0x0000,0x0000,0x0000,0x0000,0x0000,0x0000,0x0000,0x0000,
    0x0000,0x0000,0x0000,0x0000,0x0000,0x0000,0x0000,0x0000,
    0x0000,0x0000,0x0000,0x0000,0x0000,0x0000,0x0000,0x0000,
    0x0000,0x0000,0x0000,0x0000,0x0000,0x0000,0x0000,0x0000,
    0x0000,0x0000,0x0000,0x0000,0x0000,0x0000,0x0000,0x0000,
    0x0000,0x0000,0x0000,0x0000,0x0000,0x0000,0x0000,0x0000,
    0x0000,0x0000,0x0000,0x0000,0x0000,0x0000,0x0000,0x0000,
    0x0000,0x0000,0x0000,0x0000,0x0000,0x0000,0x0000,0x0000,
    0x0000,0x0000,0x0000,0x0000,0x0000,0x0000,0x0000,0x0000,
    0x0000,0x0000,0x0000,0x0000,0x0000,0x0000,0x0000,0x0000,
    0x0000,0x0000,0x0000,0x0000,0x0000,0x0000,0x0000,0x0000,
    0x0000,0x0000,0x0000,0x0000,0x0000,0x0000,0x0000,0x0000,
    0x0000,0x0000,0x0000,0x0000,0x0000,0x0000,0x0000,0x0000,
    0x0000,0x0000,0x0000,0x0000,0x0000,0x0000,0x0000,0x0000,
    0x0000,0x0000,0x0000,0x0000,0x0000,0x0000,0x0000,0x0000,
    0x0000,0x0000,0x0000,0x0000,0x0000,0x0000,0x0000,0x0000,
    0x0000,0x0000,0x0000,0x0000,0x0000,0x0000,0x0000,0x0000,
    0x0000,0x0000,0x0000,0x0000,0x0000,0x0000,0x0000,0x0000,
    0x0000,0x0000,0x0000,0x0000,0x0000,0x0000,0x0000,0x0000,
    0x0000,0x0000,0x0000,0x0000,0x0000,0x0000,0x0000,0x0000,
    0x0000,0x0000,0x0000,0x0000,0x0000,0x0000,0x0000,0x0000,
    0x0000,0x0000,0x0000,0x0000,0x0000,0x0000,0x0000,0x0000,
    0x0000,0x0000,0x0000,0x0000,0x0000,0x0000,0x0000,0x0000,
    0x65BF,0x0000,0x0000,0x0000,0x0000,0x0000,0x0000,0x0000,
    0x0000,0x0000,0x0000,0x0000,0x0000,0x0000,0x0000,0x0000,
    0x0000,0x0000,0x0000,0x0000,0x0000,0x0000,0x0000,0x0000,
    0x0000,0x0000,0x0000,0x0000,0x0000,0x0000,0x0000,0x0000,
    0x0000,0x0000,0x0000,0x0000,0x0000,0x0000,0x0000,0x0000,
    0x0000,0x0000,0x0000,0x0000,0x0000,0x0000,0x0000,0x0000,
    0x0000,0x0000,0x0000,0x0000,0x0000,0x0000,0x0000,0x0000,
    0x0000,0x0000,0x0000,0x0000,0x0000,0x0000,0x0000,0x0000,
    0x0000,0x0000,0x0000,0x0000,0x0000,0x0000,0x0000,0x0000,
    0x0000,0x0000,0x0000,0x0000,0x0000,0x0000,0x0000,0x0000,
    0x0000,0x0000,0x0000,0x0000,0x0000,0x0000,0x0000,0x0000,
    0x0000,0x0000,0x0000,0x0000,0x0000,0x0000,0x0000,0x0000,
    0x0000,0x0000,0x0000,0x0000,0x0000,0x0000,0x0000,0x0000,
    0x0000,0x0000,0x0000,0x0000,0x0000,0x0000,0x0000,0x0000,
    0x0000,0x0000,0x0000,0x0000,0x0000,0x0000,0x65BF,0x65BF,
    0x65BF,0x65BF,0x65BF,0x65BF,0x65BF,0x65BF,0x65BF,0x65BF,
    0x65BF,0x65BF,0x65BF,0x65BF,0x65BF,0x65BF,0x65BF,0x65BF,
    0x65BF,0x65BF,0x65BF,0x0000,0x0000,0x0000,0x0000,0x0000,
    0x0000,0x0000,0x0000,0x0000,0x0000,0x0000,0x0000,0x0000,
    0x0000,0x0000,0x0000,0x0000,0x0000,0x0000,0x0000,0x0000,
    0x0000,0x0000,0x0000,0x0000,0x0000,0x0000,0x0000,0x0000,
    0x0000,0x0000,0x0000,0x0000,0x0000,0x0000,0x0000,0x0000,
    0x0000,0x0000,0x0000,0x0000,0x0000,0x0000,0x0000,0x0000,
    0x0000,0x0000,0x0000,0x0000,0x0000,0x0000,0x0000,0x0000,
    0x0000,0x0000,0x0000,0x0000,0x0000,0x0000,0x0000,0x0000,
    0x0000,0x0000,0x0000,0x0000,0x0000,0x0000,0x0000,0x0000,
    0x0000,0x0000,0x0000,0x0000,0x0000,0x0000,0x0000,0x0000,
    0x0000,0x0000,0x0000,0x0000,0x0000,0x0000,0x0000,0x0000,
    0x0000,0x0000,0x0000,0x0000,0x0000,0x0000,0x0000,0x0000,
    0x0000,0x0000,0x0000,0x0000,0x0000,0x0000,0x0000,0x0000,
    0x0000,0x0000,0x65BF,0x65BF,0x65BF,0x65BF,0x65BF,0x65BF,
    0x65BF,0x65BF,0x65BF,0x65BF,0x65BF,0x65BF,0x65BF,0x65BF,
    0x65BF,0x65BF,0x65BF,0x65BF,0x65BF,0x65BF,0x65BF,0x65BF,
    0x65BF,0x65BF,0x65BF,0x65BF,0x65BF,0x65BF,0x65BF,0x0000,
    0x0000,0x0000,0x0000,0x0000,0x0000,0x0000,0x0000,0x0000,
    0x0000,0x0000,0x0000,0x0000,0x0000,0x0000,0x0000,0x0000,
    0x0000,0x0000,0x0000,0x0000,0x0000,0x0000,0x0000,0x0000,
    0x0000,0x0000,0x0000,0x0000,0x0000,0x0000,0x0000,0x0000,
    0x0000,0x0000,0x0000,0x0000,0x0000,0x0000,0x0000,0x0000,
    0x0000,0x0000,0x0000,0x0000,0x0000,0x0000,0x0000,0x0000,
    0x0000,0x0000,0x0000,0x0000,0x0000,0x0000,0x0000,0x0000,
    0x0000,0x0000,0x0000,0x0000,0x0000,0x0000,0x0000,0x0000,
    0x0000,0x0000,0x0000,0x0000,0x0000,0x0000,0x0000,0x0000,
    0x0000,0x0000,0x0000,0x0000,0x0000,0x0000,0x0000,0x0000,
    0x0000,0x0000,0x0000,0x0000,0x0000,0x0000,0x0000,0x0000,
    0x0000,0x0000,0x0000,0x0000,0x0000,0x0000,0x0000,0x65BF,
    0x65BF,0x65BF,0x65BF,0x65BF,0x65BF,0x65BF,0x65BF,0x65BF,
    0x65BF,0x65BF,0x65BF,0x65BF,0x65BF,0x65BF,0x65BF,0x65BF,
    0x65BF,0x65BF,0x65BF,0x65BF,0x65BF,0x65BF,0x65BF,0x65BF,
    0x65BF,0x65BF,0x65BF,0x65BF,0x65BF,0x65BF,0x65BF,0x65BF,
    0x65BF,0x65BF,0x0000,0x0000,0x0000,0x0000,0x0000,0x0000,
    0x0000,0x0000,0x0000,0x0000,0x0000,0x0000,0x0000,0x0000,
    0x0000,0x0000,0x0000,0x0000,0x0000,0x0000,0x0000,0x0000,
    0x0000,0x0000,0x0000,0x0000,0x0000,0x0000,0x0000,0x0000,
    0x0000,0x0000,0x0000,0x0000,0x0000,0x0000,0x0000,0x0000,
    0x0000,0x0000,0x0000,0x0000,0x0000,0x0000,0x0000,0x0000,
    0x0000,0x0000,0x0000,0x0000,0x0000,0x0000,0x0000,0x0000,
    0x0000,0x0000,0x0000,0x0000,0x0000,0x0000,0x0000,0x0000,
    0x0000,0x0000,0x0000,0x0000,0x0000,0x0000,0x0000,0x0000,
    0x0000,0x0000,0x0000,0x0000,0x0000,0x0000,0x0000,0x0000,
    0x0000,0x0000,0x0000,0x0000,0x0000,0x0000,0x0000,0x0000,
    0x0000,0x0000,0x0000,0x0000,0x65BF,0x65BF,0x65BF,0x65BF,
    0x65BF,0x65BF,0x65BF,0x65BF,0x65BF,0x65BF,0x65BF,0x65BF,
    0x65BF,0x65BF,0x65BF,0x65BF,0x65BF,0x65BF,0x65BF,0x65BF,
    0x65BF,0x65BF,0x65BF,0x65BF,0x65BF,0x65BF,0x65BF,0x65BF,
    0x65BF,0x65BF,0x65BF,0x65BF,0x65BF,0x65BF,0x65BF,0x65BF,
    0x65BF,0x65BF,0x65BF,0x65BF,0x65BF,0x0000,0x0000,0x0000,
    0x0000,0x0000,0x0000,0x0000,0x0000,0x0000,0x0000,0x0000,
    0x0000,0x0000,0x0000,0x0000,0x0000,0x0000,0x0000,0x0000,
    0x0000,0x0000,0x0000,0x0000,0x0000,0x0000,0x0000,0x0000,
    0x0000,0x0000,0x0000,0x0000,0x0000,0x0000,0x0000,0x0000,
    0x0000,0x0000,0x0000,0x0000,0x0000,0x0000,0x0000,0x0000,
    0x0000,0x0000,0x0000,0x0000,0x0000,0x0000,0x0000,0x0000,
    0x0000,0x0000,0x0000,0x0000,0x0000,0x0000,0x0000,0x0000,
    0x0000,0x0000,0x0000,0x0000,0x0000,0x0000,0x0000,0x0000,
    0x0000,0x0000,0x0000,0x0000,0x0000,0x0000,0x0000,0x0000,
    0x0000,0x0000,0x0000,0x0000,0x0000,0x0000,0x0000,0x0000,
    0x0000,0x0000,0x65BF,0x65BF,0x65BF,0x65BF,0x65BF,0x65BF,
    0x65BF,0x65BF,0x65BF,0x65BF,0x65BF,0x65BF,0x65BF,0x65BF,
    0x65BF,0x65BF,0x65BF,0x65BF,0x65BF,0x65BF,0x65BF,0x65BF,
    0x65BF,0x65BF,0x65BF,0x65BF,0x65BF,0x65BF,0x65BF,0x65BF,
    0x65BF,0x65BF,0x65BF,0x65BF,0x65BF,0x65BF,0x65BF,0x65BF,
    0x65BF,0x65BF,0x65BF,0x65BF,0x65BF,0x65BF,0x65BF,0x0000,
    0x0000,0x0000,0x0000,0x0000,0x0000,0x0000,0x0000,0x0000,
    0x0000,0x0000,0x0000,0x0000,0x0000,0x0000,0x0000,0x0000,
    0x0000,0x0000,0x0000,0x0000,0x0000,0x0000,0x0000,0x0000,
    0x0000,0x0000,0x0000,0x0000,0x0000,0x0000,0x0000,0x0000,
    0x0000,0x0000,0x0000,0x0000,0x0000,0x0000,0x0000,0x0000,
    0x0000,0x0000,0x0000,0x0000,0x0000,0x0000,0x0000,0x0000,
    0x0000,0x0000,0x0000,0x0000,0x0000,0x0000,0x0000,0x0000,
    0x0000,0x0000,0x0000,0x0000,0x0000,0x0000,0x0000,0x0000,
    0x0000,0x0000,0x0000,0x0000,0x0000,0x0000,0x0000,0x0000,
    0x0000,0x0000,0x0000,0x0000,0x0000,0x0000,0x0000,0x0000,
    0x65BF,0x65BF,0x65BF,0x65BF,0x65BF,0x65BF,0x65BF,0x65BF,
    0x65BF,0x65BF,0x65BF,0x65BF,0x65BF,0x65BF,0x65BF,0x65BF,
    0x65BF,0x65BF,0x65BF,0x65BF,0x65BF,0x65BF,0x65BF,0x65BF,
    0x65BF,0x65BF,0x65BF,0x65BF,0x65BF,0x65BF,0x65BF,0x65BF,
    0x65BF,0x65BF,0x65BF,0x65BF,0x65BF,0x65BF,0x65BF,0x65BF,
    0x65BF,0x65BF,0x65BF,0x65BF,0x65BF,0x65BF,0x65BF,0x65BF,
    0x65BF,0x0000,0x0000,0x0000,0x0000,0x0000,0x0000,0x0000,
    0x0000,0x0000,0x0000,0x0000,0x0000,0x0000,0x0000,0x0000,
    0x0000,0x0000,0x0000,0x0000,0x0000,0x0000,0x0000,0x0000,
    0x0000,0x0000,0x0000,0x0000,0x0000,0x0000,0x0000,0x0000,
    0x0000,0x0000,0x0000,0x0000,0x0000,0x0000,0x0000,0x0000,
    0x0000,0x0000,0x0000,0x0000,0x0000,0x0000,0x0000,0x0000,
    0x0000,0x0000,0x0000,0x0000,0x0000,0x0000,0x0000,0x0000,
    0x0000,0x0000,0x0000,0x0000,0x0000,0x0000,0x0000,0x0000,
    0x0000,0x0000,0x0000,0x0000,0x0000,0x0000,0x0000,0x0000,
    0x0000,0x0000,0x0000,0x0000,0x0000,0x0000,0x65BF,0x65BF,
    0x65BF,0x65BF,0x65BF,0x65BF,0x65BF,0x65BF,0x65BF,0x65BF,
    0x65BF,0x65BF,0x65BF,0x65BF,0x65BF,0x65BF,0x65BF,0x65BF,
    0x65BF,0x65BF,0x65BF,0x65BF,0x65BF,0x65BF,0x65BF,0x65BF,
    0x65BF,0x65BF,0x65BF,0x65BF,0x65BF,0x65BF,0x65BF,0x65BF,
    0x65BF,0x65BF,0x65BF,0x65BF,0x65BF,0x65BF,0x65BF,0x65BF,
    0x65BF,0x65BF,0x65BF,0x65BF,0x65BF,0x65BF,0x65BF,0x65BF,
    0x65BF,0x65BF,0x65BF,0x0000,0x0000,0x0000,0x0000,0x0000,
    0x0000,0x0000,0x0000,0x0000,0x0000,0x0000,0x0000,0x0000,
    0x0000,0x0000,0x0000,0x0000,0x0000,0x0000,0x0000,0x0000,
    0x0000,0x0000,0x0000,0x0000,0x0000,0x0000,0x0000,0x0000,
    0x0000,0x0000,0x0000,0x0000,0x0000,0x0000,0x0000,0x0000,
    0x0000,0x0000,0x0000,0x0000,0x0000,0x0000,0x0000,0x0000,
    0x0000,0x0000,0x0000,0x0000,0x0000,0x0000,0x0000,0x0000,
    0x0000,0x0000,0x0000,0x0000,0x0000,0x0000,0x0000,0x0000,
    0x0000,0x0000,0x0000,0x0000,0x0000,0x0000,0x0000,0x0000,
    0x0000,0x0000,0x0000,0x0000,0x65BF,0x65BF,0x65BF,0x65BF,
    0x65BF,0x65BF,0x65BF,0x65BF,0x65BF,0x65BF,0x65BF,0x65BF,
    0x65BF,0x65BF,0x65BF,0x65BF,0x65BF,0x65BF,0x65BF,0x65BF,
    0x65BF,0x65BF,0x65BF,0x65BF,0x65BF,0x65BF,0x65BF,0x65BF,
    0x65BF,0x65BF,0x65BF,0x65BF,0x65BF,0x65BF,0x65BF,0x65BF,
    0x65BF,0x65BF,0x65BF,0x65BF,0x65BF,0x65BF,0x65BF,0x65BF,
    0x65BF,0x65BF,0x65BF,0x65BF,0x65BF,0x65BF,0x65BF,0x65BF,
    0x65BF,0x65BF,0x65BF,0x65BF,0x65BF,0x0000,0x0000,0x0000,
    0x0000,0x0000,0x0000,0x0000,0x0000,0x0000,0x0000,0x0000,
    0x0000,0x0000,0x0000,0x0000,0x0000,0x0000,0x0000,0x0000,
    0x0000,0x0000,0x0000,0x0000,0x0000,0x0000,0x0000,0x0000,
    0x0000,0x0000,0x0000,0x0000,0x0000,0x0000,0x0000,0x0000,
    0x0000,0x0000,0x0000,0x0000,0x0000,0x0000,0x0000,0x0000,
    0x0000,0x0000,0x0000,0x0000,0x0000,0x0000,0x0000,0x0000,
    0x0000,0x0000,0x0000,0x0000,0x0000,0x0000,0x0000,0x0000,
    0x0000,0x0000,0x0000,0x0000,0x0000,0x0000,0x0000,0x0000,
    0x0000,0x0000,0x65BF,0x65BF,0x65BF,0x65BF,0x65BF,0x65BF,
    0x65BF,0x65BF,0x65BF,0x65BF,0x65BF,0x65BF,0x65BF,0x65BF,
    0x65BF,0x65BF,0x65BF,0x65BF,0x65BF,0x65BF,0x65BF,0x65BF,
    0x65BF,0x65BF,0x65BF,0x65BF,0x65BF,0x65BF,0x65BF,0x65BF,
    0x65BF,0x65BF,0x65BF,0x65BF,0x65BF,0x65BF,0x65BF,0x65BF,
    0x65BF,0x65BF,0x65BF,0x65BF,0x65BF,0x65BF,0x65BF,0x65BF,
    0x65BF,0x65BF,0x65BF,0x65BF,0x65BF,0x65BF,0x65BF,0x65BF,
    0x65BF,0x65BF,0x65BF,0x65BF,0x65BF,0x65BF,0x65BF,0x0000,
    0x0000,0x0000,0x0000,0x0000,0x0000,0x0000,0x0000,0x0000,
    0x0000,0x0000,0x0000,0x0000,0x0000,0x0000,0x0000,0x0000,
    0x0000,0x0000,0x0000,0x0000,0x0000,0x0000,0x0000,0x0000,
    0x0000,0x0000,0x0000,0x0000,0x0000,0x0000,0x0000,0x0000,
    0x0000,0x0000,0x0000,0x0000,0x0000,0x0000,0x0000,0x0000,
    0x0000,0x0000,0x0000,0x0000,0x0000,0x0000,0x0000,0x0000,
    0x0000,0x0000,0x0000,0x0000,0x0000,0x0000,0x0000,0x0000,
    0x0000,0x0000,0x0000,0x0000,0x0000,0x0000,0x0000,0x0000,
    0x0000,0x65BF,0x65BF,0x65BF,0x65BF,0x65BF,0x65BF,0x65BF,
    0x65BF,0x65BF,0x65BF,0x65BF,0x65BF,0x65BF,0x65BF,0x65BF,
    0x65BF,0x65BF,0x65BF,0x65BF,0x65BF,0x65BF,0x65BF,0x65BF,
    0x65BF,0x65BF,0x65BF,0x65BF,0x65BF,0x65BF,0x65BF,0x65BF,
    0x65BF,0x65BF,0x65BF,0x65BF,0x65BF,0x65BF,0x65BF,0x65BF,
    0x65BF,0x65BF,0x65BF,0x65BF,0x65BF,0x65BF,0x65BF,0x65BF,
    0x65BF,0x65BF,0x65BF,0x65BF,0x65BF,0x65BF,0x65BF,0x65BF,
    0x65BF,0x65BF,0x65BF,0x65BF,0x65BF,0x65BF,0x65BF,0x65BF,
    0x0000,0x0000,0x0000,0x0000,0x0000,0x0000,0x0000,0x0000,
    0x0000,0x0000,0x0000,0x0000,0x0000,0x0000,0x0000,0x0000,
    0x0000,0x0000,0x0000,0x0000,0x0000,0x0000,0x0000,0x0000,
    0x0000,0x0000,0x0000,0x0000,0x0000,0x0000,0x0000,0x0000,
    0x0000,0x0000,0x0000,0x0000,0x0000,0x0000,0x0000,0x0000,
    0x0000,0x0000,0x0000,0x0000,0x0000,0x0000,0x0000,0x0000,
    0x0000,0x0000,0x0000,0x0000,0x0000,0x0000,0x0000,0x0000,
    0x0000,0x0000,0x0000,0x0000,0x0000,0x0000,0x0000,0x65BF,
    0x65BF,0x65BF,0x65BF,0x65BF,0x65BF,0x65BF,0x65BF,0x65BF,
    0x65BF,0x65BF,0x65BF,0x65BF,0x65BF,0x65BF,0x65BF,0x65BF,
    0x65BF,0x65BF,0x65BF,0x65BF,0x65BF,0x65BF,0x65BF,0x65BF,
    0x65BF,0x65BF,0x65BF,0x65BF,0x65BF,0x65BF,0x65BF,0x65BF,
    0x65BF,0x65BF,0x65BF,0x65BF,0x65BF,0x65BF,0x65BF,0x65BF,
    0x65BF,0x65BF,0x65BF,0x65BF,0x65BF,0x65BF,0x65BF,0x65BF,
    0x65BF,0x65BF,0x65BF,0x65BF,0x65BF,0x65BF,0x65BF,0x65BF,
    0x65BF,0x65BF,0x65BF,0x65BF,0x65BF,0x65BF,0x65BF,0x65BF,
    0x65BF,0x65BF,0x0000,0x0000,0x0000,0x0000,0x0000,0x0000,
    0x0000,0x0000,0x0000,0x0000,0x0000,0x0000,0x0000,0x0000,
    0x0000,0x0000,0x0000,0x0000,0x0000,0x0000,0x0000,0x0000,
    0x0000,0x0000,0x0000,0x0000,0x0000,0x0000,0x0000,0x0000,
    0x0000,0x0000,0x0000,0x0000,0x0000,0x0000,0x0000,0x0000,
    0x0000,0x0000,0x0000,0x0000,0x0000,0x0000,0x0000,0x0000,
    0x0000,0x0000,0x0000,0x0000,0x0000,0x0000,0x0000,0x0000,
    0x0000,0x0000,0x0000,0x0000,0x0000,0x0000,0x65BF,0x65BF,
    0x65BF,0x65BF,0x65BF,0x65BF,0x65BF,0x65BF,0x65BF,0x65BF,
    0x65BF,0x65BF,0x65BF,0x65BF,0x65BF,0x65BF,0x65BF,0x65BF,
    0x65BF,0x65BF,0x65BF,0x65BF,0x65BF,0x65BF,0x65BF,0x65BF,
    0x65BF,0x65BF,0x65BF,0x65BF,0x65BF,0x65BF,0x65BF,0x65BF,
    0x65BF,0x65BF,0x65BF,0x65BF,0x65BF,0x65BF,0x65BF,0x65BF,
    0x65BF,0x65BF,0x65BF,0x65BF,0x65BF,0x65BF,0x65BF,0x65BF,
    0x65BF,0x65BF,0x65BF,0x65BF,0x65BF,0x65BF,0x65BF,0x65BF,
    0x65BF,0x65BF,0x65BF,0x65BF,0x65BF,0x65BF,0x65BF,0x65BF,
    0x65BF,0x65BF,0x65BF,0x0000,0x0000,0x0000,0x0000,0x0000,
    0x0000,0x0000,0x0000,0x0000,0x0000,0x0000,0x0000,0x0000,
    0x0000,0x0000,0x0000,0x0000,0x0000,0x0000,0x0000,0x0000,
    0x0000,0x0000,0x0000,0x0000,0x0000,0x0000,0x0000,0x0000,
    0x0000,0x0000,0x0000,0x0000,0x0000,0x0000,0x0000,0x0000,
    0x0000,0x0000,0x0000,0x0000,0x0000,0x0000,0x0000,0x0000,
    0x0000,0x0000,0x0000,0x0000,0x0000,0x0000,0x0000,0x0000,
    0x0000,0x0000,0x0000,0x0000,0x0000,0x65BF,0x65BF,0x65BF,
    0x65BF,0x65BF,0x65BF,0x65BF,0x65BF,0x65BF,0x65BF,0x65BF,
    0x65BF,0x65BF,0x65BF,0x65BF,0x65BF,0x65BF,0x65BF,0x65BF,
    0x65BF,0x65BF,0x65BF,0x65BF,0x65BF,0x65BF,0x65BF,0x65BF,
    0x65BF,0x65BF,0x65BF,0x65BF,0x65BF,0x65BF,0x65BF,0x65BF,
    0x65BF,0x65BF,0x65BF,0x65BF,0x65BF,0x65BF,0x65BF,0x65BF,
    0x65BF,0x65BF,0x65BF,0x65BF,0x65BF,0x65BF,0x65BF,0x65BF,
    0x65BF,0x65BF,0x65BF,0x65BF,0x65BF,0x65BF,0x65BF,0x65BF,
    0x65BF,0x65BF,0x65BF,0x65BF,0x65BF,0x65BF,0x65BF,0x65BF,
    0x65BF,0x65BF,0x65BF,0x65BF,0x0000,0x0000,0x0000,0x0000,
    0x0000,0x0000,0x0000,0x0000,0x0000,0x0000,0x0000,0x0000,
    0x0000,0x0000,0x0000,0x0000,0x0000,0x0000,0x0000,0x0000,
    0x0000,0x0000,0x0000,0x0000,0x0000,0x0000,0x0000,0x0000,
    0x0000,0x0000,0x0000,0x0000,0x0000,0x0000,0x0000,0x0000,
    0x0000,0x0000,0x0000,0x0000,0x0000,0x0000,0x0000,0x0000,
    0x0000,0x0000,0x0000,0x0000,0x0000,0x0000,0x0000,0x0000,
    0x0000,0x0000,0x0000,0x0000,0x65BF,0x65BF,0x65BF,0x65BF,
    0x65BF,0x65BF,0x65BF,0x65BF,0x65BF,0x65BF,0x65BF,0x65BF,
    0x65BF,0x65BF,0x65BF,0x65BF,0x65BF,0x65BF,0x65BF,0x65BF,
    0x65BF,0x65BF,0x65BF,0x65BF,0x65BF,0x65BF,0x65BF,0x65BF,
    0x65BF,0x65BF,0x65BF,0x65BF,0x65BF,0x65BF,0x65BF,0x65BF,
    0x65BF,0x65BF,0x65BF,0x65BF,0x65BF,0x65BF,0x65BF,0x65BF,
    0x65BF,0x65BF,0x65BF,0x65BF,0x65BF,0x65BF,0x65BF,0x65BF,
    0x65BF,0x65BF,0x65BF,0x65BF,0x65BF,0x65BF,0x65BF,0x65BF,
    0x65BF,0x65BF,0x65BF,0x65BF,0x65BF,0x65BF,0x65BF,0x65BF,
    0x65BF,0x65BF,0x65BF,0x65BF,0x65BF,0x0000,0x0000,0x0000,
    0x0000,0x0000,0x0000,0x0000,0x0000,0x0000,0x0000,0x0000,
    0x0000,0x0000,0x0000,0x0000,0x0000,0x0000,0x0000,0x0000,
    0x0000,0x0000,0x0000,0x0000,0x0000,0x0000,0x0000,0x0000,
    0x0000,0x0000,0x0000,0x0000,0x0000,0x0000,0x0000,0x0000,
    0x0000,0x0000,0x0000,0x0000,0x0000,0x0000,0x0000,0x0000,
    0x0000,0x0000,0x0000,0x0000,0x0000,0x0000,0x0000,0x0000,
    0x0000,0x0000,0x0000,0x65BF,0x65BF,0x65BF,0x65BF,0x65BF,
    0x65BF,0x65BF,0x65BF,0x65BF,0x65BF,0x65BF,0x65BF,0x65BF,
    0x65BF,0x65BF,0x65BF,0x65BF,0x65BF,0x65BF,0x65BF,0x65BF,
    0x65BF,0x65BF,0x65BF,0x65BF,0x65BF,0x65BF,0x65BF,0x65BF,
    0x65BF,0x65BF,0x65BF,0x65BF,0x65BF,0x65BF,0x65BF,0x65BF,
    0x65BF,0x65BF,0x65BF,0x65BF,0x65BF,0x65BF,0x65BF,0x65BF,
    0x65BF,0x65BF,0x65BF,0x65BF,0x65BF,0x65BF,0x65BF,0x65BF,
    0x65BF,0x65BF,0x65BF,0x65BF,0x65BF,0x65BF,0x65BF,0x65BF,
    0x65BF,0x65BF,0x65BF,0x65BF,0x65BF,0x65BF,0x65BF,0x65BF,
    0x65BF,0x65BF,0x65BF,0x65BF,0x65BF,0x65BF,0x0000,0x0000,
    0x0000,0x0000,0x0000,0x0000,0x0000,0x0000,0x0000,0x0000,
    0x0000,0x0000,0x0000,0x0000,0x0000,0x0000,0x0000,0x0000,
    0x0000,0x0000,0x0000,0x0000,0x0000,0x0000,0x0000,0x0000,
    0x0000,0x0000,0x0000,0x0000,0x0000,0x0000,0x0000,0x0000,
    0x0000,0x0000,0x0000,0x0000,0x0000,0x0000,0x0000,0x0000,
    0x0000,0x0000,0x0000,0x0000,0x0000,0x0000,0x0000,0x0000,
    0x0000,0x0000,0x65BF,0x65BF,0x65BF,0x65BF,0x65BF,0x65BF,
    0x65BF,0x65BF,0x65BF,0x65BF,0x65BF,0x65BF,0x65BF,0x65BF,
    0x65BF,0x65BF,0x65BF,0x65BF,0x65BF,0x65BF,0x65BF,0x65BF,
    0x65BF,0x65BF,0x65BF,0x65BF,0x65BF,0x65BF,0x65BF,0x65BF,
    0x65BF,0x65BF,0x65BF,0x65BF,0x65BF,0x65BF,0x65BF,0x65BF,
    0x65BF,0x65BF,0x65BF,0x65BF,0x65BF,0x65BF,0x65BF,0x65BF,
    0x65BF,0x65BF,0x65BF,0x65BF,0x65BF,0x65BF,0x65BF,0x65BF,
    0x65BF,0x65BF,0x65BF,0x65BF,0x65BF,0x65BF,0x65BF,0x65BF,
    0x65BF,0x65BF,0x65BF,0x65BF,0x65BF,0x65BF,0x65BF,0x65BF,
    0x65BF,0x65BF,0x65BF,0x65BF,0x65BF,0x65BF,0x65BF,0x0000,
    0x0000,0x0000,0x0000,0x0000,0x0000,0x0000,0x0000,0x0000,
    0x0000,0x0000,0x0000,0x0000,0x0000,0x0000,0x0000,0x0000,
    0x0000,0x0000,0x0000,0x0000,0x0000,0x0000,0x0000,0x0000,
    0x0000,0x0000,0x0000,0x0000,0x0000,0x0000,0x0000,0x0000,
    0x0000,0x0000,0x0000,0x0000,0x0000,0x0000,0x0000,0x0000,
    0x0000,0x0000,0x0000,0x0000,0x0000,0x0000,0x0000,0x0000,
    0x0000,0x65BF,0x65BF,0x65BF,0x65BF,0x65BF,0x65BF,0x65BF,
    0x65BF,0x65BF,0x65BF,0x65BF,0x65BF,0x65BF,0x65BF,0x65BF,
    0x65BF,0x65BF,0x65BF,0x65BF,0x65BF,0x65BF,0x65BF,0x65BF,
    0x65BF,0x65BF,0x65BF,0x65BF,0x65BF,0x65BF,0x65BF,0x65BF,
    0x65BF,0x65BF,0x65BF,0x65BF,0x65BF,0x65BF,0x65BF,0x65BF,
    0x65BF,0x65BF,0x65BF,0x65BF,0x65BF,0x65BF,0x65BF,0x65BF,
    0x65BF,0x65BF,0x65BF,0x65BF,0x65BF,0x65BF,0x65BF,0x65BF,
    0x65BF,0x65BF,0x65BF,0x65BF,0x65BF,0x65BF,0x65BF,0x65BF,
    0x65BF,0x65BF,0x65BF,0x65BF,0x65BF,0x65BF,0x65BF,0x65BF,
    0x65BF,0x65BF,0x65BF,0x65BF,0x65BF,0x65BF,0x65BF,0x65BF,
    0x0000,0x0000,0x0000,0x0000,0x0000,0x0000,0x0000,0x0000,
    0x0000,0x0000,0x0000,0x0000,0x0000,0x0000,0x0000,0x0000,
    0x0000,0x0000,0x0000,0x0000,0x0000,0x0000,0x0000,0x0000,
    0x0000,0x0000,0x0000,0x0000,0x0000,0x0000,0x0000,0x0000,
    0x0000,0x0000,0x0000,0x0000,0x0000,0x0000,0x0000,0x0000,
    0x0000,0x0000,0x0000,0x0000,0x0000,0x0000,0x0000,0x0000,
    0x65BF,0x65BF,0x65BF,0x65BF,0x65BF,0x65BF,0x65BF,0x65BF,
    0x65BF,0x65BF,0x65BF,0x65BF,0x65BF,0x65BF,0x65BF,0x65BF,
    0x65BF,0x65BF,0x65BF,0x65BF,0x65BF,0x65BF,0x65BF,0x65BF,
    0x65BF,0x65BF,0x65BF,0x65BF,0x65BF,0x65BF,0x65BF,0x65BF,
    0x65BF,0x65BF,0x65BF,0x65BF,0x65BF,0x65BF,0x65BF,0x65BF,
    0x65BF,0x65BF,0x65BF,0x65BF,0x65BF,0x65BF,0x65BF,0x65BF,
    0x65BF,0x65BF,0x65BF,0x65BF,0x65BF,0x65BF,0x65BF,0x65BF,
    0x65BF,0x65BF,0x65BF,0x65BF,0x65BF,0x65BF,0x65BF,0x65BF,
    0x65BF,0x65BF,0x65BF,0x65BF,0x65BF,0x65BF,0x65BF,0x65BF,
    0x65BF,0x65BF,0x65BF,0x65BF,0x65BF,0x65BF,0x65BF,0x65BF,
    0x65BF,0x0000,0x0000,0x0000,0x0000,0x0000,0x0000,0x0000,
    0x0000,0x0000,0x0000,0x0000,0x0000,0x0000,0x0000,0x0000,
    0x0000,0x0000,0x0000,0x0000,0x0000,0x0000,0x0000,0x0000,
    0x0000,0x0000,0x0000,0x0000,0x0000,0x0000,0x0000,0x0000,
    0x0000,0x0000,0x0000,0x0000,0x0000,0x0000,0x0000,0x0000,
    0x0000,0x0000,0x0000,0x0000,0x0000,0x0000,0x0000,0x65BF,
    0x65BF,0x65BF,0x65BF,0x65BF,0x65BF,0x65BF,0x65BF,0x65BF,
    0x65BF,0x65BF,0x65BF,0x65BF,0x65BF,0x65BF,0x65BF,0x65BF,
    0x65BF,0x65BF,0x65BF,0x65BF,0x65BF,0x65BF,0x65BF,0x65BF,
    0x65BF,0x65BF,0x65BF,0x65BF,0x65BF,0x65BF,0x65BF,0x65BF,
    0x65BF,0x65BF,0x65BF,0x65BF,0x65BF,0x65BF,0x65BF,0x65BF,
    0x65BF,0x65BF,0x65BF,0x65BF,0x65BF,0x65BF,0x65BF,0x65BF,
    0x65BF,0x65BF,0x65BF,0x65BF,0x65BF,0x65BF,0x65BF,0x65BF,
    0x65BF,0x65BF,0x65BF,0x65BF,0x65BF,0x65BF,0x65BF,0x65BF,
    0x65BF,0x65BF,0x65BF,0x65BF,0x65BF,0x65BF,0x65BF,0x65BF,
    0x65BF,0x65BF,0x65BF,0x65BF,0x65BF,0x65BF,0x65BF,0x65BF,
    0x65BF,0x65BF,0x0000,0x0000,0x0000,0x0000,0x0000,0x0000,
    0x0000,0x0000,0x0000,0x0000,0x0000,0x0000,0x0000,0x0000,
    0x0000,0x0000,0x0000,0x0000,0x0000,0x0000,0x0000,0x0000,
    0x0000,0x0000,0x0000,0x0000,0x0000,0x0000,0x0000,0x0000,
    0x0000,0x0000,0x0000,0x0000,0x0000,0x0000,0x0000,0x0000,
    0x0000,0x0000,0x0000,0x0000,0x0000,0x0000,0x65BF,0x65BF,
    0x65BF,0x65BF,0x65BF,0x65BF,0x65BF,0x65BF,0x65BF,0x65BF,
    0x65BF,0x65BF,0x65BF,0x65BF,0x65BF,0x65BF,0x65BF,0x65BF,
    0x65BF,0x65BF,0x65BF,0x65BF,0x65BF,0x65BF,0x65BF,0x65BF,
    0x65BF,0x65BF,0x65BF,0x65BF,0x65BF,0x65BF,0x65BF,0x65BF,
    0x65BF,0x65BF,0x65BF,0x65BF,0x65BF,0x65BF,0x65BF,0x65BF,
    0x65BF,0x65BF,0x65BF,0x65BF,0x65BF,0x65BF,0x65BF,0x65BF,
    0x65BF,0x65BF,0x65BF,0x65BF,0x65BF,0x65BF,0x65BF,0x65BF,
    0x65BF,0x65BF,0x65BF,0x65BF,0x65BF,0x65BF,0x65BF,0x65BF,
    0x65BF,0x65BF,0x65BF,0x65BF,0x65BF,0x65BF,0x65BF,0x65BF,
    0x65BF,0x65BF,0x65BF,0x65BF,0x65BF,0x65BF,0x65BF,0x65BF,
    0x65BF,0x65BF,0x65BF,0x0000,0x0000,0x0000,0x0000,0x0000,
    0x0000,0x0000,0x0000,0x0000,0x0000,0x0000,0x0000,0x0000,
    0x0000,0x0000,0x0000,0x0000,0x0000,0x0000,0x0000,0x0000,
    0x0000,0x0000,0x0000,0x0000,0x0000,0x0000,0x0000,0x0000,
    0x0000,0x0000,0x0000,0x0000,0x0000,0x0000,0x0000,0x0000,
    0x0000,0x0000,0x0000,0x0000,0x0000,0x65BF,0x65BF,0x65BF,
    0x65BF,0x65BF,0x65BF,0x65BF,0x65BF,0x65BF,0x65BF,0x65BF,
    0x65BF,0x65BF,0x65BF,0x65BF,0x65BF,0x65BF,0x65BF,0x65BF,
    0x65BF,0x65BF,0x65BF,0x65BF,0x65BF,0x65BF,0x65BF,0x65BF,
    0x65BF,0x65BF,0x65BF,0x65BF,0x65BF,0x65BF,0x65BF,0x65BF,
    0x65BF,0x65BF,0x65BF,0x65BF,0x65BF,0x65BF,0x65BF,0x65BF,
    0x65BF,0x65BF,0x65BF,0x65BF,0x65BF,0x65BF,0x65BF,0x65BF,
    0x65BF,0x65BF,0x65BF,0x65BF,0x65BF,0x65BF,0x65BF,0x65BF,
    0x65BF,0x65BF,0x65BF,0x65BF,0x65BF,0x65BF,0x65BF,0x65BF,
    0x65BF,0x65BF,0x65BF,0x65BF,0x65BF,0x65BF,0x65BF,0x65BF,
    0x65BF,0x65BF,0x65BF,0x65BF,0x65BF,0x65BF,0x65BF,0x65BF,
    0x65BF,0x65BF,0x65BF,0x65BF,0x0000,0x0000,0x0000,0x0000,
    0x0000,0x0000,0x0000,0x0000,0x0000,0x0000,0x0000,0x0000,
    0x0000,0x0000,0x0000,0x0000,0x0000,0x0000,0x0000,0x0000,
    0x0000,0x0000,0x0000,0x0000,0x0000,0x0000,0x0000,0x0000,
    0x0000,0x0000,0x0000,0x0000,0x0000,0x0000,0x0000,0x0000,
    0x0000,0x0000,0x0000,0x0000,0x65BF,0x65BF,0x65BF,0x65BF,
    0x65BF,0x65BF,0x65BF,0x65BF,0x65BF,0x65BF,0x65BF,0x65BF,
    0x65BF,0x65BF,0x65BF,0x65BF,0x65BF,0x65BF,0x65BF,0x65BF,
    0x65BF,0x65BF,0x65BF,0x65BF,0x65BF,0x65BF,0x65BF,0x65BF,
    0x65BF,0x65BF,0x65BF,0x65BF,0x65BF,0x65BF,0x65BF,0x65BF,
    0x65BF,0x65BF,0x65BF,0x65BF,0x65BF,0x65BF,0x65BF,0x65BF,
    0x65BF,0x65BF,0x65BF,0x65BF,0x65BF,0x65BF,0x65BF,0x65BF,
    0x65BF,0x65BF,0x65BF,0x65BF,0x65BF,0x65BF,0x65BF,0x65BF,
    0x65BF,0x65BF,0x65BF,0x65BF,0x65BF,0x65BF,0x65BF,0x65BF,
    0x65BF,0x65BF,0x65BF,0x65BF,0x65BF,0x65BF,0x65BF,0x65BF,
    0x65BF,0x65BF,0x65BF,0x65BF,0x65BF,0x65BF,0x65BF,0x65BF,
    0x65BF,0x65BF,0x65BF,0x65BF,0x65BF,0x0000,0x0000,0x0000,
    0x0000,0x0000,0x0000,0x0000,0x0000,0x0000,0x0000,0x0000,
    0x0000,0x0000,0x0000,0x0000,0x0000,0x0000,0x0000,0x0000,
    0x0000,0x0000,0x0000,0x0000,0x0000,0x0000,0x0000,0x0000,
    0x0000,0x0000,0x0000,0x0000,0x0000,0x0000,0x0000,0x0000,
    0x0000,0x0000,0x0000,0x0000,0x65BF,0x65BF,0x65BF,0x65BF,
    0x65BF,0x65BF,0x65BF,0x65BF,0x65BF,0x65BF,0x65BF,0x65BF,
    0x65BF,0x65BF,0x65BF,0x65BF,0x65BF,0x65BF,0x65BF,0x65BF,
    0x65BF,0x65BF,0x65BF,0x65BF,0x65BF,0x65BF,0x65BF,0x65BF,
    0x65BF,0x65BF,0x65BF,0x65BF,0x65BF,0x65BF,0x65BF,0x65BF,
    0x65BF,0x65BF,0x65BF,0x65BF,0x65BF,0x65BF,0x65BF,0x65BF,
    0x65BF,0x65BF,0x65BF,0x65BF,0x65BF,0x65BF,0x65BF,0x65BF,
    0x65BF,0x65BF,0x65BF,0x65BF,0x65BF,0x65BF,0x65BF,0x65BF,
    0x65BF,0x65BF,0x65BF,0x65BF,0x65BF,0x65BF,0x65BF,0x65BF,
    0x65BF,0x65BF,0x65BF,0x65BF,0x65BF,0x65BF,0x65BF,0x65BF,
    0x65BF,0x65BF,0x65BF,0x65BF,0x65BF,0x65BF,0x65BF,0x65BF,
    0x65BF,0x65BF,0x65BF,0x65BF,0x65BF,0x0000,0x0000,0x0000,
    0x0000,0x0000,0x0000,0x0000,0x0000,0x0000,0x0000,0x0000,
    0x0000,0x0000,0x0000,0x0000,0x0000,0x0000,0x0000,0x0000,
    0x0000,0x0000,0x0000,0x0000,0x0000,0x0000,0x0000,0x0000,
    0x0000,0x0000,0x0000,0x0000,0x0000,0x0000,0x0000,0x0000,
    0x0000,0x0000,0x0000,0x65BF,0x65BF,0x65BF,0x65BF,0x65BF,
    0x65BF,0x65BF,0x65BF,0x65BF,0x65BF,0x65BF,0x65BF,0x65BF,
    0x65BF,0x65BF,0x65BF,0x65BF,0x65BF,0x65BF,0x65BF,0x65BF,
    0x65BF,0x65BF,0x65BF,0x65BF,0x65BF,0x65BF,0x65BF,0x65BF,
    0x65BF,0x65BF,0x65BF,0x65BF,0x65BF,0x65BF,0x65BF,0x65BF,
    0x65BF,0x65BF,0x65BF,0x65BF,0x65BF,0x65BF,0x65BF,0x65BF,
    0x65BF,0x65BF,0x65BF,0x65BF,0x65BF,0x65BF,0x65BF,0x65BF,
    0x65BF,0x65BF,0x65BF,0x65BF,0x65BF,0x65BF,0x65BF,0x65BF,
    0x65BF,0x65BF,0x65BF,0x65BF,0x65BF,0x65BF,0x65BF,0x65BF,
    0x65BF,0x65BF,0x65BF,0x65BF,0x65BF,0x65BF,0x65BF,0x65BF,
    0x65BF,0x65BF,0x65BF,0x65BF,0x65BF,0x65BF,0x65BF,0x65BF,
    0x65BF,0x65BF,0x65BF,0x65BF,0x65BF,0x65BF,0x0000,0x0000,
    0x0000,0x0000,0x0000,0x0000,0x0000,0x0000,0x0000,0x0000,
    0x0000,0x0000,0x0000,0x0000,0x0000,0x0000,0x0000,0x0000,
    0x0000,0x0000,0x0000,0x0000,0x0000,0x0000,0x0000,0x0000,
    0x0000,0x0000,0x0000,0x0000,0x0000,0x0000,0x0000,0x0000,
    0x0000,0x0000,0x65BF,0x65BF,0x65BF,0x65BF,0x65BF,0x65BF,
    0x65BF,0x65BF,0x65BF,0x65BF,0x65BF,0x65BF,0x65BF,0x65BF,
    0x65BF,0x65BF,0x65BF,0x65BF,0x65BF,0x65BF,0x65BF,0x65BF,
    0x65BF,0x65BF,0x65BF,0x65BF,0x65BF,0x65BF,0x65BF,0x65BF,
    0x65BF,0x65BF,0x65BF,0x65BF,0x65BF,0x65BF,0x65BF,0x65BF,
    0x65BF,0x65BF,0x65BF,0x65BF,0x65BF,0x65BF,0x65BF,0x65BF,
    0x65BF,0x65BF,0x65BF,0x65BF,0x65BF,0x65BF,0x65BF,0x65BF,
    0x65BF,0x65BF,0x65BF,0x65BF,0x65BF,0x65BF,0x65BF,0x65BF,
    0x65BF,0x65BF,0x65BF,0x65BF,0x65BF,0x65BF,0x65BF,0x65BF,
    0x65BF,0x65BF,0x65BF,0x65BF,0x65BF,0x65BF,0x65BF,0x65BF,
    0x65BF,0x65BF,0x65BF,0x65BF,0x65BF,0x65BF,0x65BF,0x65BF,
    0x65BF,0x65BF,0x65BF,0x65BF,0x65BF,0x65BF,0x65BF,0x0000,
    0x0000,0x0000,0x0000,0x0000,0x0000,0x0000,0x0000,0x0000,
    0x0000,0x0000,0x0000,0x0000,0x0000,0x0000,0x0000,0x0000,
    0x0000,0x0000,0x0000,0x0000,0x0000,0x0000,0x0000,0x0000,
    0x0000,0x0000,0x0000,0x0000,0x0000,0x0000,0x0000,0x0000,
    0x0000,0x0000,0x65BF,0x65BF,0x65BF,0x65BF,0x65BF,0x65BF,
    0x65BF,0x65BF,0x65BF,0x65BF,0x65BF,0x65BF,0x65BF,0x65BF,
    0x65BF,0x65BF,0x65BF,0x65BF,0x65BF,0x65BF,0x65BF,0x65BF,
    0x65BF,0x65BF,0x65BF,0x65BF,0x65BF,0x65BF,0x65BF,0x65BF,
    0x65BF,0x65BF,0x65BF,0x65BF,0x65BF,0x65BF,0x65BF,0x65BF,
    0x65BF,0x65BF,0x65BF,0x65BF,0x65BF,0x65BF,0x65BF,0x65BF,
    0x65BF,0x65BF,0x65BF,0x65BF,0x65BF,0x65BF,0x65BF,0x65BF,
    0x65BF,0x65BF,0x65BF,0x65BF,0x65BF,0x65BF,0x65BF,0x65BF,
    0x65BF,0x65BF,0x65BF,0x65BF,0x65BF,0x65BF,0x65BF,0x65BF,
    0x65BF,0x65BF,0x65BF,0x65BF,0x65BF,0x65BF,0x65BF,0x65BF,
    0x65BF,0x65BF,0x65BF,0x65BF,0x65BF,0x65BF,0x65BF,0x65BF,
    0x65BF,0x65BF,0x65BF,0x65BF,0x65BF,0x65BF,0x65BF,0x0000,
    0x0000,0x0000,0x0000,0x0000,0x0000,0x0000,0x0000,0x0000,
    0x0000,0x0000,0x0000,0x0000,0x0000,0x0000,0x0000,0x0000,
    0x0000,0x0000,0x0000,0x0000,0x0000,0x0000,0x0000,0x0000,
    0x0000,0x0000,0x0000,0x0000,0x0000,0x0000,0x0000,0x0000,
    0x0000,0x65BF,0x65BF,0x65BF,0x65BF,0x65BF,0x65BF,0x65BF,
    0x65BF,0x65BF,0x65BF,0x65BF,0x65BF,0x65BF,0x65BF,0x65BF,
    0x65BF,0x65BF,0x65BF,0x65BF,0x65BF,0x65BF,0x65BF,0x65BF,
    0x65BF,0x65BF,0x65BF,0x65BF,0x65BF,0x65BF,0x65BF,0x65BF,
    0x65BF,0x65BF,0x65BF,0x65BF,0x65BF,0x65BF,0x65BF,0x65BF,
    0x65BF,0x65BF,0x65BF,0x65BF,0x65BF,0x65BF,0x65BF,0x65BF,
    0x65BF,0x65BF,0x65BF,0x65BF,0x65BF,0x65BF,0x65BF,0x65BF,
    0x65BF,0x65BF,0x65BF,0x65BF,0x65BF,0x65BF,0x65BF,0x65BF,
    0x65BF,0x65BF,0x65BF,0x65BF,0x65BF,0x65BF,0x65BF,0x65BF,
    0x65BF,0x65BF,0x65BF,0x65BF,0x65BF,0x65BF,0x65BF,0x65BF,
    0x65BF,0x65BF,0x65BF,0x65BF,0x65BF,0x65BF,0x65BF,0x65BF,
    0x65BF,0x65BF,0x65BF,0x65BF,0x65BF,0x65BF,0x65BF,0x65BF,
    0x0000,0x0000,0x0000,0x0000,0x0000,0x0000,0x0000,0x0000,
    0x0000,0x0000,0x0000,0x0000,0x0000,0x0000,0x0000,0x0000,
    0x0000,0x0000,0x0000,0x0000,0x0000,0x0000,0x0000,0x0000,
    0x0000,0x0000,0x0000,0x0000,0x0000,0x0000,0x0000,0x0000,
    0x0000,0x65BF,0x65BF,0x65BF,0x65BF,0x65BF,0x65BF,0x65BF,
    0x65BF,0x65BF,0x65BF,0x65BF,0x65BF,0x65BF,0x65BF,0x65BF,
    0x65BF,0x65BF,0x65BF,0x65BF,0x65BF,0x65BF,0x65BF,0x65BF,
    0x65BF,0x65BF,0x65BF,0x65BF,0x65BF,0x65BF,0x65BF,0x65BF,
    0x65BF,0x65BF,0x65BF,0x65BF,0x65BF,0x65BF,0x65BF,0x65BF,
    0x65BF,0x65BF,0x65BF,0x65BF,0x65BF,0x65BF,0x65BF,0x65BF,
    0x65BF,0x65BF,0x65BF,0x65BF,0x65BF,0x65BF,0x65BF,0x65BF,
    0x65BF,0x65BF,0x65BF,0x65BF,0x65BF,0x65BF,0x65BF,0x65BF,
    0x65BF,0x65BF,0x65BF,0x65BF,0x65BF,0x65BF,0x65BF,0x65BF,
    0x65BF,0x65BF,0x65BF,0x65BF,0x65BF,0x65BF,0x65BF,0x65BF,
    0x65BF,0x65BF,0x65BF,0x65BF,0x65BF,0x65BF,0x65BF,0x65BF,
    0x65BF,0x65BF,0x65BF,0x65BF,0x65BF,0x65BF,0x65BF,0x65BF,
    0x0000,0x0000,0x0000,0x0000,0x0000,0x0000,0x0000,0x0000,
    0x0000,0x0000,0x0000,0x0000,0x0000,0x0000,0x0000,0x0000,
    0x0000,0x0000,0x0000,0x0000,0x0000,0x0000,0x0000,0x0000,
    0x0000,0x0000,0x0000,0x0000,0x0000,0x0000,0x0000,0x0000,
    0x65BF,0x65BF,0x65BF,0x65BF,0x65BF,0x65BF,0x65BF,0x65BF,
    0x65BF,0x65BF,0x65BF,0x65BF,0x65BF,0x65BF,0x65BF,0x65BF,
    0x65BF,0x65BF,0x65BF,0x65BF,0x65BF,0x65BF,0x65BF,0x65BF,
    0x65BF,0x65BF,0x65BF,0x65BF,0x65BF,0x65BF,0x65BF,0x65BF,
    0x65BF,0x65BF,0x65BF,0x65BF,0x65BF,0x65BF,0x65BF,0x65BF,
    0x65BF,0x65BF,0x65BF,0x65BF,0x65BF,0x65BF,0x65BF,0x65BF,
    0x65BF,0x65BF,0x65BF,0x65BF,0x65BF,0x65BF,0x65BF,0x65BF,
    0x65BF,0x65BF,0x65BF,0x65BF,0x65BF,0x65BF,0x65BF,0x65BF,
    0x65BF,0x65BF,0x65BF,0x65BF,0x65BF,0x65BF,0x65BF,0x65BF,
    0x65BF,0x65BF,0x65BF,0x65BF,0x65BF,0x65BF,0x65BF,0x65BF,
    0x65BF,0x65BF,0x65BF,0x65BF,0x65BF,0x65BF,0x65BF,0x65BF,
    0x65BF,0x65BF,0x65BF,0x65BF,0x65BF,0x65BF,0x65BF,0x65BF,
    0x65BF,0x0000,0x0000,0x0000,0x0000,0x0000,0x0000,0x0000,
    0x0000,0x0000,0x0000,0x0000,0x0000,0x0000,0x0000,0x0000,
    0x0000,0x0000,0x0000,0x0000,0x0000,0x0000,0x0000,0x0000,
    0x0000,0x0000,0x0000,0x0000,0x0000,0x0000,0x0000,0x0000,
    0x65BF,0x65BF,0x65BF,0x65BF,0x65BF,0x65BF,0x65BF,0x65BF,
    0x65BF,0x65BF,0x65BF,0x65BF,0x65BF,0x65BF,0x65BF,0x65BF,
    0x65BF,0xCF3F,0xCF3F,0xCF3F,0xCF3F,0xCF3F,0xCF3F,0xCF3F,
    0xCF3F,0xCF3F,0x65BF,0x65BF,0x65BF,0x65BF,0x65BF,0x65BF,
    0x65BF,0x65BF,0x65BF,0x65BF,0x65BF,0x65BF,0x65BF,0x65BF,
    0x65BF,0x65BF,0x65BF,0x65BF,0x65BF,0x65BF,0x65BF,0x65BF,
    0x65BF,0x65BF,0x65BF,0x65BF,0x65BF,0x65BF,0x65BF,0x65BF,
    0x65BF,0x65BF,0x65BF,0x65BF,0x65BF,0x65BF,0x65BF,0x65BF,
    0x65BF,0x65BF,0x65BF,0x65BF,0x65BF,0x65BF,0x65BF,0x65BF,
    0x65BF,0x65BF,0x65BF,0x65BF,0x65BF,0x65BF,0x65BF,0x65BF,
    0x65BF,0x65BF,0x65BF,0x65BF,0x65BF,0x65BF,0x65BF,0x65BF,
    0x65BF,0x65BF,0x65BF,0x65BF,0x65BF,0x65BF,0x65BF,0x65BF,
    0x65BF,0x0000,0x0000,0x0000,0x0000,0x0000,0x0000,0x0000,
    0x0000,0x0000,0x0000,0x0000,0x0000,0x0000,0x0000,0x0000,
    0x0000,0x0000,0x0000,0x0000,0x0000,0x0000,0x0000,0x0000,
    0x0000,0x0000,0x0000,0x0000,0x0000,0x0000,0x0000,0x65BF,
    0x65BF,0x65BF,0x65BF,0x65BF,0x65BF,0x65BF,0x65BF,0x65BF,
    0x65BF,0x65BF,0x65BF,0x65BF,0x65BF,0x65BF,0x65BF,0x65BF,
    0x65BF,0xCF3F,0xCF3F,0xCF3F,0xCF3F,0xCF3F,0xCF3F,0xCF3F,
    0xCF3F,0xCF3F,0x65BF,0x65BF,0x65BF,0x65BF,0x65BF,0x65BF,
    0x65BF,0x65BF,0x65BF,0x65BF,0x65BF,0x65BF,0x65BF,0x65BF,
    0x65BF,0x65BF,0x65BF,0x65BF,0x65BF,0x65BF,0x65BF,0x65BF,
    0x65BF,0x65BF,0x65BF,0x65BF,0x65BF,0x65BF,0x65BF,0x65BF,
    0x65BF,0x65BF,0x65BF,0x65BF,0x65BF,0x65BF,0x65BF,0x65BF,
    0x65BF,0x65BF,0x65BF,0x65BF,0x65BF,0x65BF,0x65BF,0x65BF,
    0x65BF,0x65BF,0x65BF,0x65BF,0x65BF,0x65BF,0x65BF,0x65BF,
    0x65BF,0x65BF,0x65BF,0x65BF,0x65BF,0x65BF,0x65BF,0x65BF,
    0x65BF,0x65BF,0x65BF,0x65BF,0x65BF,0x65BF,0x65BF,0x65BF,
    0x65BF,0x65BF,0x0000,0x0000,0x0000,0x0000,0x0000,0x0000,
    0x0000,0x0000,0x0000,0x0000,0x0000,0x0000,0x0000,0x0000,
    0x0000,0x0000,0x0000,0x0000,0x0000,0x0000,0x0000,0x0000,
    0x0000,0x0000,0x0000,0x0000,0x0000,0x0000,0x0000,0x65BF,
    0x65BF,0x65BF,0x65BF,0x65BF,0x65BF,0x65BF,0x65BF,0x65BF,
    0x65BF,0x65BF,0x65BF,0x65BF,0x65BF,0x65BF,0x65BF,0x65BF,
    0x65BF,0xCF3F,0xCF3F,0xCF3F,0xCF3F,0xCF3F,0xCF3F,0xCF3F,
    0xCF3F,0xCF3F,0x65BF,0x65BF,0x294C,0x65BF,0x65BF,0x65BF,
    0x65BF,0x65BF,0x65BF,0x65BF,0x65BF,0x65BF,0x65BF,0x65BF,
    0x65BF,0x65BF,0x65BF,0x65BF,0x65BF,0x65BF,0x65BF,0x65BF,
    0x65BF,0x65BF,0x65BF,0x65BF,0x65BF,0x65BF,0x65BF,0x65BF,
    0x65BF,0x65BF,0x65BF,0x65BF,0x65BF,0x65BF,0x65BF,0x65BF,
    0x65BF,0x65BF,0x65BF,0x65BF,0x294C,0x65BF,0x65BF,0x65BF,
    0x65BF,0x65BF,0x65BF,0x65BF,0x65BF,0x65BF,0x65BF,0x65BF,
    0x65BF,0x65BF,0x65BF,0x65BF,0x65BF,0x65BF,0x65BF,0x65BF,
    0x65BF,0x65BF,0x65BF,0x65BF,0x65BF,0x65BF,0x65BF,0x65BF,
    0x65BF,0x65BF,0x0000,0x0000,0x0000,0x0000,0x0000,0x0000,
    0x0000,0x0000,0x0000,0x0000,0x0000,0x0000,0x0000,0x0000,
    0x0000,0x0000,0x0000,0x0000,0x0000,0x0000,0x0000,0x0000,
    0x0000,0x0000,0x0000,0x0000,0x0000,0x0000,0x65BF,0x65BF,
    0x65BF,0x65BF,0x65BF,0x65BF,0x65BF,0x65BF,0x65BF,0x65BF,
    0x65BF,0x65BF,0x65BF,0x65BF,0x65BF,0x65BF,0x65BF,0x65BF,
    0x65BF,0xCF3F,0xCF3F,0xCF3F,0xCF3F,0xCF3F,0xCF3F,0xCF3F,
    0xCF3F,0xCF3F,0x294C,0x294C,0x294C,0x294C,0x294C,0x294C,
    0x65BF,0x65BF,0x65BF,0x65BF,0x65BF,0x65BF,0x65BF,0x65BF,
    0x65BF,0x65BF,0x65BF,0x65BF,0x65BF,0x65BF,0x65BF,0x65BF,
    0x65BF,0x65BF,0x65BF,0x65BF,0x65BF,0x65BF,0x65BF,0x65BF,
    0x65BF,0x65BF,0x65BF,0x65BF,0x65BF,0x65BF,0x65BF,0x65BF,
    0x65BF,0x294C,0x294C,0x294C,0x294C,0x294C,0x294C,0x294C,
    0x65BF,0x65BF,0xCF3F,0xCF3F,0xCF3F,0xCF3F,0xCF3F,0xCF3F,
    0xCF3F,0xCF3F,0xCF3F,0x65BF,0x65BF,0x65BF,0x65BF,0x65BF,
    0x65BF,0x65BF,0x65BF,0x65BF,0x65BF,0x65BF,0x65BF,0x65BF,
    0x65BF,0x65BF,0x65BF,0x0000,0x0000,0x0000,0x0000,0x0000,
    0x0000,0x0000,0x0000,0x0000,0x0000,0x0000,0x0000,0x0000,
    0x0000,0x0000,0x0000,0x0000,0x0000,0x0000,0x0000,0x0000,
    0x0000,0x0000,0x0000,0x0000,0x0000,0x0000,0x65BF,0x65BF,
    0x65BF,0x65BF,0x65BF,0x65BF,0x65BF,0x65BF,0x65BF,0x65BF,
    0x65BF,0x65BF,0x65BF,0x65BF,0x65BF,0x65BF,0x65BF,0x65BF,
    0x65BF,0xCF3F,0xCF3F,0xCF3F,0xCF3F,0xCF3F,0xCF3F,0xCF3F,
    0xCF3F,0xCF3F,0x294C,0x294C,0x294C,0x294C,0x294C,0x294C,
    0x294C,0x294C,0x65BF,0x65BF,0x65BF,0x65BF,0x65BF,0x65BF,
    0x65BF,0x65BF,0x65BF,0x65BF,0x65BF,0x65BF,0x65BF,0x65BF,
    0x65BF,0x65BF,0x65BF,0x65BF,0x65BF,0x65BF,0x65BF,0x65BF,
    0x65BF,0x65BF,0x65BF,0x65BF,0x65BF,0x65BF,0x65BF,0x294C,
    0x294C,0x294C,0x294C,0x294C,0x294C,0x294C,0x294C,0x294C,
    0x294C,0x294C,0xCF3F,0xCF3F,0xCF3F,0xCF3F,0xCF3F,0xCF3F,
    0xCF3F,0xCF3F,0xCF3F,0x65BF,0x65BF,0x65BF,0x65BF,0x65BF,
    0x65BF,0x65BF,0x65BF,0x65BF,0x65BF,0x65BF,0x65BF,0x65BF,
    0x65BF,0x65BF,0x65BF,0x0000,0x0000,0x0000,0x0000,0x0000,
    0x0000,0x0000,0x0000,0x0000,0x0000,0x0000,0x0000,0x0000,
    0x0000,0x0000,0x0000,0x0000,0x0000,0x0000,0x0000,0x0000,
    0x0000,0x0000,0x0000,0x0000,0x0000,0x65BF,0x65BF,0x65BF,
    0x65BF,0x65BF,0x65BF,0x65BF,0x65BF,0x65BF,0x65BF,0x65BF,
    0x65BF,0x65BF,0x65BF,0x65BF,0x65BF,0x65BF,0x65BF,0x65BF,
    0x65BF,0xCF3F,0xCF3F,0xCF3F,0xCF3F,0xCF3F,0xCF3F,0xCF3F,
    0xCF3F,0xCF3F,0x294C,0x294C,0x294C,0x294C,0x294C,0x294C,
    0x294C,0x294C,0x294C,0x65BF,0x65BF,0x65BF,0x65BF,0x65BF,
    0x65BF,0x65BF,0x65BF,0x65BF,0x65BF,0x65BF,0x65BF,0x65BF,
    0x65BF,0x65BF,0x65BF,0x65BF,0x65BF,0x65BF,0x65BF,0x65BF,
    0x65BF,0x65BF,0x65BF,0x65BF,0x65BF,0x65BF,0x294C,0x294C,
    0x294C,0x294C,0x294C,0x294C,0x294C,0x294C,0x294C,0x294C,
    0x294C,0x294C,0xCF3F,0xCF3F,0xCF3F,0xCF3F,0xCF3F,0xCF3F,
    0xCF3F,0xCF3F,0xCF3F,0x65BF,0x65BF,0x65BF,0x65BF,0x65BF,
    0x65BF,0x65BF,0x65BF,0x65BF,0x65BF,0x65BF,0x65BF,0x65BF,
    0x65BF,0x65BF,0x65BF,0x65BF,0x0000,0x0000,0x0000,0x0000,
    0x0000,0x0000,0x0000,0x0000,0x0000,0x0000,0x0000,0x0000,
    0x0000,0x0000,0x0000,0x0000,0x0000,0x0000,0x0000,0x0000,
    0x0000,0x0000,0x0000,0x0000,0x0000,0x65BF,0x65BF,0x65BF,
    0x65BF,0x65BF,0x65BF,0x65BF,0x65BF,0x65BF,0x65BF,0x65BF,
    0x65BF,0x65BF,0x65BF,0x65BF,0x65BF,0x65BF,0x65BF,0x65BF,
    0x65BF,0xCF3F,0xCF3F,0xCF3F,0xCF3F,0xCF3F,0xCF3F,0xCF3F,
    0xCF3F,0xCF3F,0x294C,0x294C,0x294C,0x294C,0x294C,0x294C,
    0x294C,0x294C,0x294C,0x65BF,0x65BF,0x65BF,0x65BF,0x65BF,
    0x65BF,0x65BF,0x65BF,0x65BF,0x65BF,0x65BF,0x65BF,0x65BF,
    0x65BF,0x65BF,0x65BF,0x65BF,0x65BF,0x65BF,0x65BF,0x65BF,
    0x65BF,0x65BF,0x65BF,0x65BF,0x65BF,0x65BF,0x294C,0x294C,
    0x294C,0x294C,0x294C,0x294C,0x294C,0x294C,0x294C,0x294C,
    0x294C,0x294C,0xCF3F,0xCF3F,0xCF3F,0xCF3F,0xCF3F,0xCF3F,
    0xCF3F,0xCF3F,0xCF3F,0x65BF,0x65BF,0x65BF,0x65BF,0x65BF,
    0x65BF,0x65BF,0x65BF,0x65BF,0x65BF,0x65BF,0x65BF,0x65BF,
    0x65BF,0x65BF,0x65BF,0x65BF,0x0000,0x0000,0x0000,0x0000,
    0x0000,0x0000,0x0000,0x0000,0x0000,0x0000,0x0000,0x0000,
    0x0000,0x0000,0x0000,0x0000,0x0000,0x0000,0x0000,0x0000,
    0x0000,0x0000,0x0000,0x0000,0x0000,0x65BF,0x65BF,0x65BF,
    0x65BF,0x65BF,0x65BF,0x65BF,0x65BF,0x65BF,0x65BF,0x65BF,
    0x65BF,0x65BF,0x65BF,0x65BF,0x65BF,0x65BF,0x65BF,0x65BF,
    0x65BF,0x65BF,0xCF3F,0xCF3F,0xCF3F,0xCF3F,0xCF3F,0xCF3F,
    0xCF3F,0xCF3F,0x294C,0x294C,0x294C,0x294C,0x294C,0x294C,
    0x294C,0x294C,0x294C,0x294C,0x65BF,0x65BF,0x65BF,0x65BF,
    0x65BF,0x65BF,0x65BF,0x65BF,0x65BF,0x65BF,0x65BF,0x65BF,
    0x65BF,0x65BF,0x65BF,0x65BF,0x65BF,0x65BF,0x65BF,0x65BF,
    0x65BF,0x65BF,0x65BF,0x65BF,0x65BF,0x294C,0x294C,0x294C,
    0x294C,0x294C,0x294C,0x294C,0x294C,0x294C,0x294C,0x294C,
    0x294C,0x294C,0xCF3F,0xCF3F,0xCF3F,0xCF3F,0xCF3F,0xCF3F,
    0xCF3F,0xCF3F,0xCF3F,0x65BF,0x65BF,0x65BF,0x65BF,0x65BF,
    0x65BF,0x65BF,0x65BF,0x65BF,0x65BF,0x65BF,0x65BF,0x65BF,
    0x65BF,0x65BF,0x65BF,0x65BF,0x0000,0x0000,0x0000,0x0000,
    0x0000,0x0000,0x0000,0x0000,0x0000,0x0000,0x0000,0x0000,
    0x0000,0x0000,0x0000,0x0000,0x0000,0x0000,0x0000,0x0000,
    0x0000,0x0000,0x0000,0x0000,0x65BF,0x65BF,0x65BF,0x65BF,
    0x65BF,0x65BF,0x65BF,0x65BF,0x65BF,0x65BF,0x65BF,0x65BF,
    0x65BF,0x65BF,0x65BF,0x65BF,0x65BF,0x65BF,0x65BF,0x65BF,
    0x65BF,0x65BF,0xCF3F,0xCF3F,0xCF3F,0xCF3F,0xCF3F,0xCF3F,
    0xCF3F,0xCF3F,0x294C,0x294C,0x294C,0x294C,0x294C,0x294C,
    0x294C,0x294C,0x294C,0x294C,0x65BF,0x65BF,0x65BF,0x65BF,
    0x65BF,0x65BF,0x65BF,0x65BF,0x65BF,0x65BF,0x65BF,0x65BF,
    0x65BF,0x65BF,0x65BF,0x65BF,0x65BF,0x65BF,0x65BF,0x65BF,
    0x65BF,0x65BF,0x65BF,0x65BF,0x65BF,0x294C,0x294C,0x294C,
    0x294C,0x294C,0x294C,0x294C,0x294C,0x294C,0x294C,0x294C,
    0x294C,0x294C,0xCF3F,0xCF3F,0xCF3F,0xCF3F,0xCF3F,0xCF3F,
    0xCF3F,0xCF3F,0xCF3F,0x65BF,0x65BF,0x65BF,0x65BF,0x65BF,
    0x65BF,0x65BF,0x65BF,0x65BF,0x65BF,0x65BF,0x65BF,0x65BF,
    0x65BF,0x65BF,0x65BF,0x65BF,0x65BF,0x0000,0x0000,0x0000,
    0x0000,0x0000,0x0000,0x0000,0x0000,0x0000,0x0000,0x0000,
    0x0000,0x0000,0x0000,0x0000,0x0000,0x0000,0x0000,0x0000,
    0x0000,0x0000,0x0000,0x0000,0x65BF,0x65BF,0x65BF,0x65BF,
    0x65BF,0x65BF,0x65BF,0x65BF,0x65BF,0x65BF,0x65BF,0x65BF,
    0x65BF,0x65BF,0x65BF,0x65BF,0x65BF,0x65BF,0x65BF,0x65BF,
    0x65BF,0x65BF,0x65BF,0xCF3F,0xCF3F,0xCF3F,0xCF3F,0xCF3F,
    0xCF3F,0xCF3F,0x294C,0x294C,0x294C,0x294C,0x294C,0x294C,
    0x294C,0x294C,0x294C,0x294C,0x65BF,0x65BF,0x65BF,0x65BF,
    0x65BF,0x65BF,0x65BF,0x65BF,0x65BF,0x65BF,0x65BF,0x65BF,
    0x65BF,0x65BF,0x65BF,0x65BF,0x65BF,0x65BF,0x65BF,0x65BF,
    0x65BF,0x65BF,0x65BF,0x65BF,0x65BF,0x294C,0x294C,0x294C,
    0x294C,0x294C,0x294C,0x294C,0x294C,0x294C,0x294C,0x294C,
    0x294C,0x294C,0xCF3F,0xCF3F,0xCF3F,0xCF3F,0xCF3F,0xCF3F,
    0xCF3F,0xCF3F,0xCF3F,0x65BF,0x65BF,0x65BF,0x65BF,0x65BF,
    0x65BF,0x65BF,0x65BF,0x65BF,0x65BF,0x65BF,0x65BF,0x65BF,
    0x65BF,0x65BF,0x65BF,0x65BF,0x65BF,0x0000,0x0000,0x0000,
    0x0000,0x0000,0x0000,0x0000,0x0000,0x0000,0x0000,0x0000,
    0x0000,0x0000,0x0000,0x0000,0x0000,0x0000,0x0000,0x0000,
    0x0000,0x0000,0x0000,0x0000,0x65BF,0x65BF,0x65BF,0x65BF,
    0x65BF,0x65BF,0x65BF,0x65BF,0x65BF,0x65BF,0x65BF,0x65BF,
    0x65BF,0x65BF,0x65BF,0x65BF,0x65BF,0x65BF,0x65BF,0x65BF,
    0x65BF,0x65BF,0x65BF,0xCF3F,0xCF3F,0xCF3F,0xCF3F,0xCF3F,
    0xCF3F,0xCF3F,0x294C,0x294C,0x294C,0x294C,0x294C,0x294C,
    0x294C,0x294C,0x294C,0x294C,0x294C,0x65BF,0x65BF,0x65BF,
    0x65BF,0x65BF,0x65BF,0x65BF,0x65BF,0x65BF,0x65BF,0x65BF,
    0x65BF,0x65BF,0x65BF,0x65BF,0x65BF,0x65BF,0x65BF,0x65BF,
    0x65BF,0x65BF,0x65BF,0x65BF,0x294C,0x294C,0x294C,0x294C,
    0x294C,0x294C,0x294C,0x294C,0x294C,0x294C,0x294C,0x294C,
    0x294C,0x294C,0xCF3F,0xCF3F,0xCF3F,0xCF3F,0xCF3F,0xCF3F,
    0xCF3F,0xCF3F,0xCF3F,0x65BF,0x65BF,0x65BF,0x65BF,0x65BF,
    0x65BF,0x65BF,0x65BF,0x65BF,0x65BF,0x65BF,0x65BF,0x65BF,
    0x65BF,0x65BF,0x65BF,0x65BF,0x65BF,0x0000,0x0000,0x0000,
    0x0000,0x0000,0x0000,0x0000,0x0000,0x0000,0x0000,0x0000,
    0x0000,0x0000,0x0000,0x0000,0x0000,0x0000,0x0000,0x0000,
    0x0000,0x0000,0x0000,0x65BF,0x65BF,0x65BF,0x65BF,0x65BF,
    0x65BF,0x65BF,0x65BF,0x65BF,0x65BF,0x65BF,0x65BF,0x65BF,
    0x65BF,0x65BF,0x65BF,0x65BF,0x65BF,0x65BF,0x65BF,0x65BF,
    0x65BF,0x65BF,0x65BF,0x65BF,0xCF3F,0xCF3F,0xCF3F,0xCF3F,
    0xCF3F,0xCF3F,0x294C,0x294C,0x294C,0x294C,0x294C,0x294C,
    0x294C,0x294C,0x294C,0x294C,0x65BF,0x65BF,0x65BF,0x65BF,
    0x65BF,0x65BF,0x65BF,0x65BF,0x65BF,0x65BF,0x65BF,0x65BF,
    0x65BF,0x65BF,0x65BF,0x65BF,0x65BF,0x65BF,0x65BF,0x65BF,
    0x65BF,0x65BF,0x65BF,0x65BF,0x65BF,0x294C,0x294C,0x294C,
    0x294C,0x294C,0x294C,0x294C,0x294C,0x294C,0x294C,0x294C,
    0x294C,0x294C,0xCF3F,0xCF3F,0xCF3F,0xCF3F,0xCF3F,0xCF3F,
    0xCF3F,0xCF3F,0xCF3F,0x65BF,0x65BF,0x65BF,0x65BF,0x65BF,
    0x65BF,0x65BF,0x65BF,0x65BF,0x65BF,0x65BF,0x65BF,0x65BF,
    0x65BF,0x65BF,0x65BF,0x65BF,0x65BF,0x65BF,0x0000,0x0000,
    0x0000,0x0000,0x0000,0x0000,0x0000,0x0000,0x0000,0x0000,
    0x0000,0x0000,0x0000,0x0000,0x0000,0x0000,0x0000,0x0000,
    0x0000,0x0000,0x0000,0x65BF,0x65BF,0x65BF,0x65BF,0x65BF,
    0x65BF,0x65BF,0x65BF,0x65BF,0x65BF,0x65BF,0x65BF,0x65BF,
    0x65BF,0x65BF,0x65BF,0x65BF,0x65BF,0x65BF,0x65BF,0x65BF,
    0x65BF,0x65BF,0x65BF,0x65BF,0xCF3F,0xCF3F,0xCF3F,0xCF3F,
    0xCF3F,0xCF3F,0x294C,0x294C,0x294C,0x294C,0x294C,0x294C,
    0x294C,0x294C,0x294C,0x294C,0x65BF,0x65BF,0x65BF,0x65BF,
    0x65BF,0x65BF,0x65BF,0x65BF,0x65BF,0x65BF,0x65BF,0x65BF,
    0x65BF,0x65BF,0x65BF,0x65BF,0x65BF,0x65BF,0x65BF,0x65BF,
    0x65BF,0x65BF,0x65BF,0x65BF,0x65BF,0x294C,0x294C,0x294C,
    0x294C,0x294C,0x294C,0x294C,0x294C,0x294C,0x294C,0x294C,
    0x294C,0x294C,0xCF3F,0xCF3F,0xCF3F,0xCF3F,0xCF3F,0xCF3F,
    0xCF3F,0xCF3F,0xCF3F,0x65BF,0x65BF,0x65BF,0x65BF,0x65BF,
    0x65BF,0x65BF,0x65BF,0x65BF,0x65BF,0x65BF,0x65BF,0x65BF,
    0x65BF,0x65BF,0x65BF,0x65BF,0x65BF,0x65BF,0x0000,0x0000,
    0x0000,0x0000,0x0000,0x0000,0x0000,0x0000,0x0000,0x0000,
    0x0000,0x0000,0x0000,0x0000,0x0000,0x0000,0x0000,0x0000,
    0x0000,0x0000,0x0000,0x65BF,0x65BF,0x65BF,0x65BF,0x65BF,
    0x65BF,0x65BF,0x65BF,0x65BF,0x65BF,0x65BF,0x65BF,0x65BF,
    0x65BF,0x65BF,0x65BF,0x65BF,0x65BF,0x65BF,0x65BF,0x65BF,
    0x65BF,0x65BF,0x65BF,0x65BF,0x65BF,0xCF3F,0xCF3F,0xCF3F,
    0xCF3F,0xCF3F,0x294C,0x294C,0x294C,0x294C,0x294C,0x294C,
    0x294C,0x294C,0x294C,0x294C,0x65BF,0x65BF,0x65BF,0x65BF,
    0x65BF,0x65BF,0x65BF,0x65BF,0x65BF,0x65BF,0x65BF,0x65BF,
    0x65BF,0x65BF,0x65BF,0x65BF,0x65BF,0x65BF,0x65BF,0x65BF,
    0x65BF,0x65BF,0x65BF,0x65BF,0x65BF,0x294C,0x294C,0x294C,
    0x294C,0x294C,0x294C,0x294C,0x294C,0x294C,0x294C,0x294C,
    0x294C,0x294C,0xCF3F,0xCF3F,0xCF3F,0xCF3F,0xCF3F,0xCF3F,
    0xCF3F,0xCF3F,0xCF3F,0x65BF,0x65BF,0x65BF,0x65BF,0x65BF,
    0x65BF,0x65BF,0x65BF,0x65BF,0x65BF,0x65BF,0x65BF,0x65BF,
    0x65BF,0x65BF,0x65BF,0x65BF,0x65BF,0x65BF,0x0000,0x0000,
    0x0000,0x0000,0x0000,0x0000,0x0000,0x0000,0x0000,0x0000,
    0x0000,0x0000,0x0000,0x0000,0x0000,0x0000,0x0000,0x0000,
    0x0000,0x0000,0x0000,0x65BF,0x65BF,0x65BF,0x65BF,0x65BF,
    0x65BF,0x65BF,0x65BF,0x65BF,0x65BF,0x65BF,0x65BF,0x65BF,
    0x65BF,0x65BF,0x65BF,0x65BF,0x65BF,0x65BF,0x65BF,0x65BF,
    0x65BF,0x65BF,0x65BF,0x65BF,0x65BF,0xCF3F,0xCF3F,0xCF3F,
    0xCF3F,0xCF3F,0x294C,0x294C,0x294C,0x294C,0x294C,0x294C,
    0x294C,0x294C,0x294C,0x65BF,0x65BF,0x65BF,0x65BF,0x65BF,
    0x65BF,0x65BF,0x65BF,0x65BF,0x65BF,0x65BF,0x65BF,0x65BF,
    0x65BF,0x65BF,0x65BF,0x65BF,0x65BF,0x65BF,0x65BF,0x65BF,
    0x65BF,0x65BF,0x65BF,0x65BF,0x65BF,0x65BF,0x294C,0x294C,
    0x294C,0x294C,0x294C,0x294C,0x294C,0x294C,0x294C,0x294C,
    0x294C,0x294C,0xCF3F,0xCF3F,0xCF3F,0xCF3F,0xCF3F,0xCF3F,
    0xCF3F,0xCF3F,0x65BF,0x65BF,0x65BF,0x65BF,0x65BF,0x65BF,
    0x65BF,0x65BF,0x65BF,0x65BF,0x65BF,0x65BF,0x65BF,0x65BF,
    0x65BF,0x65BF,0x65BF,0x65BF,0x65BF,0x65BF,0x0000,0x0000,
    0x0000,0x0000,0x0000,0x0000,0x0000,0x0000,0x0000,0x0000,
    0x0000,0x0000,0x0000,0x0000,0x0000,0x0000,0x0000,0x0000,
    0x0000,0x0000,0x65BF,0x65BF,0x65BF,0x65BF,0x65BF,0x65BF,
    0x65BF,0x65BF,0x65BF,0x65BF,0x65BF,0x65BF,0x65BF,0x65BF,
    0x65BF,0x65BF,0x65BF,0x65BF,0x65BF,0x65BF,0x65BF,0x65BF,
    0x65BF,0x65BF,0x65BF,0x65BF,0x65BF,0x65BF,0xCF3F,0xCF3F,
    0xCF3F,0x294C,0x294C,0x294C,0x294C,0x294C,0x294C,0x294C,
    0x294C,0x294C,0x294C,0x65BF,0x65BF,0x65BF,0x65BF,0x65BF,
    0x65BF,0x65BF,0x65BF,0x65BF,0x65BF,0x65BF,0x65BF,0x65BF,
    0x65BF,0x65BF,0x65BF,0x65BF,0x65BF,0x65BF,0x65BF,0x65BF,
    0x65BF,0x65BF,0x65BF,0x65BF,0x65BF,0x65BF,0x294C,0x294C,
    0x294C,0x294C,0x294C,0x294C,0x294C,0x294C,0x294C,0x294C,
    0x294C,0x294C,0xCF3F,0xCF3F,0xCF3F,0xCF3F,0xCF3F,0xCF3F,
    0xCF3F,0xCF3F,0x65BF,0x65BF,0x65BF,0x65BF,0x65BF,0x65BF,
    0x65BF,0x65BF,0x65BF,0x65BF,0x65BF,0x65BF,0x65BF,0x65BF,
    0x65BF,0x65BF,0x65BF,0x65BF,0x65BF,0x65BF,0x65BF,0x0000,
    0x0000,0x0000,0x0000,0x0000,0x0000,0x0000,0x0000,0x0000,
    0x0000,0x0000,0x0000,0x0000,0x0000,0x0000,0x0000,0x0000,
    0x0000,0x0000,0x65BF,0x65BF,0x65BF,0x65BF,0x65BF,0x65BF,
    0x65BF,0x65BF,0x65BF,0x65BF,0x65BF,0x65BF,0x65BF,0x65BF,
    0x65BF,0x65BF,0x65BF,0x65BF,0x65BF,0x65BF,0x65BF,0x65BF,
    0x65BF,0x65BF,0x65BF,0x65BF,0x65BF,0x65BF,0xCF3F,0xCF3F,
    0xCF3F,0x294C,0x294C,0x294C,0x294C,0x294C,0x294C,0x294C,
    0x294C,0x294C,0x65BF,0x65BF,0x65BF,0x65BF,0x65BF,0x65BF,
    0x65BF,0x65BF,0x65BF,0x65BF,0x65BF,0x65BF,0x65BF,0x65BF,
    0x65BF,0x65BF,0x65BF,0x65BF,0x65BF,0x65BF,0x65BF,0x65BF,
    0x65BF,0x65BF,0x65BF,0x65BF,0x65BF,0x65BF,0x65BF,0x294C,
    0x294C,0x294C,0x294C,0x294C,0x294C,0x294C,0x294C,0x294C,
    0x294C,0x294C,0xCF3F,0xCF3F,0xCF3F,0xCF3F,0xCF3F,0xCF3F,
    0xCF3F,0x65BF,0x65BF,0x65BF,0x65BF,0x65BF,0x65BF,0x65BF,
    0x65BF,0x65BF,0x65BF,0x65BF,0x65BF,0x65BF,0x65BF,0x65BF,
    0x65BF,0x65BF,0x65BF,0x65BF,0x65BF,0x65BF,0x65BF,0x0000,
    0x0000,0x0000,0x0000,0x0000,0x0000,0x0000,0x0000,0x0000,
    0x0000,0x0000,0x0000,0x0000,0x0000,0x0000,0x0000,0x0000,
    0x0000,0x0000,0x65BF,0x65BF,0x65BF,0x65BF,0x65BF,0x65BF,
    0x65BF,0x65BF,0x65BF,0x65BF,0x65BF,0x65BF,0x65BF,0x65BF,
    0x65BF,0x65BF,0x65BF,0x65BF,0x65BF,0x65BF,0x65BF,0x65BF,
    0x65BF,0x65BF,0x65BF,0x65BF,0x65BF,0x65BF,0x65BF,0xCF3F,
    0x65BF,0x294C,0x294C,0x294C,0x294C,0x294C,0x294C,0x294C,
    0x65BF,0x65BF,0x65BF,0x65BF,0x65BF,0x65BF,0x65BF,0x65BF,
    0x65BF,0x65BF,0x65BF,0x65BF,0x65BF,0x65BF,0x65BF,0x65BF,
    0x65BF,0x65BF,0x65BF,0x65BF,0x65BF,0x65BF,0x65BF,0x65BF,
    0x65BF,0x65BF,0x65BF,0x65BF,0x65BF,0x65BF,0x65BF,0x65BF,
    0x65BF,0x294C,0x294C,0x294C,0x294C,0x294C,0x294C,0x294C,
    0x65BF,0x65BF,0xCF3F,0xCF3F,0xCF3F,0xCF3F,0xCF3F,0xCF3F,
    0xCF3F,0x65BF,0x65BF,0x65BF,0x65BF,0x65BF,0x65BF,0x65BF,
    0x65BF,0x65BF,0x65BF,0x65BF,0x65BF,0x65BF,0x65BF,0x65BF,
    0x65BF,0x65BF,0x65BF,0x65BF,0x65BF,0x65BF,0x65BF,0x0000,
    0x0000,0x0000,0x0000,0x0000,0x0000,0x0000,0x0000,0x0000,
    0x0000,0x0000,0x0000,0x0000,0x0000,0x0000,0x0000,0x0000,
    0x0000,0x0000,0x65BF,0x65BF,0x65BF,0x65BF,0x65BF,0x65BF,
    0x65BF,0x65BF,0x65BF,0x65BF,0x65BF,0x65BF,0x65BF,0x65BF,
    0x65BF,0x65BF,0x65BF,0x65BF,0x65BF,0x65BF,0x65BF,0x65BF,
    0x65BF,0x65BF,0x65BF,0x65BF,0x65BF,0x65BF,0x65BF,0xCF3F,
    0x65BF,0x65BF,0x65BF,0x65BF,0x294C,0x65BF,0x65BF,0x65BF,
    0x65BF,0x65BF,0x65BF,0x65BF,0x65BF,0x65BF,0x65BF,0x65BF,
    0x65BF,0x65BF,0x65BF,0x65BF,0x65BF,0x65BF,0x65BF,0x65BF,
    0x65BF,0x65BF,0x65BF,0x65BF,0x65BF,0x65BF,0x65BF,0x65BF,
    0x65BF,0x65BF,0x65BF,0x65BF,0x65BF,0x65BF,0x65BF,0x65BF,
    0x65BF,0x65BF,0x65BF,0x65BF,0x294C,0x65BF,0x65BF,0x65BF,
    0x65BF,0x65BF,0xCF3F,0xCF3F,0xCF3F,0xCF3F,0xCF3F,0xCF3F,
    0x65BF,0x65BF,0x65BF,0x65BF,0x65BF,0x65BF,0x65BF,0x65BF,
    0x65BF,0x65BF,0x65BF,0x65BF,0x65BF,0x65BF,0x65BF,0x65BF,
    0x65BF,0x65BF,0x65BF,0x65BF,0x65BF,0x65BF,0x65BF,0x0000,
    0x0000,0x0000,0x0000,0x0000,0x0000,0x0000,0x0000,0x0000,
    0x0000,0x0000,0x0000,0x0000,0x0000,0x0000,0x0000,0x0000,
    0x0000,0x0000,0x65BF,0x65BF,0x65BF,0x65BF,0x65BF,0x65BF,
    0x65BF,0x65BF,0x65BF,0x65BF,0x65BF,0x65BF,0x65BF,0x65BF,
    0x65BF,0x65BF,0x65BF,0x65BF,0x65BF,0x65BF,0x65BF,0x65BF,
    0x65BF,0x65BF,0x65BF,0x65BF,0x65BF,0x65BF,0x65BF,0x65BF,
    0x65BF,0x65BF,0x65BF,0x65BF,0x65BF,0x65BF,0x65BF,0x65BF,
    0x65BF,0x65BF,0x65BF,0x65BF,0x65BF,0x65BF,0x65BF,0x65BF,
    0x65BF,0x65BF,0x65BF,0x65BF,0x65BF,0x65BF,0x65BF,0x65BF,
    0x65BF,0x65BF,0x65BF,0x65BF,0x65BF,0x65BF,0x65BF,0x65BF,
    0x65BF,0x65BF,0x65BF,0x65BF,0x65BF,0x65BF,0x65BF,0x65BF,
    0x65BF,0x65BF,0x65BF,0x65BF,0x65BF,0x65BF,0x65BF,0x65BF,
    0x65BF,0x65BF,0xCF3F,0xCF3F,0xCF3F,0xCF3F,0xCF3F,0xCF3F,
    0x65BF,0x65BF,0x65BF,0x65BF,0x65BF,0x65BF,0x65BF,0x65BF,
    0x65BF,0x65BF,0x65BF,0x65BF,0x65BF,0x65BF,0x65BF,0x65BF,
    0x65BF,0x65BF,0x65BF,0x65BF,0x65BF,0x65BF,0x65BF,0x0000,
    0x0000,0x0000,0x0000,0x0000,0x0000,0x0000,0x0000,0x0000,
    0x0000,0x0000,0x0000,0x0000,0x0000,0x0000,0x0000,0x0000,
    0x0000,0x0000,0x65BF,0x65BF,0x65BF,0x65BF,0x65BF,0x65BF,
    0x65BF,0x65BF,0x65BF,0x65BF,0x65BF,0x65BF,0x65BF,0x65BF,
    0x65BF,0x65BF,0x65BF,0x65BF,0x65BF,0x65BF,0x65BF,0x65BF,
    0x65BF,0x65BF,0x65BF,0x65BF,0x65BF,0x65BF,0x65BF,0x65BF,
    0x65BF,0x65BF,0x65BF,0x65BF,0x65BF,0x65BF,0x65BF,0x65BF,
    0x65BF,0x65BF,0x65BF,0x65BF,0x65BF,0x65BF,0x65BF,0x65BF,
    0x65BF,0x65BF,0x65BF,0x65BF,0x65BF,0x65BF,0x65BF,0x65BF,
    0x65BF,0x65BF,0x65BF,0x65BF,0x65BF,0x65BF,0x65BF,0x65BF,
    0x65BF,0x65BF,0x65BF,0x65BF,0x65BF,0x65BF,0x65BF,0x65BF,
    0x65BF,0x65BF,0x65BF,0x65BF,0x65BF,0x65BF,0x65BF,0x65BF,
    0x65BF,0x65BF,0xCF3F,0xCF3F,0xCF3F,0xCF3F,0xCF3F,0x65BF,
    0x65BF,0x65BF,0x65BF,0x65BF,0x65BF,0x65BF,0x65BF,0x65BF,
    0x65BF,0x65BF,0x65BF,0x65BF,0x65BF,0x65BF,0x65BF,0x65BF,
    0x65BF,0x65BF,0x65BF,0x65BF,0x65BF,0x65BF,0x65BF,0x0000,
    0x0000,0x0000,0x0000,0x0000,0x0000,0x0000,0x0000,0x0000,
    0x0000,0x0000,0x0000,0x0000,0x0000,0x0000,0x0000,0x0000,
    0x0000,0x0000,0x65BF,0x65BF,0x65BF,0x65BF,0x65BF,0x65BF,
    0x65BF,0x65BF,0x65BF,0x65BF,0x65BF,0x65BF,0x65BF,0x65BF,
    0x65BF,0x65BF,0x65BF,0x65BF,0x65BF,0x65BF,0x65BF,0x65BF,
    0x65BF,0x65BF,0x65BF,0x65BF,0x65BF,0x65BF,0x65BF,0x65BF,
    0x65BF,0x65BF,0x65BF,0x65BF,0x65BF,0x65BF,0x65BF,0x65BF,
    0x65BF,0x65BF,0x65BF,0x65BF,0x65BF,0x65BF,0x65BF,0x65BF,
    0x65BF,0x65BF,0x65BF,0x65BF,0x65BF,0x65BF,0x65BF,0x65BF,
    0x65BF,0x65BF,0x65BF,0x65BF,0x65BF,0x65BF,0x65BF,0x65BF,
    0x65BF,0x65BF,0x65BF,0x65BF,0x65BF,0x65BF,0x65BF,0x65BF,
    0x65BF,0x65BF,0x65BF,0x65BF,0x65BF,0x65BF,0x65BF,0x65BF,
    0x65BF,0x65BF,0xCF3F,0xCF3F,0xCF3F,0xCF3F,0xCF3F,0x65BF,
    0x65BF,0x65BF,0x65BF,0x65BF,0x65BF,0x65BF,0x65BF,0x65BF,
    0x65BF,0x65BF,0x65BF,0x65BF,0x65BF,0x65BF,0x65BF,0x65BF,
    0x65BF,0x65BF,0x65BF,0x65BF,0x65BF,0x65BF,0x65BF,0x0000,
    0x0000,0x0000,0x0000,0x0000,0x0000,0x0000,0x0000,0x0000,
    0x0000,0x0000,0x0000,0x0000,0x0000,0x0000,0x0000,0x0000,
    0x0000,0x0000,0x65BF,0x65BF,0x65BF,0x65BF,0x65BF,0x65BF,
    0x65BF,0x65BF,0x65BF,0x65BF,0x65BF,0x65BF,0x65BF,0x65BF,
    0x65BF,0x65BF,0x65BF,0x65BF,0x65BF,0x65BF,0x65BF,0x65BF,
    0x65BF,0x65BF,0x65BF,0x65BF,0x65BF,0x65BF,0x65BF,0x65BF,
    0x65BF,0x65BF,0x65BF,0x65BF,0x65BF,0x65BF,0x65BF,0x65BF,
    0x65BF,0x65BF,0x65BF,0x65BF,0x65BF,0x65BF,0x65BF,0x65BF,
    0x65BF,0x65BF,0x65BF,0x65BF,0x65BF,0x65BF,0x65BF,0x65BF,
    0x65BF,0x65BF,0x65BF,0x65BF,0x65BF,0x65BF,0x65BF,0x65BF,
    0x65BF,0x65BF,0x65BF,0x65BF,0x65BF,0x65BF,0x65BF,0x65BF,
    0x65BF,0x65BF,0x65BF,0x65BF,0x65BF,0x65BF,0x65BF,0x65BF,
    0x65BF,0x65BF,0x65BF,0xCF3F,0xCF3F,0xCF3F,0x65BF,0x65BF,
    0x65BF,0x65BF,0x65BF,0x65BF,0x65BF,0x65BF,0x65BF,0x65BF,
    0x65BF,0x65BF,0x65BF,0x65BF,0x65BF,0x65BF,0x65BF,0x65BF,
    0x65BF,0x65BF,0x65BF,0x65BF,0x65BF,0x65BF,0x65BF,0x0000,
    0x0000,0x0000,0x0000,0x0000,0x0000,0x0000,0x0000,0x0000,
    0x0000,0x0000,0x0000,0x0000,0x0000,0x0000,0x0000,0x0000,
    0x0000,0x0000,0x65BF,0x65BF,0x65BF,0x65BF,0x65BF,0x65BF,
    0x65BF,0x65BF,0x65BF,0x65BF,0x65BF,0x65BF,0x65BF,0x65BF,
    0x65BF,0x65BF,0x65BF,0x65BF,0x65BF,0x65BF,0x65BF,0x65BF,
    0x65BF,0x65BF,0x65BF,0x65BF,0x65BF,0x65BF,0x65BF,0x65BF,
    0x65BF,0x65BF,0x65BF,0x65BF,0x65BF,0x65BF,0x65BF,0x65BF,
    0x65BF,0x65BF,0x65BF,0x65BF,0x65BF,0x65BF,0x65BF,0x65BF,
    0x65BF,0x65BF,0x65BF,0x65BF,0x65BF,0x65BF,0x65BF,0x65BF,
    0x65BF,0x65BF,0x65BF,0x65BF,0x65BF,0x65BF,0x65BF,0x65BF,
    0x65BF,0x65BF,0x65BF,0x65BF,0x65BF,0x65BF,0x65BF,0x65BF,
    0x65BF,0x65BF,0x65BF,0x65BF,0x65BF,0x65BF,0x65BF,0x65BF,
    0x65BF,0x65BF,0x65BF,0xCF3F,0xCF3F,0xCF3F,0x65BF,0x65BF,
    0x65BF,0x65BF,0x65BF,0x65BF,0x65BF,0x65BF,0x65BF,0x65BF,
    0x65BF,0x65BF,0x65BF,0x65BF,0x65BF,0x65BF,0x65BF,0x65BF,
    0x65BF,0x65BF,0x65BF,0x65BF,0x65BF,0x65BF,0x65BF,0x0000,
    0x0000,0x0000,0x0000,0x0000,0x0000,0x0000,0x0000,0x0000,
    0x0000,0x0000,0x0000,0x0000,0x0000,0x0000,0x0000,0x0000,
    0x0000,0x0000,0x65BF,0x65BF,0x65BF,0x65BF,0x65BF,0x65BF,
    0x65BF,0x65BF,0x65BF,0x65BF,0x65BF,0x65BF,0x65BF,0x65BF,
    0x65BF,0x65BF,0x65BF,0x65BF,0x65BF,0x65BF,0x65BF,0x65BF,
    0x65BF,0x65BF,0x65BF,0x65BF,0x65BF,0x65BF,0x65BF,0x65BF,
    0x65BF,0x65BF,0x65BF,0x65BF,0x65BF,0x65BF,0x65BF,0x65BF,
    0x65BF,0x65BF,0x65BF,0x65BF,0x65BF,0x65BF,0x65BF,0x65BF,
    0x65BF,0x65BF,0x65BF,0x65BF,0x65BF,0x65BF,0x65BF,0x65BF,
    0x65BF,0x65BF,0x65BF,0x65BF,0x65BF,0x65BF,0x65BF,0x65BF,
    0x65BF,0x65BF,0x65BF,0x65BF,0x65BF,0x65BF,0x65BF,0x65BF,
    0x65BF,0x65BF,0x65BF,0x65BF,0x65BF,0x65BF,0x65BF,0x65BF,
    0x65BF,0x65BF,0x65BF,0x65BF,0xCF3F,0x65BF,0x65BF,0x65BF,
    0x65BF,0x65BF,0x65BF,0x65BF,0x65BF,0x65BF,0x65BF,0x65BF,
    0x65BF,0x65BF,0x65BF,0x65BF,0x65BF,0x65BF,0x65BF,0x65BF,
    0x65BF,0x65BF,0x65BF,0x65BF,0x65BF,0x65BF,0x65BF,0x0000,
    0x0000,0x0000,0x0000,0x0000,0x0000,0x0000,0x0000,0x0000,
    0x0000,0x0000,0x0000,0x0000,0x0000,0x0000,0x0000,0x0000,
    0x0000,0x65BF,0x65BF,0x65BF,0x65BF,0x65BF,0x65BF,0x65BF,
    0x65BF,0x65BF,0x65BF,0x65BF,0x65BF,0x65BF,0x65BF,0x65BF,
    0x65BF,0x65BF,0x65BF,0x65BF,0x65BF,0x65BF,0x65BF,0x65BF,
    0x65BF,0x65BF,0x65BF,0x65BF,0x65BF,0x65BF,0x65BF,0x65BF,
    0x65BF,0x65BF,0x65BF,0x65BF,0x65BF,0x65BF,0x65BF,0x65BF,
    0x65BF,0x65BF,0x65BF,0x65BF,0x65BF,0x65BF,0x65BF,0x65BF,
    0x65BF,0x65BF,0x65BF,0x65BF,0x65BF,0x65BF,0x65BF,0x65BF,
    0x65BF,0x65BF,0x65BF,0x65BF,0x65BF,0x65BF,0x65BF,0x65BF,
    0x65BF,0x65BF,0x65BF,0x65BF,0x65BF,0x65BF,0x65BF,0x65BF,
    0x65BF,0x65BF,0x65BF,0x65BF,0x65BF,0x65BF,0x65BF,0x65BF,
    0x65BF,0x65BF,0x65BF,0x65BF,0xCF3F,0x65BF,0x65BF,0x65BF,
    0x65BF,0x65BF,0x65BF,0x65BF,0x65BF,0x65BF,0x65BF,0x65BF,
    0x65BF,0x65BF,0x65BF,0x65BF,0x65BF,0x65BF,0x65BF,0x65BF,
    0x65BF,0x65BF,0x65BF,0x65BF,0x65BF,0x65BF,0x65BF,0x65BF,
    0x0000,0x0000,0x0000,0x0000,0x0000,0x0000,0x0000,0x0000,
    0x0000,0x0000,0x0000,0x0000,0x0000,0x0000,0x0000,0x0000,
    0x0000,0x0000,0x65BF,0x65BF,0x65BF,0x65BF,0x65BF,0x65BF,
    0x65BF,0x65BF,0x65BF,0x65BF,0x65BF,0x65BF,0x65BF,0x65BF,
    0x65BF,0x65BF,0x65BF,0x65BF,0x65BF,0x65BF,0x65BF,0x65BF,
    0x65BF,0x65BF,0x65BF,0x65BF,0x65BF,0x65BF,0x65BF,0x65BF,
    0x65BF,0x65BF,0x65BF,0x65BF,0x65BF,0x65BF,0x65BF,0x65BF,
    0x65BF,0x65BF,0x65BF,0x65BF,0x65BF,0x65BF,0x65BF,0x65BF,
    0x65BF,0x65BF,0x65BF,0x65BF,0x65BF,0x65BF,0x65BF,0x65BF,
    0x65BF,0x65BF,0x65BF,0x65BF,0x65BF,0x65BF,0x65BF,0x65BF,
    0x65BF,0x65BF,0x65BF,0x65BF,0x65BF,0x65BF,0x65BF,0x65BF,
    0x65BF,0x65BF,0x65BF,0x65BF,0x65BF,0x65BF,0x65BF,0x65BF,
    0x65BF,0x65BF,0x65BF,0x65BF,0x65BF,0x65BF,0x65BF,0x65BF,
    0x65BF,0x65BF,0x65BF,0x65BF,0x65BF,0x65BF,0x65BF,0x65BF,
    0x65BF,0x65BF,0x65BF,0x65BF,0x65BF,0x65BF,0x65BF,0x65BF,
    0x65BF,0x65BF,0x65BF,0x65BF,0x65BF,0x65BF,0x65BF,0x0000,
    0x0000,0x0000,0x0000,0x0000,0x0000,0x0000,0x0000,0x0000,
    0x0000,0x0000,0x0000,0x0000,0x0000,0x0000,0x0000,0x0000,
    0x0000,0x0000,0x65BF,0x65BF,0x65BF,0x65BF,0x65BF,0x65BF,
    0x65BF,0x65BF,0x65BF,0x65BF,0x65BF,0x65BF,0x65BF,0x65BF,
    0x65BF,0x65BF,0x65BF,0x65BF,0x65BF,0x65BF,0x65BF,0x65BF,
    0x65BF,0x65BF,0x65BF,0x65BF,0x65BF,0x65BF,0x65BF,0x65BF,
    0x65BF,0x65BF,0x65BF,0x65BF,0x65BF,0x65BF,0x65BF,0x65BF,
    0x65BF,0x65BF,0x65BF,0x65BF,0x65BF,0x65BF,0x65BF,0x65BF,
    0x65BF,0x65BF,0x65BF,0x65BF,0x65BF,0x65BF,0x65BF,0x65BF,
    0x65BF,0x65BF,0x65BF,0x65BF,0x65BF,0x65BF,0x65BF,0x65BF,
    0x65BF,0x65BF,0x65BF,0x65BF,0x65BF,0x65BF,0x65BF,0x65BF,
    0x65BF,0x65BF,0x65BF,0x65BF,0x65BF,0x65BF,0x65BF,0x65BF,
    0x65BF,0x65BF,0x65BF,0x65BF,0x65BF,0x65BF,0x65BF,0x65BF,
    0x65BF,0x65BF,0x65BF,0x65BF,0x65BF,0x65BF,0x65BF,0x65BF,
    0x65BF,0x65BF,0x65BF,0x65BF,0x65BF,0x65BF,0x65BF,0x65BF,
    0x65BF,0x65BF,0x65BF,0x65BF,0x65BF,0x65BF,0x65BF,0x0000,
    0x0000,0x0000,0x0000,0x0000,0x0000,0x0000,0x0000,0x0000,
    0x0000,0x0000,0x0000,0x0000,0x0000,0x0000,0x0000,0x0000,
    0x0000,0x0000,0x65BF,0x65BF,0x65BF,0x65BF,0x65BF,0x65BF,
    0x65BF,0x65BF,0x65BF,0x65BF,0x65BF,0x65BF,0x65BF,0x65BF,
    0x65BF,0x65BF,0x65BF,0x65BF,0x65BF,0x65BF,0x65BF,0x65BF,
    0x65BF,0x65BF,0x65BF,0x65BF,0x65BF,0x65BF,0x65BF,0x65BF,
    0x65BF,0x65BF,0x65BF,0x65BF,0x65BF,0x65BF,0x65BF,0x65BF,
    0x65BF,0x65BF,0x65BF,0x65BF,0x65BF,0x65BF,0x65BF,0x65BF,
    0x65BF,0x65BF,0x65BF,0x65BF,0x65BF,0x65BF,0x65BF,0x65BF,
    0x65BF,0x65BF,0x65BF,0x65BF,0x65BF,0x65BF,0x65BF,0x65BF,
    0x65BF,0x65BF,0x65BF,0x65BF,0x65BF,0x65BF,0x65BF,0x65BF,
    0x65BF,0x65BF,0x65BF,0x65BF,0x65BF,0x65BF,0x65BF,0x65BF,
    0x65BF,0x65BF,0x65BF,0x65BF,0x65BF,0x65BF,0x65BF,0x65BF,
    0x65BF,0x65BF,0x65BF,0x65BF,0x65BF,0x65BF,0x65BF,0x65BF,
    0x65BF,0x65BF,0x65BF,0x65BF,0x65BF,0x65BF,0x65BF,0x65BF,
    0x65BF,0x65BF,0x65BF,0x65BF,0x65BF,0x65BF,0x65BF,0x0000,
    0x0000,0x0000,0x0000,0x0000,0x0000,0x0000,0x0000,0x0000,
    0x0000,0x0000,0x0000,0x0000,0x0000,0x0000,0x0000,0x0000,
    0x0000,0x0000,0x65BF,0x65BF,0x65BF,0x65BF,0x65BF,0x65BF,
    0x65BF,0x65BF,0x65BF,0x65BF,0x65BF,0x65BF,0x65BF,0x65BF,
    0x65BF,0x65BF,0x65BF,0x65BF,0x65BF,0x65BF,0x65BF,0x65BF,
    0x65BF,0x65BF,0x65BF,0x65BF,0x65BF,0x65BF,0x65BF,0x65BF,
    0x65BF,0x65BF,0x65BF,0x65BF,0x65BF,0x65BF,0x65BF,0x65BF,
    0x65BF,0x65BF,0x65BF,0x65BF,0x65BF,0x65BF,0x65BF,0x65BF,
    0x65BF,0x65BF,0x65BF,0x65BF,0x65BF,0x65BF,0x65BF,0x65BF,
    0x65BF,0x65BF,0x65BF,0x65BF,0x65BF,0x65BF,0x65BF,0x65BF,
    0x65BF,0x65BF,0x65BF,0x65BF,0x65BF,0x65BF,0x65BF,0x65BF,
    0x65BF,0x65BF,0x65BF,0x65BF,0x65BF,0x65BF,0x65BF,0x65BF,
    0x65BF,0x65BF,0x65BF,0x65BF,0x65BF,0x65BF,0x65BF,0x65BF,
    0x65BF,0x65BF,0x65BF,0x65BF,0x65BF,0x65BF,0x65BF,0x65BF,
    0x65BF,0x65BF,0x65BF,0x65BF,0x65BF,0x65BF,0x65BF,0x65BF,
    0x65BF,0x65BF,0x65BF,0x65BF,0x65BF,0x65BF,0x65BF,0x0000,
    0x0000,0x0000,0x0000,0x0000,0x0000,0x0000,0x0000,0x0000,
    0x0000,0x0000,0x0000,0x0000,0x0000,0x0000,0x0000,0x0000,
    0x0000,0x0000,0x65BF,0x65BF,0x65BF,0x65BF,0x65BF,0x65BF,
    0x65BF,0x65BF,0x65BF,0x65BF,0x65BF,0x65BF,0x65BF,0x65BF,
    0x65BF,0x65BF,0x65BF,0x65BF,0x65BF,0x65BF,0x65BF,0x65BF,
    0x65BF,0x65BF,0x65BF,0x65BF,0x65BF,0x65BF,0x65BF,0x65BF,
    0x65BF,0x65BF,0x65BF,0x65BF,0x65BF,0x65BF,0x65BF,0x65BF,
    0x65BF,0x65BF,0x65BF,0x65BF,0x65BF,0x65BF,0x65BF,0x65BF,
    0x65BF,0x65BF,0x65BF,0x65BF,0x65BF,0x65BF,0x65BF,0x65BF,
    0x65BF,0x65BF,0x65BF,0x65BF,0x65BF,0x65BF,0x65BF,0x65BF,
    0x65BF,0x65BF,0x65BF,0x65BF,0x65BF,0x65BF,0x65BF,0x65BF,
    0x65BF,0x65BF,0x65BF,0x65BF,0x65BF,0x65BF,0x65BF,0x65BF,
    0x65BF,0x65BF,0x65BF,0x65BF,0x65BF,0x65BF,0x65BF,0x65BF,
    0x65BF,0x65BF,0x65BF,0x65BF,0x65BF,0x65BF,0x65BF,0x65BF,
    0x65BF,0x65BF,0x65BF,0x65BF,0x65BF,0x65BF,0x65BF,0x65BF,
    0x65BF,0x65BF,0x65BF,0x65BF,0x65BF,0x65BF,0x65BF,0x0000,
    0x0000,0x0000,0x0000,0x0000,0x0000,0x0000,0x0000,0x0000,
    0x0000,0x0000,0x0000,0x0000,0x0000,0x0000,0x0000,0x0000,
    0x0000,0x0000,0x65BF,0x65BF,0x65BF,0x65BF,0x65BF,0x65BF,
    0x65BF,0x65BF,0x65BF,0x65BF,0x65BF,0x65BF,0x65BF,0x65BF,
    0x65BF,0x65BF,0x65BF,0x65BF,0x65BF,0x65BF,0x65BF,0x65BF,
    0x65BF,0x65BF,0x65BF,0x65BF,0x65BF,0x65BF,0x65BF,0x65BF,
    0x65BF,0x65BF,0x65BF,0x65BF,0x65BF,0x65BF,0x65BF,0x65BF,
    0x65BF,0x65BF,0x65BF,0x65BF,0x65BF,0x65BF,0x65BF,0x65BF,
    0x65BF,0x65BF,0x65BF,0x65BF,0x65BF,0x65BF,0x65BF,0x65BF,
    0x65BF,0x65BF,0x65BF,0x65BF,0x65BF,0x65BF,0x65BF,0x65BF,
    0x65BF,0x65BF,0x65BF,0x65BF,0x65BF,0x65BF,0x65BF,0x65BF,
    0x65BF,0x65BF,0x65BF,0x65BF,0x65BF,0x65BF,0x65BF,0x65BF,
    0x65BF,0x65BF,0x65BF,0x65BF,0x65BF,0x65BF,0x65BF,0x65BF,
    0x65BF,0x65BF,0x65BF,0x65BF,0x65BF,0x65BF,0x65BF,0x65BF,
    0x65BF,0x65BF,0x65BF,0x65BF,0x65BF,0x65BF,0x65BF,0x65BF,
    0x65BF,0x65BF,0x65BF,0x65BF,0x65BF,0x65BF,0x65BF,0x0000,
    0x0000,0x0000,0x0000,0x0000,0x0000,0x0000,0x0000,0x0000,
    0x0000,0x0000,0x0000,0x0000,0x0000,0x0000,0x0000,0x0000,
    0x0000,0x0000,0x65BF,0x65BF,0x65BF,0x65BF,0x65BF,0x65BF,
    0x65BF,0x65BF,0x65BF,0x65BF,0x65BF,0x65BF,0x65BF,0x65BF,
    0x65BF,0x65BF,0x65BF,0x65BF,0x65BF,0x65BF,0x65BF,0x65BF,
    0x65BF,0x65BF,0x65BF,0x65BF,0x65BF,0x65BF,0x65BF,0x65BF,
    0x65BF,0x65BF,0x65BF,0x65BF,0x65BF,0x65BF,0x65BF,0x65BF,
    0x65BF,0x65BF,0x65BF,0x65BF,0x65BF,0x65BF,0x65BF,0x65BF,
    0x65BF,0x65BF,0x65BF,0x65BF,0x65BF,0x65BF,0x65BF,0x65BF,
    0x65BF,0x65BF,0x65BF,0x65BF,0x65BF,0x65BF,0x65BF,0x65BF,
    0x65BF,0x65BF,0x65BF,0x65BF,0x65BF,0x65BF,0x65BF,0x65BF,
    0x65BF,0x65BF,0x65BF,0x65BF,0x65BF,0x65BF,0x65BF,0x65BF,
    0x65BF,0x65BF,0x65BF,0x65BF,0x65BF,0x65BF,0x65BF,0x65BF,
    0x65BF,0x65BF,0x65BF,0x65BF,0x65BF,0x65BF,0x65BF,0x65BF,
    0x65BF,0x65BF,0x65BF,0x65BF,0x65BF,0x65BF,0x65BF,0x65BF,
    0x65BF,0x65BF,0x65BF,0x65BF,0x65BF,0x65BF,0x65BF,0x0000,
    0x0000,0x0000,0x0000,0x0000,0x0000,0x0000,0x0000,0x0000,
    0x0000,0x0000,0x0000,0x0000,0x0000,0x0000,0x0000,0x0000,
    0x0000,0x0000,0x65BF,0x65BF,0x65BF,0x65BF,0x65BF,0x65BF,
    0x65BF,0x65BF,0x65BF,0x65BF,0x65BF,0x65BF,0x65BF,0x65BF,
    0x65BF,0x65BF,0x65BF,0x65BF,0x65BF,0x65BF,0x65BF,0x65BF,
    0x65BF,0x65BF,0x65BF,0x65BF,0x65BF,0x65BF,0x65BF,0x65BF,
    0x65BF,0x65BF,0x65BF,0x65BF,0x65BF,0x65BF,0x65BF,0x65BF,
    0x65BF,0x65BF,0x65BF,0x65BF,0x65BF,0x65BF,0x65BF,0x65BF,
    0x65BF,0x65BF,0x65BF,0x65BF,0x65BF,0x65BF,0x65BF,0x65BF,
    0x65BF,0x65BF,0x65BF,0x65BF,0x65BF,0x65BF,0x65BF,0x65BF,
    0x65BF,0x65BF,0x65BF,0x65BF,0x65BF,0x65BF,0x65BF,0x65BF,
    0x65BF,0x65BF,0x65BF,0x65BF,0x65BF,0x65BF,0x65BF,0x65BF,
    0x65BF,0x65BF,0x65BF,0x65BF,0x65BF,0x65BF,0x65BF,0x65BF,
    0x65BF,0x65BF,0x65BF,0x65BF,0x65BF,0x65BF,0x65BF,0x65BF,
    0x65BF,0x65BF,0x65BF,0x65BF,0x65BF,0x65BF,0x65BF,0x65BF,
    0x65BF,0x65BF,0x65BF,0x65BF,0x65BF,0x65BF,0x65BF,0x0000,
    0x0000,0x0000,0x0000,0x0000,0x0000,0x0000,0x0000,0x0000,
    0x0000,0x0000,0x0000,0x0000,0x0000,0x0000,0x0000,0x0000,
    0x0000,0x0000,0x65BF,0x65BF,0x65BF,0x65BF,0x65BF,0x65BF,
    0x65BF,0x65BF,0x65BF,0x65BF,0x65BF,0x65BF,0x65BF,0x65BF,
    0x65BF,0x65BF,0x65BF,0x65BF,0x65BF,0x65BF,0x65BF,0x65BF,
    0x65BF,0x65BF,0x65BF,0x65BF,0x65BF,0x65BF,0x65BF,0x65BF,
    0x65BF,0x65BF,0x65BF,0x65BF,0x65BF,0x65BF,0x65BF,0x65BF,
    0x65BF,0x65BF,0x65BF,0x65BF,0x65BF,0x65BF,0x65BF,0x65BF,
    0x65BF,0x65BF,0x65BF,0x65BF,0x65BF,0x65BF,0x65BF,0x65BF,
    0x65BF,0x65BF,0x65BF,0x65BF,0x65BF,0x65BF,0x65BF,0x65BF,
    0x65BF,0x65BF,0x65BF,0x65BF,0x65BF,0x65BF,0x65BF,0x65BF,
    0x65BF,0x65BF,0x65BF,0x65BF,0x65BF,0x65BF,0x65BF,0x65BF,
    0x65BF,0x65BF,0x65BF,0x65BF,0x65BF,0x65BF,0x65BF,0x65BF,
    0x65BF,0x65BF,0x65BF,0x65BF,0x65BF,0x65BF,0x65BF,0x65BF,
    0x65BF,0x65BF,0x65BF,0x65BF,0x65BF,0x65BF,0x65BF,0x65BF,
    0x65BF,0x65BF,0x65BF,0x65BF,0x65BF,0x65BF,0x65BF,0x0000,
    0x0000,0x0000,0x0000,0x0000,0x0000,0x0000,0x0000,0x0000,
    0x0000,0x0000,0x0000,0x0000,0x0000,0x0000,0x0000,0x0000,
    0x0000,0x0000,0x65BF,0x65BF,0x65BF,0x65BF,0x65BF,0x65BF,
    0x65BF,0x65BF,0x65BF,0x65BF,0x65BF,0x65BF,0x65BF,0x65BF,
    0x65BF,0x65BF,0x65BF,0x65BF,0x65BF,0x65BF,0x65BF,0x65BF,
    0x65BF,0x65BF,0x65BF,0x65BF,0x65BF,0x65BF,0x65BF,0x65BF,
    0x65BF,0x65BF,0x65BF,0x65BF,0x65BF,0x65BF,0x65BF,0x65BF,
    0x65BF,0x65BF,0x65BF,0x65BF,0x65BF,0x65BF,0x65BF,0x65BF,
    0x65BF,0x65BF,0x65BF,0x65BF,0x65BF,0x65BF,0x65BF,0x65BF,
    0x65BF,0x65BF,0x65BF,0x65BF,0x65BF,0x65BF,0x65BF,0x65BF,
    0x65BF,0x65BF,0x65BF,0x65BF,0x65BF,0x65BF,0x65BF,0x65BF,
    0x65BF,0x65BF,0x65BF,0x65BF,0x65BF,0x65BF,0x65BF,0x65BF,
    0x65BF,0x65BF,0x65BF,0x65BF,0x65BF,0x65BF,0x65BF,0x65BF,
    0x65BF,0x65BF,0x65BF,0x65BF,0x65BF,0x65BF,0x65BF,0x65BF,
    0x65BF,0x65BF,0x65BF,0x65BF,0x65BF,0x65BF,0x65BF,0x65BF,
    0x65BF,0x65BF,0x65BF,0x65BF,0x65BF,0x65BF,0x65BF,0x0000,
    0x0000,0x0000,0x0000,0x0000,0x0000,0x0000,0x0000,0x0000,
    0x0000,0x0000,0x0000,0x0000,0x0000,0x0000,0x0000,0x0000,
    0x0000,0x0000,0x0000,0x65BF,0x65BF,0x65BF,0x65BF,0x65BF,
    0x65BF,0x65BF,0x65BF,0x65BF,0x65BF,0x65BF,0x65BF,0x65BF,
    0x65BF,0x65BF,0x65BF,0x65BF,0x65BF,0x65BF,0x65BF,0x65BF,
    0x65BF,0x65BF,0x65BF,0x65BF,0x65BF,0x65BF,0x65BF,0x65BF,
    0x65BF,0x65BF,0x65BF,0x65BF,0x65BF,0x65BF,0x65BF,0x65BF,
    0x65BF,0x65BF,0x65BF,0x65BF,0x65BF,0x65BF,0x65BF,0x65BF,
    0x65BF,0x65BF,0x65BF,0x65BF,0x65BF,0x65BF,0x65BF,0x65BF,
    0x65BF,0x65BF,0x65BF,0x65BF,0x65BF,0x65BF,0x65BF,0x65BF,
    0x65BF,0x65BF,0x65BF,0x65BF,0x65BF,0x65BF,0x65BF,0x65BF,
    0x65BF,0x65BF,0x65BF,0x65BF,0x65BF,0x65BF,0x65BF,0x65BF,
    0x65BF,0x65BF,0x65BF,0x65BF,0x65BF,0x65BF,0x65BF,0x65BF,
    0x65BF,0x65BF,0x65BF,0x65BF,0x65BF,0x65BF,0x65BF,0x65BF,
    0x65BF,0x65BF,0x65BF,0x65BF,0x65BF,0x65BF,0x65BF,0x65BF,
    0x65BF,0x65BF,0x65BF,0x65BF,0x65BF,0x65BF,0x0000,0x0000,
    0x0000,0x0000,0x0000,0x0000,0x0000,0x0000,0x0000,0x0000,
    0x0000,0x0000,0x0000,0x0000,0x0000,0x0000,0x0000,0x0000,
    0x0000,0x0000,0x0000,0x65BF,0x65BF,0x65BF,0x65BF,0x65BF,
    0x65BF,0x65BF,0x65BF,0x65BF,0x65BF,0x65BF,0x65BF,0x65BF,
    0x65BF,0x65BF,0x65BF,0x65BF,0x65BF,0x65BF,0x65BF,0x65BF,
    0x65BF,0x65BF,0x65BF,0x65BF,0x65BF,0x65BF,0x65BF,0x65BF,
    0x65BF,0x65BF,0x65BF,0x65BF,0x65BF,0x65BF,0x65BF,0x65BF,
    0x65BF,0x65BF,0x65BF,0x65BF,0x65BF,0x65BF,0x65BF,0x65BF,
    0x65BF,0x65BF,0x65BF,0x65BF,0x65BF,0x65BF,0x65BF,0x65BF,
    0x65BF,0x65BF,0x65BF,0x65BF,0x65BF,0x65BF,0x65BF,0x65BF,
    0x65BF,0x65BF,0x65BF,0x65BF,0x65BF,0x65BF,0x65BF,0x65BF,
    0x65BF,0x65BF,0x65BF,0x65BF,0x65BF,0x65BF,0x65BF,0x65BF,
    0x65BF,0x65BF,0x65BF,0x65BF,0x65BF,0x65BF,0x65BF,0x65BF,
    0x65BF,0x65BF,0x65BF,0x65BF,0x65BF,0x65BF,0x65BF,0x65BF,
    0x65BF,0x65BF,0x65BF,0x65BF,0x65BF,0x65BF,0x65BF,0x65BF,
    0x65BF,0x65BF,0x65BF,0x65BF,0x65BF,0x65BF,0x0000,0x0000,
    0x0000,0x0000,0x0000,0x0000,0x0000,0x0000,0x0000,0x0000,
    0x0000,0x0000,0x0000,0x0000,0x0000,0x0000,0x0000,0x0000,
    0x0000,0x0000,0x0000,0x65BF,0x65BF,0x65BF,0x65BF,0x65BF,
    0x65BF,0x65BF,0x65BF,0x65BF,0x65BF,0x65BF,0x65BF,0x65BF,
    0x65BF,0x65BF,0x65BF,0x65BF,0x65BF,0x65BF,0x65BF,0x65BF,
    0x65BF,0x65BF,0x65BF,0x65BF,0x65BF,0x65BF,0x65BF,0x65BF,
    0x65BF,0x65BF,0x65BF,0x65BF,0x65BF,0x65BF,0x65BF,0x65BF,
    0x65BF,0x65BF,0x65BF,0x65BF,0x65BF,0x65BF,0x65BF,0x65BF,
    0x65BF,0x65BF,0x65BF,0x65BF,0x65BF,0x65BF,0x65BF,0x65BF,
    0x65BF,0x65BF,0x65BF,0x65BF,0x65BF,0x65BF,0x65BF,0x65BF,
    0x65BF,0x65BF,0x65BF,0x65BF,0x65BF,0x65BF,0x65BF,0x65BF,
    0x65BF,0x65BF,0x65BF,0x65BF,0x65BF,0x65BF,0x65BF,0x65BF,
    0x65BF,0x65BF,0x65BF,0x65BF,0x65BF,0x65BF,0x65BF,0x65BF,
    0x65BF,0x65BF,0x65BF,0x65BF,0x65BF,0x65BF,0x65BF,0x65BF,
    0x65BF,0x65BF,0x65BF,0x65BF,0x65BF,0x65BF,0x65BF,0x65BF,
    0x65BF,0x65BF,0x65BF,0x65BF,0x65BF,0x65BF,0x0000,0x0000,
    0x0000,0x0000,0x0000,0x0000,0x0000,0x0000,0x0000,0x0000,
    0x0000,0x0000,0x0000,0x0000,0x0000,0x0000,0x0000,0x0000,
    0x0000,0x0000,0x0000,0x65BF,0x65BF,0x65BF,0x65BF,0x65BF,
    0x65BF,0x65BF,0x65BF,0x65BF,0x65BF,0x65BF,0x65BF,0x65BF,
    0x65BF,0x65BF,0x65BF,0x65BF,0x65BF,0x65BF,0x65BF,0x65BF,
    0x65BF,0x65BF,0x65BF,0x65BF,0x65BF,0x65BF,0x65BF,0x65BF,
    0x65BF,0x65BF,0x65BF,0x65BF,0x65BF,0x65BF,0x65BF,0x65BF,
    0x65BF,0x65BF,0x65BF,0x65BF,0x65BF,0x65BF,0x65BF,0x65BF,
    0x65BF,0x65BF,0x65BF,0x65BF,0x65BF,0x65BF,0x65BF,0x65BF,
    0x65BF,0x65BF,0x65BF,0x65BF,0x65BF,0x65BF,0x65BF,0x65BF,
    0x65BF,0x65BF,0x65BF,0x65BF,0x65BF,0x65BF,0x65BF,0x65BF,
    0x65BF,0x65BF,0x65BF,0x65BF,0x65BF,0x65BF,0x65BF,0x65BF,
    0x65BF,0x65BF,0x65BF,0x65BF,0x65BF,0x65BF,0x65BF,0x65BF,
    0x65BF,0x65BF,0x65BF,0x65BF,0x65BF,0x65BF,0x65BF,0x65BF,
    0x65BF,0x65BF,0x65BF,0x65BF,0x65BF,0x65BF,0x65BF,0x65BF,
    0x65BF,0x65BF,0x65BF,0x65BF,0x65BF,0x65BF,0x0000,0x0000,
    0x0000,0x0000,0x0000,0x0000,0x0000,0x0000,0x0000,0x0000,
    0x0000,0x0000,0x0000,0x0000,0x0000,0x0000,0x0000,0x0000,
    0x0000,0x0000,0x0000,0x0000,0x65BF,0x65BF,0x65BF,0x65BF,
    0x65BF,0x65BF,0x65BF,0x65BF,0x65BF,0x65BF,0x65BF,0x65BF,
    0x65BF,0x65BF,0x65BF,0x65BF,0x65BF,0x65BF,0x65BF,0x65BF,
    0x65BF,0x65BF,0x65BF,0x65BF,0x65BF,0x65BF,0x65BF,0x65BF,
    0x65BF,0x65BF,0x65BF,0x65BF,0x294C,0x294C,0x294C,0x294C,
    0x294C,0x294C,0x294C,0x294C,0x294C,0x294C,0x294C,0x294C,
    0x294C,0x294C,0x294C,0x294C,0x294C,0x294C,0x294C,0x294C,
    0x294C,0x294C,0x294C,0x294C,0x294C,0x294C,0x294C,0x294C,
    0x294C,0x294C,0x294C,0x294C,0x294C,0x294C,0x294C,0x294C,
    0x294C,0x294C,0x294C,0x294C,0x294C,0x65BF,0x65BF,0x65BF,
    0x65BF,0x65BF,0x65BF,0x65BF,0x65BF,0x65BF,0x65BF,0x65BF,
    0x65BF,0x65BF,0x65BF,0x65BF,0x65BF,0x65BF,0x65BF,0x65BF,
    0x65BF,0x65BF,0x65BF,0x65BF,0x65BF,0x65BF,0x65BF,0x65BF,
    0x65BF,0x65BF,0x65BF,0x65BF,0x65BF,0x0000,0x0000,0x0000,
    0x0000,0x0000,0x0000,0x0000,0x0000,0x0000,0x0000,0x0000,
    0x0000,0x0000,0x0000,0x0000,0x0000,0x0000,0x0000,0x0000,
    0x0000,0x0000,0x0000,0x0000,0x65BF,0x65BF,0x65BF,0x65BF,
    0x65BF,0x65BF,0x65BF,0x65BF,0x65BF,0x65BF,0x65BF,0x65BF,
    0x65BF,0x65BF,0x65BF,0x65BF,0x65BF,0x65BF,0x65BF,0x65BF,
    0x65BF,0x65BF,0x65BF,0x65BF,0x65BF,0x65BF,0x65BF,0x65BF,
    0x65BF,0x65BF,0x65BF,0x65BF,0x294C,0x294C,0x294C,0x294C,
    0x294C,0x294C,0x294C,0x294C,0x294C,0x294C,0x294C,0x294C,
    0x294C,0x294C,0x294C,0x294C,0x294C,0x294C,0x294C,0x294C,
    0x294C,0x294C,0x294C,0x294C,0x294C,0x294C,0x294C,0x294C,
    0x294C,0x294C,0x294C,0x294C,0x294C,0x294C,0x294C,0x294C,
    0x294C,0x294C,0x294C,0x294C,0x294C,0x65BF,0x65BF,0x65BF,
    0x65BF,0x65BF,0x65BF,0x65BF,0x65BF,0x65BF,0x65BF,0x65BF,
    0x65BF,0x65BF,0x65BF,0x65BF,0x65BF,0x65BF,0x65BF,0x65BF,
    0x65BF,0x65BF,0x65BF,0x65BF,0x65BF,0x65BF,0x65BF,0x65BF,
    0x65BF,0x65BF,0x65BF,0x65BF,0x65BF,0x0000,0x0000,0x0000,
    0x0000,0x0000,0x0000,0x0000,0x0000,0x0000,0x0000,0x0000,
    0x0000,0x0000,0x0000,0x0000,0x0000,0x0000,0x0000,0x0000,
    0x0000,0x0000,0x0000,0x0000,0x65BF,0x65BF,0x65BF,0x65BF,
    0x65BF,0x65BF,0x65BF,0x65BF,0x65BF,0x65BF,0x65BF,0x65BF,
    0x65BF,0x65BF,0x65BF,0x65BF,0x65BF,0x65BF,0x65BF,0x65BF,
    0x65BF,0x65BF,0x65BF,0x65BF,0x65BF,0x65BF,0x65BF,0x65BF,
    0x65BF,0x65BF,0x65BF,0x65BF,0xFFFF,0xFFFF,0xFFFF,0xFFFF,
    0xFFFF,0xFFFF,0xFFFF,0xFFFF,0x294C,0xFFFF,0xFFFF,0xFFFF,
    0xFFFF,0xFFFF,0xFFFF,0xFFFF,0x294C,0xFFFF,0xFFFF,0xFFFF,
    0xFFFF,0xFFFF,0xFFFF,0xFFFF,0x294C,0xFFFF,0xFFFF,0xFFFF,
    0xFFFF,0xFFFF,0xFFFF,0xFFFF,0x294C,0xFFFF,0xFFFF,0xFFFF,
    0xFFFF,0xFFFF,0xFFFF,0xFFFF,0xFFFF,0x65BF,0x65BF,0x65BF,
    0x65BF,0x65BF,0x65BF,0x65BF,0x65BF,0x65BF,0x65BF,0x65BF,
    0x65BF,0x65BF,0x65BF,0x65BF,0x65BF,0x65BF,0x65BF,0x65BF,
    0x65BF,0x65BF,0x65BF,0x65BF,0x65BF,0x65BF,0x65BF,0x65BF,
    0x65BF,0x65BF,0x65BF,0x65BF,0x65BF,0x0000,0x0000,0x0000,
    0x0000,0x0000,0x0000,0x0000,0x0000,0x0000,0x0000,0x0000,
    0x0000,0x0000,0x0000,0x0000,0x0000,0x0000,0x0000,0x0000,
    0x0000,0x0000,0x0000,0x0000,0x0000,0x65BF,0x65BF,0x65BF,
    0x65BF,0x65BF,0x65BF,0x65BF,0x65BF,0x65BF,0x65BF,0x65BF,
    0x65BF,0x65BF,0x65BF,0x65BF,0x65BF,0xCF3F,0xCF3F,0xCF3F,
    0xCF3F,0xCF3F,0xCF3F,0xCF3F,0xCF3F,0xCF3F,0xCF3F,0x65BF,
    0x65BF,0x65BF,0x65BF,0x65BF,0xFFFF,0xFFFF,0xFFFF,0xFFFF,
    0xFFFF,0xFFFF,0xFFFF,0xFFFF,0x294C,0xFFFF,0xFFFF,0xFFFF,
    0xFFFF,0xFFFF,0xFFFF,0xFFFF,0x294C,0xFFFF,0xFFFF,0xFFFF,
    0xFFFF,0xFFFF,0xFFFF,0xFFFF,0x294C,0xFFFF,0xFFFF,0xFFFF,
    0xFFFF,0xFFFF,0xFFFF,0xFFFF,0x294C,0xFFFF,0xFFFF,0xFFFF,
    0xFFFF,0xFFFF,0xFFFF,0xFFFF,0xFFFF,0x65BF,0x65BF,0x65BF,
    0x65BF,0x65BF,0x65BF,0x65BF,0x65BF,0x65BF,0x65BF,0x65BF,
    0x65BF,0x65BF,0x65BF,0x65BF,0x65BF,0x65BF,0x65BF,0x65BF,
    0x65BF,0x65BF,0x65BF,0x65BF,0x65BF,0x65BF,0x65BF,0x65BF,
    0x65BF,0x65BF,0x65BF,0x65BF,0x0000,0x0000,0x0000,0x0000,
    0x0000,0x0000,0x0000,0x0000,0x0000,0x0000,0x0000,0x0000,
    0x0000,0x0000,0x0000,0x0000,0x0000,0x0000,0x0000,0x0000,
    0x0000,0x0000,0x0000,0x0000,0x0000,0x65BF,0x65BF,0x65BF,
    0x65BF,0x65BF,0x65BF,0x65BF,0x65BF,0x65BF,0x65BF,0x65BF,
    0x65BF,0x65BF,0x65BF,0x65BF,0x65BF,0xCF3F,0xCF3F,0xCF3F,
    0xCF3F,0xCF3F,0xCF3F,0xCF3F,0xCF3F,0xCF3F,0xCF3F,0x65BF,
    0x65BF,0x65BF,0x65BF,0x65BF,0xFFFF,0xFFFF,0xFFFF,0xFFFF,
    0xFFFF,0xFFFF,0xFFFF,0xFFFF,0x294C,0xFFFF,0xFFFF,0xFFFF,
    0xFFFF,0xFFFF,0xFFFF,0xFFFF,0x294C,0xFFFF,0xFFFF,0xFFFF,
    0xFFFF,0xFFFF,0xFFFF,0xFFFF,0x294C,0xFFFF,0xFFFF,0xFFFF,
    0xFFFF,0xFFFF,0xFFFF,0xFFFF,0x294C,0xFFFF,0xFFFF,0xFFFF,
    0xFFFF,0xFFFF,0xFFFF,0xFFFF,0xFFFF,0x65BF,0x65BF,0x65BF,
    0x65BF,0x65BF,0x65BF,0x65BF,0x65BF,0x65BF,0x65BF,0x65BF,
    0x65BF,0x65BF,0x65BF,0x65BF,0x65BF,0x65BF,0x65BF,0x65BF,
    0x65BF,0x65BF,0x65BF,0x65BF,0x65BF,0x65BF,0x65BF,0x65BF,
    0x65BF,0x65BF,0x65BF,0x65BF,0x0000,0x0000,0x0000,0x0000,
    0x0000,0x0000,0x0000,0x0000,0x0000,0x0000,0x0000,0x0000,
    0x0000,0x0000,0x0000,0x0000,0x0000,0x0000,0x0000,0x0000,
    0x0000,0x0000,0x0000,0x0000,0x0000,0x65BF,0x65BF,0x65BF,
    0x65BF,0x65BF,0x65BF,0x65BF,0x65BF,0x65BF,0x65BF,0x65BF,
    0x65BF,0x65BF,0x65BF,0x65BF,0x65BF,0xCF3F,0xCF3F,0xCF3F,
    0xCF3F,0xCF3F,0xCF3F,0xCF3F,0xCF3F,0xCF3F,0xCF3F,0x65BF,
    0x65BF,0x65BF,0x65BF,0x65BF,0xFFFF,0xFFFF,0xFFFF,0xFFFF,
    0xFFFF,0xFFFF,0xFFFF,0xFFFF,0x294C,0xFFFF,0xFFFF,0xFFFF,
    0xFFFF,0xFFFF,0xFFFF,0xFFFF,0x294C,0xFFFF,0xFFFF,0xFFFF,
    0xFFFF,0xFFFF,0xFFFF,0xFFFF,0x294C,0xFFFF,0xFFFF,0xFFFF,
    0xFFFF,0xFFFF,0xFFFF,0xFFFF,0x294C,0xFFFF,0xFFFF,0xFFFF,
    0xFFFF,0xFFFF,0xFFFF,0xFFFF,0xFFFF,0x65BF,0x65BF,0x65BF,
    0x65BF,0x65BF,0x65BF,0x65BF,0x65BF,0x65BF,0x65BF,0x65BF,
    0x65BF,0x65BF,0x65BF,0x65BF,0x65BF,0x65BF,0x65BF,0x65BF,
    0x65BF,0x65BF,0x65BF,0x65BF,0x65BF,0x65BF,0x65BF,0x65BF,
    0x65BF,0x65BF,0x65BF,0x65BF,0x0000,0x0000,0x0000,0x0000,
    0x0000,0x0000,0x0000,0x0000,0x0000,0x0000,0x0000,0x0000,
    0x0000,0x0000,0x0000,0x0000,0x0000,0x0000,0x0000,0x0000,
    0x0000,0x0000,0x0000,0x0000,0x0000,0x0000,0x65BF,0x65BF,
    0x65BF,0x65BF,0x65BF,0x65BF,0x65BF,0x65BF,0x65BF,0x65BF,
    0x65BF,0x65BF,0x65BF,0x65BF,0x65BF,0xCF3F,0xCF3F,0xCF3F,
    0xCF3F,0xCF3F,0xCF3F,0xCF3F,0xCF3F,0xCF3F,0xCF3F,0x65BF,
    0x65BF,0x65BF,0x65BF,0x65BF,0xFFFF,0xFFFF,0xFFFF,0xFFFF,
    0xFFFF,0xFFFF,0xFFFF,0xFFFF,0x294C,0xFFFF,0xFFFF,0xFFFF,
    0xFFFF,0xFFFF,0xFFFF,0xFFFF,0x294C,0xFFFF,0xFFFF,0xFFFF,
    0xFFFF,0xFFFF,0xFFFF,0xFFFF,0x294C,0xFFFF,0xFFFF,0xFFFF,
    0xFFFF,0xFFFF,0xFFFF,0xFFFF,0x294C,0xFFFF,0xFFFF,0xFFFF,
    0xFFFF,0xFFFF,0xFFFF,0xFFFF,0xFFFF,0x65BF,0x65BF,0x65BF,
    0x65BF,0x65BF,0x65BF,0x65BF,0xCF3F,0xCF3F,0xCF3F,0xCF3F,
    0xCF3F,0xCF3F,0xCF3F,0xCF3F,0xCF3F,0xCF3F,0x65BF,0x65BF,
    0x65BF,0x65BF,0x65BF,0x65BF,0x65BF,0x65BF,0x65BF,0x65BF,
    0x65BF,0x65BF,0x65BF,0x0000,0x0000,0x0000,0x0000,0x0000,
    0x0000,0x0000,0x0000,0x0000,0x0000,0x0000,0x0000,0x0000,
    0x0000,0x0000,0x0000,0x0000,0x0000,0x0000,0x0000,0x0000,
    0x0000,0x0000,0x0000,0x0000,0x0000,0x0000,0x65BF,0x65BF,
    0x65BF,0x65BF,0x65BF,0x65BF,0x65BF,0x65BF,0x65BF,0x65BF,
    0x65BF,0x65BF,0x65BF,0x65BF,0x65BF,0xCF3F,0xCF3F,0xCF3F,
    0xCF3F,0xCF3F,0xCF3F,0xCF3F,0xCF3F,0xCF3F,0xCF3F,0x65BF,
    0x65BF,0x65BF,0x65BF,0x65BF,0xFFFF,0xFFFF,0xFFFF,0xFFFF,
    0xFFFF,0xFFFF,0xFFFF,0xFFFF,0x294C,0xFFFF,0xFFFF,0xFFFF,
    0xFFFF,0xFFFF,0xFFFF,0xFFFF,0x294C,0xFFFF,0xFFFF,0xFFFF,
    0xFFFF,0xFFFF,0xFFFF,0xFFFF,0x294C,0xFFFF,0xFFFF,0xFFFF,
    0xFFFF,0xFFFF,0xFFFF,0xFFFF,0x294C,0xFFFF,0xFFFF,0xFFFF,
    0xFFFF,0xFFFF,0xFFFF,0xFFFF,0xFFFF,0x65BF,0x65BF,0x65BF,
    0x65BF,0x65BF,0x65BF,0x65BF,0xCF3F,0xCF3F,0xCF3F,0xCF3F,
    0xCF3F,0xCF3F,0xCF3F,0xCF3F,0xCF3F,0xCF3F,0x65BF,0x65BF,
    0x65BF,0x65BF,0x65BF,0x65BF,0x65BF,0x65BF,0x65BF,0x65BF,
    0x65BF,0x65BF,0x65BF,0x0000,0x0000,0x0000,0x0000,0x0000,
    0x0000,0x0000,0x0000,0x0000,0x0000,0x0000,0x0000,0x0000,
    0x0000,0x0000,0x0000,0x0000,0x0000,0x0000,0x0000,0x0000,
    0x0000,0x0000,0x0000,0x0000,0x0000,0x0000,0x0000,0x65BF,
    0x65BF,0x65BF,0x65BF,0x65BF,0x65BF,0x65BF,0x65BF,0x65BF,
    0x65BF,0x65BF,0x65BF,0x65BF,0x65BF,0xCF3F,0xCF3F,0xCF3F,
    0xCF3F,0xCF3F,0xCF3F,0xCF3F,0xCF3F,0xCF3F,0xCF3F,0x65BF,
    0x65BF,0x65BF,0x65BF,0x65BF,0xFFFF,0xFFFF,0xFFFF,0xFFFF,
    0xFFFF,0xFFFF,0xFFFF,0xFFFF,0x294C,0xFFFF,0xFFFF,0xFFFF,
    0xFFFF,0xFFFF,0xFFFF,0xFFFF,0x294C,0xFFFF,0xFFFF,0xFFFF,
    0xFFFF,0xFFFF,0xFFFF,0xFFFF,0x294C,0xFFFF,0xFFFF,0xFFFF,
    0xFFFF,0xFFFF,0xFFFF,0xFFFF,0x294C,0xFFFF,0xFFFF,0xFFFF,
    0xFFFF,0xFFFF,0xFFFF,0xFFFF,0xFFFF,0x65BF,0x65BF,0x65BF,
    0x65BF,0x65BF,0x65BF,0x65BF,0xCF3F,0xCF3F,0xCF3F,0xCF3F,
    0xCF3F,0xCF3F,0xCF3F,0xCF3F,0xCF3F,0xCF3F,0x65BF,0x65BF,
    0x65BF,0x65BF,0x65BF,0x65BF,0x65BF,0x65BF,0x65BF,0x65BF,
    0x65BF,0x65BF,0x0000,0x0000,0x0000,0x0000,0x0000,0x0000,
    0x0000,0x0000,0x0000,0x0000,0x0000,0x0000,0x0000,0x0000,
    0x0000,0x0000,0x0000,0x0000,0x0000,0x0000,0x0000,0x0000,
    0x0000,0x0000,0x0000,0x0000,0x0000,0x0000,0x0000,0x65BF,
    0x65BF,0x65BF,0x65BF,0x65BF,0x65BF,0x65BF,0x65BF,0x65BF,
    0x65BF,0x65BF,0x65BF,0x65BF,0x65BF,0xCF3F,0xCF3F,0xCF3F,
    0xCF3F,0xCF3F,0xCF3F,0xCF3F,0xCF3F,0xCF3F,0xCF3F,0x65BF,
    0x65BF,0x65BF,0x65BF,0x65BF,0xFFFF,0xFFFF,0xFFFF,0xFFFF,
    0xFFFF,0xFFFF,0xFFFF,0xFFFF,0x294C,0xFFFF,0xFFFF,0xFFFF,
    0xFFFF,0xFFFF,0xFFFF,0xFFFF,0x294C,0xFFFF,0xFFFF,0xFFFF,
    0xFFFF,0xFFFF,0xFFFF,0xFFFF,0x294C,0xFFFF,0xFFFF,0xFFFF,
    0xFFFF,0xFFFF,0xFFFF,0xFFFF,0x294C,0xFFFF,0xFFFF,0xFFFF,
    0xFFFF,0xFFFF,0xFFFF,0xFFFF,0xFFFF,0x65BF,0x65BF,0x65BF,
    0x65BF,0x65BF,0x65BF,0x65BF,0xCF3F,0xCF3F,0xCF3F,0xCF3F,
    0xCF3F,0xCF3F,0xCF3F,0xCF3F,0xCF3F,0xCF3F,0x65BF,0x65BF,
    0x65BF,0x65BF,0x65BF,0x65BF,0x65BF,0x65BF,0x65BF,0x65BF,
    0x65BF,0x65BF,0x0000,0x0000,0x0000,0x0000,0x0000,0x0000,
    0x0000,0x0000,0x0000,0x0000,0x0000,0x0000,0x0000,0x0000,
    0x0000,0x0000,0x0000,0x0000,0x0000,0x0000,0x0000,0x0000,
    0x0000,0x0000,0x0000,0x0000,0x0000,0x0000,0x0000,0x0000,
    0x65BF,0x65BF,0x65BF,0x65BF,0x65BF,0x65BF,0x65BF,0x65BF,
    0x65BF,0x65BF,0x65BF,0x65BF,0x65BF,0xCF3F,0xCF3F,0xCF3F,
    0xCF3F,0xCF3F,0xCF3F,0xCF3F,0xCF3F,0xCF3F,0xCF3F,0x65BF,
    0x65BF,0x65BF,0x65BF,0x65BF,0xFFFF,0xFFFF,0xFFFF,0xFFFF,
    0xFFFF,0xFFFF,0xFFFF,0xFFFF,0x294C,0xFFFF,0xFFFF,0xFFFF,
    0xFFFF,0xFFFF,0xFFFF,0xFFFF,0x294C,0xFFFF,0xFFFF,0xFFFF,
    0xFFFF,0xFFFF,0xFFFF,0xFFFF,0x294C,0xFFFF,0xFFFF,0xFFFF,
    0xFFFF,0xFFFF,0xFFFF,0xFFFF,0x294C,0xFFFF,0xFFFF,0xFFFF,
    0xFFFF,0xFFFF,0xFFFF,0xFFFF,0xFFFF,0x65BF,0x65BF,0x65BF,
    0x65BF,0x65BF,0x65BF,0x65BF,0xCF3F,0xCF3F,0xCF3F,0xCF3F,
    0xCF3F,0xCF3F,0xCF3F,0xCF3F,0xCF3F,0xCF3F,0x65BF,0x65BF,
    0x65BF,0x65BF,0x65BF,0x65BF,0x65BF,0x65BF,0x65BF,0x65BF,
    0x65BF,0x0000,0x0000,0x0000,0x0000,0x0000,0x0000,0x0000,
    0x0000,0x0000,0x0000,0x0000,0x0000,0x0000,0x0000,0x0000,
    0x0000,0x0000,0x0000,0x0000,0x0000,0x0000,0x0000,0x0000,
    0x0000,0x0000,0x0000,0x0000,0x0000,0x0000,0x0000,0x0000,
    0x65BF,0x65BF,0x65BF,0x65BF,0x65BF,0x65BF,0x65BF,0x65BF,
    0x65BF,0x65BF,0x65BF,0x65BF,0x65BF,0xCF3F,0xCF3F,0xCF3F,
    0xCF3F,0xCF3F,0xCF3F,0xCF3F,0xCF3F,0xCF3F,0xCF3F,0x65BF,
    0x65BF,0x65BF,0x65BF,0x65BF,0xFFFF,0xFFFF,0xFFFF,0xFFFF,
    0xFFFF,0xFFFF,0xFFFF,0xFFFF,0x294C,0xFFFF,0xFFFF,0xFFFF,
    0xFFFF,0xFFFF,0xFFFF,0xFFFF,0x294C,0xFFFF,0xFFFF,0xFFFF,
    0xFFFF,0xFFFF,0xFFFF,0xFFFF,0x294C,0xFFFF,0xFFFF,0xFFFF,
    0xFFFF,0xFFFF,0xFFFF,0xFFFF,0x294C,0xFFFF,0xFFFF,0xFFFF,
    0xFFFF,0xFFFF,0xFFFF,0xFFFF,0xFFFF,0x65BF,0x65BF,0x65BF,
    0x65BF,0x65BF,0x65BF,0x65BF,0xCF3F,0xCF3F,0xCF3F,0xCF3F,
    0xCF3F,0xCF3F,0xCF3F,0xCF3F,0xCF3F,0xCF3F,0x65BF,0x65BF,
    0x65BF,0x65BF,0x65BF,0x65BF,0x65BF,0x65BF,0x65BF,0x65BF,
    0x65BF,0x0000,0x0000,0x0000,0x0000,0x0000,0x0000,0x0000,
    0x0000,0x0000,0x0000,0x0000,0x0000,0x0000,0x0000,0x0000,
    0x0000,0x0000,0x0000,0x0000,0x0000,0x0000,0x0000,0x0000,
    0x0000,0x0000,0x0000,0x0000,0x0000,0x0000,0x0000,0x0000,
    0x0000,0x65BF,0x65BF,0x65BF,0x65BF,0x65BF,0x65BF,0x65BF,
    0x65BF,0x65BF,0x65BF,0x65BF,0x65BF,0xCF3F,0xCF3F,0xCF3F,
    0xCF3F,0xCF3F,0xCF3F,0xCF3F,0xCF3F,0xCF3F,0xCF3F,0x65BF,
    0x65BF,0x65BF,0x65BF,0x65BF,0x294C,0x294C,0x294C,0x294C,
    0x294C,0x294C,0x294C,0x294C,0x294C,0x294C,0x294C,0x294C,
    0x294C,0x294C,0x294C,0x294C,0x294C,0x294C,0x294C,0x294C,
    0x294C,0x294C,0x294C,0x294C,0x294C,0x294C,0x294C,0x294C,
    0x294C,0x294C,0x294C,0x294C,0x294C,0x294C,0x294C,0x294C,
    0x294C,0x294C,0x294C,0x294C,0x294C,0x65BF,0x65BF,0x65BF,
    0x65BF,0x65BF,0x65BF,0x65BF,0xCF3F,0xCF3F,0xCF3F,0xCF3F,
    0xCF3F,0xCF3F,0xCF3F,0xCF3F,0xCF3F,0xCF3F,0x65BF,0x65BF,
    0x65BF,0x65BF,0x65BF,0x65BF,0x65BF,0x65BF,0x65BF,0x65BF,
    0x0000,0x0000,0x0000,0x0000,0x0000,0x0000,0x0000,0x0000,
    0x0000,0x0000,0x0000,0x0000,0x0000,0x0000,0x0000,0x0000,
    0x0000,0x0000,0x0000,0x0000,0x0000,0x0000,0x0000,0x0000,
    0x0000,0x0000,0x0000,0x0000,0x0000,0x0000,0x0000,0x0000,
    0x0000,0x65BF,0x65BF,0x65BF,0x65BF,0x65BF,0x65BF,0x65BF,
    0x65BF,0x65BF,0x65BF,0x65BF,0x65BF,0xCF3F,0xCF3F,0xCF3F,
    0xCF3F,0xCF3F,0xCF3F,0xCF3F,0xCF3F,0xCF3F,0xCF3F,0x65BF,
    0x65BF,0x65BF,0x65BF,0x65BF,0x294C,0x294C,0x294C,0xCF3F,
    0xCF3F,0xCF3F,0xCF3F,0xCF3F,0xCF3F,0xCF3F,0xCF3F,0xCF3F,
    0xCF3F,0xCF3F,0xCF3F,0xCF3F,0xCF3F,0xCF3F,0xCF3F,0xCF3F,
    0xCF3F,0xCF3F,0xCF3F,0xCF3F,0xCF3F,0xCF3F,0xCF3F,0xCF3F,
    0xCF3F,0xCF3F,0xCF3F,0xCF3F,0xCF3F,0xCF3F,0xCF3F,0xCF3F,
    0xCF3F,0xCF3F,0x294C,0x294C,0x294C,0x65BF,0x65BF,0x65BF,
    0x65BF,0x65BF,0x65BF,0x65BF,0xCF3F,0xCF3F,0xCF3F,0xCF3F,
    0xCF3F,0xCF3F,0xCF3F,0xCF3F,0xCF3F,0xCF3F,0x65BF,0x65BF,
    0x65BF,0x65BF,0x65BF,0x65BF,0x65BF,0x65BF,0x65BF,0x65BF,
    0x0000,0x0000,0x0000,0x0000,0x0000,0x0000,0x0000,0x0000,
    0x0000,0x0000,0x0000,0x0000,0x0000,0x0000,0x0000,0x0000,
    0x0000,0x0000,0x0000,0x0000,0x0000,0x0000,0x0000,0x0000,
    0x0000,0x0000,0x0000,0x0000,0x0000,0x0000,0x0000,0x0000,
    0x0000,0x0000,0x65BF,0x65BF,0x65BF,0x65BF,0x65BF,0x65BF,
    0x65BF,0x65BF,0x65BF,0x65BF,0x65BF,0xCF3F,0xCF3F,0xCF3F,
    0xCF3F,0xCF3F,0xCF3F,0xCF3F,0xCF3F,0xCF3F,0xCF3F,0x65BF,
    0x65BF,0x65BF,0x65BF,0x65BF,0x65BF,0x65BF,0x65BF,0xCF3F,
    0xCF3F,0xCF3F,0xCF3F,0xCF3F,0xCF3F,0xCF3F,0xCF3F,0xCF3F,
    0xCF3F,0xCF3F,0xCF3F,0xCF3F,0xCF3F,0xCF3F,0xCF3F,0xCF3F,
    0xCF3F,0xCF3F,0xCF3F,0xCF3F,0xCF3F,0xCF3F,0xCF3F,0xCF3F,
    0xCF3F,0xCF3F,0xCF3F,0xCF3F,0xCF3F,0xCF3F,0xCF3F,0xCF3F,
    0xCF3F,0xCF3F,0x65BF,0x65BF,0x65BF,0x65BF,0x65BF,0x65BF,
    0x65BF,0x65BF,0x65BF,0x65BF,0xCF3F,0xCF3F,0xCF3F,0xCF3F,
    0xCF3F,0xCF3F,0xCF3F,0xCF3F,0xCF3F,0xCF3F,0x65BF,0x65BF,
    0x65BF,0x65BF,0x65BF,0x65BF,0x65BF,0x65BF,0x65BF,0x0000,
    0x0000,0x0000,0x0000,0x0000,0x0000,0x0000,0x0000,0x0000,
    0x0000,0x0000,0x0000,0x0000,0x0000,0x0000,0x0000,0x0000,
    0x0000,0x0000,0x0000,0x0000,0x0000,0x0000,0x0000,0x0000,
    0x0000,0x0000,0x0000,0x0000,0x0000,0x0000,0x0000,0x0000,
    0x0000,0x0000,0x65BF,0x65BF,0x65BF,0x65BF,0x65BF,0x65BF,
    0x65BF,0x65BF,0x65BF,0x65BF,0x65BF,0xCF3F,0xCF3F,0xCF3F,
    0xCF3F,0xCF3F,0xCF3F,0xCF3F,0xCF3F,0xCF3F,0xCF3F,0x65BF,
    0x65BF,0x65BF,0x65BF,0x65BF,0x65BF,0x65BF,0x65BF,0xCF3F,
    0xCF3F,0xCF3F,0xCF3F,0xCF3F,0xCF3F,0xCF3F,0xCF3F,0xCF3F,
    0xCF3F,0xCF3F,0xCF3F,0xCF3F,0xCF3F,0xCF3F,0xCF3F,0xCF3F,
    0xCF3F,0xCF3F,0xCF3F,0xCF3F,0xCF3F,0xCF3F,0xCF3F,0xCF3F,
    0xCF3F,0xCF3F,0xCF3F,0xCF3F,0xCF3F,0xCF3F,0xCF3F,0xCF3F,
    0xCF3F,0xCF3F,0x65BF,0x65BF,0x65BF,0x65BF,0x65BF,0x65BF,
    0x65BF,0x65BF,0x65BF,0x65BF,0xCF3F,0xCF3F,0xCF3F,0xCF3F,
    0xCF3F,0xCF3F,0xCF3F,0xCF3F,0xCF3F,0xCF3F,0x65BF,0x65BF,
    0x65BF,0x65BF,0x65BF,0x65BF,0x65BF,0x65BF,0x65BF,0x0000,
    0x0000,0x0000,0x0000,0x0000,0x0000,0x0000,0x0000,0x0000,
    0x0000,0x0000,0x0000,0x0000,0x0000,0x0000,0x0000,0x0000,
    0x0000,0x0000,0x0000,0x0000,0x0000,0x0000,0x0000,0x0000,
    0x0000,0x0000,0x0000,0x0000,0x0000,0x0000,0x0000,0x0000,
    0x0000,0x0000,0x0000,0x65BF,0x65BF,0x65BF,0x65BF,0x65BF,
    0x65BF,0x65BF,0x65BF,0x65BF,0x65BF,0xCF3F,0xCF3F,0xCF3F,
    0xCF3F,0xCF3F,0xCF3F,0xCF3F,0xCF3F,0xCF3F,0xCF3F,0x65BF,
    0x65BF,0x65BF,0x65BF,0x65BF,0x65BF,0x65BF,0x65BF,0x65BF,
    0xCF3F,0xCF3F,0xCF3F,0xCF3F,0xCF3F,0xCF3F,0xCF3F,0xCF3F,
    0xCF3F,0x65BF,0xCF3F,0xCF3F,0xCF3F,0xCF3F,0xCF3F,0xCF3F,
    0xCF3F,0xCF3F,0xCF3F,0xCF3F,0xCF3F,0xCF3F,0xCF3F,0x65BF,
    0xCF3F,0xCF3F,0xCF3F,0xCF3F,0xCF3F,0xCF3F,0xCF3F,0xCF3F,
    0xCF3F,0x65BF,0x65BF,0x65BF,0x65BF,0x65BF,0x65BF,0x65BF,
    0x65BF,0x65BF,0x65BF,0x65BF,0xCF3F,0xCF3F,0xCF3F,0xCF3F,
    0xCF3F,0xCF3F,0xCF3F,0xCF3F,0xCF3F,0xCF3F,0x65BF,0x65BF,
    0x65BF,0x65BF,0x65BF,0x65BF,0x65BF,0x65BF,0x0000,0x0000,
    0x0000,0x0000,0x0000,0x0000,0x0000,0x0000,0x0000,0x0000,
    0x0000,0x0000,0x0000,0x0000,0x0000,0x0000,0x0000,0x0000,
    0x0000,0x0000,0x0000,0x0000,0x0000,0x0000,0x0000,0x0000,
    0x0000,0x0000,0x0000,0x0000,0x0000,0x0000,0x0000,0x0000,
    0x0000,0x0000,0x0000,0x0000,0x65BF,0x65BF,0x65BF,0x65BF,
    0x65BF,0x65BF,0x65BF,0x65BF,0x65BF,0xCF3F,0xCF3F,0xCF3F,
    0xCF3F,0xCF3F,0xCF3F,0xCF3F,0xCF3F,0xCF3F,0xCF3F,0x65BF,
    0x65BF,0x65BF,0x65BF,0x65BF,0x65BF,0x65BF,0x65BF,0x65BF,
    0xCF3F,0xCF3F,0xCF3F,0xCF3F,0xCF3F,0xCF3F,0xCF3F,0xCF3F,
    0xCF3F,0x65BF,0x65BF,0xCF3F,0xCF3F,0xCF3F,0xCF3F,0xCF3F,
    0xCF3F,0xCF3F,0xCF3F,0xCF3F,0xCF3F,0xCF3F,0x65BF,0x65BF,
    0xCF3F,0xCF3F,0xCF3F,0xCF3F,0xCF3F,0xCF3F,0xCF3F,0xCF3F,
    0xCF3F,0x65BF,0x65BF,0x65BF,0x65BF,0x65BF,0x65BF,0x65BF,
    0x65BF,0x65BF,0x65BF,0x65BF,0xCF3F,0xCF3F,0xCF3F,0xCF3F,
    0xCF3F,0xCF3F,0xCF3F,0xCF3F,0xCF3F,0x65BF,0x65BF,0x65BF,
    0x65BF,0x65BF,0x65BF,0x65BF,0x65BF,0x0000,0x0000,0x0000,
    0x0000,0x0000,0x0000,0x0000,0x0000,0x0000,0x0000,0x0000,
    0x0000,0x0000,0x0000,0x0000,0x0000,0x0000,0x0000,0x0000,
    0x0000,0x0000,0x0000,0x0000,0x0000,0x0000,0x0000,0x0000,
    0x0000,0x0000,0x0000,0x0000,0x0000,0x0000,0x0000,0x0000,
    0x0000,0x0000,0x0000,0x0000,0x65BF,0x65BF,0x65BF,0x65BF,
    0x65BF,0x65BF,0x65BF,0x65BF,0x65BF,0x65BF,0xCF3F,0xCF3F,
    0xCF3F,0xCF3F,0xCF3F,0xCF3F,0xCF3F,0xCF3F,0xCF3F,0x65BF,
    0x65BF,0x65BF,0x65BF,0x65BF,0x65BF,0x65BF,0x65BF,0x65BF,
    0x65BF,0xCF3F,0xCF3F,0xCF3F,0xCF3F,0xCF3F,0xCF3F,0xCF3F,
    0x65BF,0x65BF,0x65BF,0xCF3F,0xCF3F,0xCF3F,0xCF3F,0xCF3F,
    0xCF3F,0xCF3F,0xCF3F,0xCF3F,0xCF3F,0xCF3F,0x65BF,0x65BF,
    0x65BF,0xCF3F,0xCF3F,0xCF3F,0xCF3F,0xCF3F,0xCF3F,0xCF3F,
    0x65BF,0x65BF,0x65BF,0x65BF,0x65BF,0x65BF,0x65BF,0x65BF,
    0x65BF,0x65BF,0x65BF,0x65BF,0xCF3F,0xCF3F,0xCF3F,0xCF3F,
    0xCF3F,0xCF3F,0xCF3F,0xCF3F,0xCF3F,0x65BF,0x65BF,0x65BF,
    0x65BF,0x65BF,0x65BF,0x65BF,0x65BF,0x0000,0x0000,0x0000,
    0x0000,0x0000,0x0000,0x0000,0x0000,0x0000,0x0000,0x0000,
    0x0000,0x0000,0x0000,0x0000,0x0000,0x0000,0x0000,0x0000,
    0x0000,0x0000,0x0000,0x0000,0x0000,0x0000,0x0000,0x0000,
    0x0000,0x0000,0x0000,0x0000,0x0000,0x0000,0x0000,0x0000,
    0x0000,0x0000,0x0000,0x0000,0x0000,0x65BF,0x65BF,0x65BF,
    0x65BF,0x65BF,0x65BF,0x65BF,0x65BF,0x65BF,0xCF3F,0xCF3F,
    0xCF3F,0xCF3F,0xCF3F,0xCF3F,0xCF3F,0xCF3F,0xCF3F,0x65BF,
    0x65BF,0x65BF,0x65BF,0x65BF,0x65BF,0x65BF,0x65BF,0x65BF,
    0x65BF,0xCF3F,0xCF3F,0xCF3F,0xCF3F,0xCF3F,0xCF3F,0xCF3F,
    0x65BF,0x65BF,0x65BF,0x65BF,0xCF3F,0xCF3F,0xCF3F,0xCF3F,
    0xCF3F,0xCF3F,0xCF3F,0xCF3F,0xCF3F,0x65BF,0x65BF,0x65BF,
    0x65BF,0xCF3F,0xCF3F,0xCF3F,0xCF3F,0xCF3F,0xCF3F,0xCF3F,
    0x65BF,0x65BF,0x65BF,0x65BF,0x65BF,0x65BF,0x65BF,0x65BF,
    0x65BF,0x65BF,0x65BF,0x65BF,0xCF3F,0xCF3F,0xCF3F,0xCF3F,
    0xCF3F,0xCF3F,0xCF3F,0xCF3F,0x65BF,0x65BF,0x65BF,0x65BF,
    0x65BF,0x65BF,0x65BF,0x65BF,0x0000,0x0000,0x0000,0x0000,
    0x0000,0x0000,0x0000,0x0000,0x0000,0x0000,0x0000,0x0000,
    0x0000,0x0000,0x0000,0x0000,0x0000,0x0000,0x0000,0x0000,
    0x0000,0x0000,0x0000,0x0000,0x0000,0x0000,0x0000,0x0000,
    0x0000,0x0000,0x0000,0x0000,0x0000,0x0000,0x0000,0x0000,
    0x0000,0x0000,0x0000,0x0000,0x0000,0x0000,0x65BF,0x65BF,
    0x65BF,0x65BF,0x65BF,0x65BF,0x65BF,0x65BF,0x65BF,0xCF3F,
    0xCF3F,0xCF3F,0xCF3F,0xCF3F,0xCF3F,0xCF3F,0xCF3F,0x65BF,
    0x65BF,0x65BF,0x65BF,0x65BF,0x65BF,0x65BF,0x65BF,0x65BF,
    0x65BF,0x65BF,0xCF3F,0xCF3F,0xCF3F,0xCF3F,0xCF3F,0x65BF,
    0x65BF,0x65BF,0x65BF,0x65BF,0xCF3F,0xCF3F,0xCF3F,0xCF3F,
    0xCF3F,0xCF3F,0xCF3F,0xCF3F,0xCF3F,0x65BF,0x65BF,0x65BF,
    0x65BF,0x65BF,0xCF3F,0xCF3F,0xCF3F,0xCF3F,0xCF3F,0x65BF,
    0x65BF,0x65BF,0x65BF,0x65BF,0x65BF,0x65BF,0x65BF,0x65BF,
    0x65BF,0x65BF,0x65BF,0x65BF,0xCF3F,0xCF3F,0xCF3F,0xCF3F,
    0xCF3F,0xCF3F,0xCF3F,0xCF3F,0x65BF,0x65BF,0x65BF,0x65BF,
    0x65BF,0x65BF,0x65BF,0x0000,0x0000,0x0000,0x0000,0x0000,
    0x0000,0x0000,0x0000,0x0000,0x0000,0x0000,0x0000,0x0000,
    0x0000,0x0000,0x0000,0x0000,0x0000,0x0000,0x0000,0x0000,
    0x0000,0x0000,0x0000,0x0000,0x0000,0x0000,0x0000,0x0000,
    0x0000,0x0000,0x0000,0x0000,0x0000,0x0000,0x0000,0x0000,
    0x0000,0x0000,0x0000,0x0000,0x0000,0x0000,0x0000,0x65BF,
    0x65BF,0x65BF,0x65BF,0x65BF,0x65BF,0x65BF,0x65BF,0xCF3F,
    0xCF3F,0xCF3F,0xCF3F,0xCF3F,0xCF3F,0xCF3F,0xCF3F,0x65BF,
    0x65BF,0x65BF,0x65BF,0x65BF,0x65BF,0x65BF,0x65BF,0x65BF,
    0x65BF,0x65BF,0xCF3F,0xCF3F,0xCF3F,0xCF3F,0xCF3F,0x65BF,
    0x65BF,0x65BF,0x65BF,0x65BF,0x65BF,0xCF3F,0xCF3F,0xCF3F,
    0xCF3F,0xCF3F,0xCF3F,0xCF3F,0x65BF,0x65BF,0x65BF,0x65BF,
    0x65BF,0x65BF,0xCF3F,0xCF3F,0xCF3F,0xCF3F,0xCF3F,0x65BF,
    0x65BF,0x65BF,0x65BF,0x65BF,0x65BF,0x65BF,0x65BF,0x65BF,
    0x65BF,0x65BF,0x65BF,0x65BF,0xCF3F,0xCF3F,0xCF3F,0xCF3F,
    0xCF3F,0xCF3F,0xCF3F,0x65BF,0x65BF,0x65BF,0x65BF,0x65BF,
    0x65BF,0x65BF,0x0000,0x0000,0x0000,0x0000,0x0000,0x0000,
    0x0000,0x0000,0x0000,0x0000,0x0000,0x0000,0x0000,0x0000,
    0x0000,0x0000,0x0000,0x0000,0x0000,0x0000,0x0000,0x0000,
    0x0000,0x0000,0x0000,0x0000,0x0000,0x0000,0x0000,0x0000,
    0x0000,0x0000,0x0000,0x0000,0x0000,0x0000,0x0000,0x0000,
    0x0000,0x0000,0x0000,0x0000,0x0000,0x0000,0x0000,0x0000,
    0x65BF,0x65BF,0x65BF,0x65BF,0x65BF,0x65BF,0x65BF,0x65BF,
    0xCF3F,0xCF3F,0xCF3F,0xCF3F,0xCF3F,0xCF3F,0xCF3F,0x65BF,
    0x65BF,0x65BF,0x65BF,0x65BF,0x65BF,0x65BF,0x65BF,0x65BF,
    0x65BF,0x65BF,0x65BF,0xCF3F,0xCF3F,0xCF3F,0x65BF,0x65BF,
    0x65BF,0x65BF,0x65BF,0x65BF,0x65BF,0xCF3F,0xCF3F,0xCF3F,
    0xCF3F,0xCF3F,0xCF3F,0xCF3F,0x65BF,0x65BF,0x65BF,0x65BF,
    0x65BF,0x65BF,0x65BF,0xCF3F,0xCF3F,0xCF3F,0x65BF,0x65BF,
    0x65BF,0x65BF,0x65BF,0x65BF,0x65BF,0x65BF,0x65BF,0x65BF,
    0x65BF,0x65BF,0x65BF,0x65BF,0xCF3F,0xCF3F,0xCF3F,0xCF3F,
    0xCF3F,0xCF3F,0xCF3F,0x65BF,0x65BF,0x65BF,0x65BF,0x65BF,
    0x65BF,0x0000,0x0000,0x0000,0x0000,0x0000,0x0000,0x0000,
    0x0000,0x0000,0x0000,0x0000,0x0000,0x0000,0x0000,0x0000,
    0x0000,0x0000,0x0000,0x0000,0x0000,0x0000,0x0000,0x0000,
    0x0000,0x0000,0x0000,0x0000,0x0000,0x0000,0x0000,0x0000,
    0x0000,0x0000,0x0000,0x0000,0x0000,0x0000,0x0000,0x0000,
    0x0000,0x0000,0x0000,0x0000,0x0000,0x0000,0x0000,0x0000,
    0x0000,0x65BF,0x65BF,0x65BF,0x65BF,0x65BF,0x65BF,0x65BF,
    0xCF3F,0xCF3F,0xCF3F,0xCF3F,0xCF3F,0xCF3F,0xCF3F,0x65BF,
    0x65BF,0x65BF,0x65BF,0x65BF,0x65BF,0x65BF,0x65BF,0x65BF,
    0x65BF,0x65BF,0x65BF,0xCF3F,0xCF3F,0xCF3F,0x65BF,0x65BF,
    0x65BF,0x65BF,0x65BF,0x65BF,0x65BF,0x65BF,0xCF3F,0xCF3F,
    0xCF3F,0xCF3F,0xCF3F,0x65BF,0x65BF,0x65BF,0x65BF,0x65BF,
    0x65BF,0x65BF,0x65BF,0xCF3F,0xCF3F,0xCF3F,0x65BF,0x65BF,
    0x65BF,0x65BF,0x65BF,0x65BF,0x65BF,0x65BF,0x65BF,0x65BF,
    0x65BF,0x65BF,0x65BF,0x65BF,0xCF3F,0xCF3F,0xCF3F,0xCF3F,
    0xCF3F,0xCF3F,0x65BF,0x65BF,0x65BF,0x65BF,0x65BF,0x65BF,
    0x0000,0x0000,0x0000,0x0000,0x0000,0x0000,0x0000,0x0000,
    0x0000,0x0000,0x0000,0x0000,0x0000,0x0000,0x0000,0x0000,
    0x0000,0x0000,0x0000,0x0000,0x0000,0x0000,0x0000,0x0000,
    0x0000,0x0000,0x0000,0x0000,0x0000,0x0000,0x0000,0x0000,
    0x0000,0x0000,0x0000,0x0000,0x0000,0x0000,0x0000,0x0000,
    0x0000,0x0000,0x0000,0x0000,0x0000,0x0000,0x0000,0x0000,
    0x0000,0x0000,0x65BF,0x65BF,0x65BF,0x65BF,0x65BF,0x65BF,
    0x65BF,0xCF3F,0xCF3F,0xCF3F,0xCF3F,0xCF3F,0xCF3F,0x65BF,
    0x65BF,0x65BF,0x65BF,0x65BF,0x65BF,0x65BF,0x65BF,0x65BF,
    0x65BF,0x65BF,0x65BF,0x65BF,0xCF3F,0x65BF,0x65BF,0x65BF,
    0x65BF,0x65BF,0x65BF,0x65BF,0x65BF,0x65BF,0xCF3F,0xCF3F,
    0xCF3F,0xCF3F,0xCF3F,0x65BF,0x65BF,0x65BF,0x65BF,0x65BF,
    0x65BF,0x65BF,0x65BF,0x65BF,0xCF3F,0x65BF,0x65BF,0x65BF,
    0x65BF,0x65BF,0x65BF,0x65BF,0x65BF,0x65BF,0x65BF,0x65BF,
    0x65BF,0x65BF,0x65BF,0x65BF,0xCF3F,0xCF3F,0xCF3F,0xCF3F,
    0xCF3F,0xCF3F,0x65BF,0x65BF,0x65BF,0x65BF,0x65BF,0x0000,
    0x0000,0x0000,0x0000,0x0000,0x0000,0x0000,0x0000,0x0000,
    0x0000,0x0000,0x0000,0x0000,0x0000,0x0000,0x0000,0x0000,
    0x0000,0x0000,0x0000,0x0000,0x0000,0x0000,0x0000,0x0000,
    0x0000,0x0000,0x0000,0x0000,0x0000,0x0000,0x0000,0x0000,
    0x0000,0x0000,0x0000,0x0000,0x0000,0x0000,0x0000,0x0000,
    0x0000,0x0000,0x0000,0x0000,0x0000,0x0000,0x0000,0x0000,
    0x0000,0x0000,0x0000,0x65BF,0x65BF,0x65BF,0x65BF,0x65BF,
    0x65BF,0xCF3F,0xCF3F,0xCF3F,0xCF3F,0xCF3F,0xCF3F,0x65BF,
    0x65BF,0x65BF,0x65BF,0x65BF,0x65BF,0x65BF,0x65BF,0x65BF,
    0x65BF,0x65BF,0x65BF,0x65BF,0xCF3F,0x65BF,0x65BF,0x65BF,
    0x65BF,0x65BF,0x65BF,0x65BF,0x65BF,0x65BF,0x65BF,0xCF3F,
    0xCF3F,0xCF3F,0x65BF,0x65BF,0x65BF,0x65BF,0x65BF,0x65BF,
    0x65BF,0x65BF,0x65BF,0x65BF,0xCF3F,0x65BF,0x65BF,0x65BF,
    0x65BF,0x65BF,0x65BF,0x65BF,0x65BF,0x65BF,0x65BF,0x65BF,
    0x65BF,0x65BF,0x65BF,0x65BF,0xCF3F,0xCF3F,0xCF3F,0xCF3F,
    0xCF3F,0x65BF,0x65BF,0x65BF,0x65BF,0x65BF,0x0000,0x0000,
    0x0000,0x0000,0x0000,0x0000,0x0000,0x0000,0x0000,0x0000,
    0x0000,0x0000,0x0000,0x0000,0x0000,0x0000,0x0000,0x0000,
    0x0000,0x0000,0x0000,0x0000,0x0000,0x0000,0x0000,0x0000,
    0x0000,0x0000,0x0000,0x0000,0x0000,0x0000,0x0000,0x0000,
    0x0000,0x0000,0x0000,0x0000,0x0000,0x0000,0x0000,0x0000,
    0x0000,0x0000,0x0000,0x0000,0x0000,0x0000,0x0000,0x0000,
    0x0000,0x0000,0x0000,0x0000,0x65BF,0x65BF,0x65BF,0x65BF,
    0x65BF,0x65BF,0xCF3F,0xCF3F,0xCF3F,0xCF3F,0xCF3F,0x65BF,
    0x65BF,0x65BF,0x65BF,0x65BF,0x65BF,0x65BF,0x65BF,0x65BF,
    0x65BF,0x65BF,0x65BF,0x65BF,0x65BF,0x65BF,0x65BF,0x65BF,
    0x65BF,0x65BF,0x65BF,0x65BF,0x65BF,0x65BF,0x65BF,0xCF3F,
    0xCF3F,0xCF3F,0x65BF,0x65BF,0x65BF,0x65BF,0x65BF,0x65BF,
    0x65BF,0x65BF,0x65BF,0x65BF,0x65BF,0x65BF,0x65BF,0x65BF,
    0x65BF,0x65BF,0x65BF,0x65BF,0x65BF,0x65BF,0x65BF,0x65BF,
    0x65BF,0x65BF,0x65BF,0x65BF,0xCF3F,0xCF3F,0xCF3F,0xCF3F,
    0xCF3F,0x65BF,0x65BF,0x65BF,0x65BF,0x0000,0x0000,0x0000,
    0x0000,0x0000,0x0000,0x0000,0x0000,0x0000,0x0000,0x0000,
    0x0000,0x0000,0x0000,0x0000,0x0000,0x0000,0x0000,0x0000,
    0x0000,0x0000,0x0000,0x0000,0x0000,0x0000,0x0000,0x0000,
    0x0000,0x0000,0x0000,0x0000,0x0000,0x0000,0x0000,0x0000,
    0x0000,0x0000,0x0000,0x0000,0x0000,0x0000,0x0000,0x0000,
    0x0000,0x0000,0x0000,0x0000,0x0000,0x0000,0x0000,0x0000,
    0x0000,0x0000,0x0000,0x0000,0x0000,0x65BF,0x65BF,0x65BF,
    0x65BF,0x65BF,0xCF3F,0xCF3F,0xCF3F,0xCF3F,0xCF3F,0x65BF,
    0x65BF,0x65BF,0x65BF,0x65BF,0x65BF,0x65BF,0x65BF,0x65BF,
    0x65BF,0x65BF,0x65BF,0x65BF,0x65BF,0x65BF,0x65BF,0x65BF,
    0x65BF,0x65BF,0x65BF,0x65BF,0x65BF,0x65BF,0x65BF,0x65BF,
    0xCF3F,0x65BF,0x65BF,0x65BF,0x65BF,0x65BF,0x65BF,0x65BF,
    0x65BF,0x65BF,0x65BF,0x65BF,0x65BF,0x65BF,0x65BF,0x65BF,
    0x65BF,0x65BF,0x65BF,0x65BF,0x65BF,0x65BF,0x65BF,0x65BF,
    0x65BF,0x65BF,0x65BF,0x65BF,0x65BF,0xCF3F,0xCF3F,0xCF3F,
    0x65BF,0x65BF,0x65BF,0x65BF,0x0000,0x0000,0x0000,0x0000,
    0x0000,0x0000,0x0000,0x0000,0x0000,0x0000,0x0000,0x0000,
    0x0000,0x0000,0x0000,0x0000,0x0000,0x0000,0x0000,0x0000,
    0x0000,0x0000,0x0000,0x0000,0x0000,0x0000,0x0000,0x0000,
    0x0000,0x0000,0x0000,0x0000,0x0000,0x0000,0x0000,0x0000,
    0x0000,0x0000,0x0000,0x0000,0x0000,0x0000,0x0000,0x0000,
    0x0000,0x0000,0x0000,0x0000,0x0000,0x0000,0x0000,0x0000,
    0x0000,0x0000,0x0000,0x0000,0x0000,0x0000,0x65BF,0x65BF,
    0x65BF,0x65BF,0x65BF,0xCF3F,0xCF3F,0xCF3F,0x65BF,0x65BF,
    0x65BF,0x65BF,0x65BF,0x65BF,0x65BF,0x65BF,0x65BF,0x65BF,
    0x65BF,0x65BF,0x65BF,0x65BF,0x65BF,0x65BF,0x65BF,0x65BF,
    0x65BF,0x65BF,0x65BF,0x65BF,0x65BF,0x65BF,0x65BF,0x65BF,
    0xCF3F,0x65BF,0x65BF,0x65BF,0x65BF,0x65BF,0x65BF,0x65BF,
    0x65BF,0x65BF,0x65BF,0x65BF,0x65BF,0x65BF,0x65BF,0x65BF,
    0x65BF,0x65BF,0x65BF,0x65BF,0x65BF,0x65BF,0x65BF,0x65BF,
    0x65BF,0x65BF,0x65BF,0x65BF,0x65BF,0xCF3F,0xCF3F,0xCF3F,
    0x65BF,0x65BF,0x65BF,0x0000,0x0000,0x0000,0x0000,0x0000,
    0x0000,0x0000,0x0000,0x0000,0x0000,0x0000,0x0000,0x0000,
    0x0000,0x0000,0x0000,0x0000,0x0000,0x0000,0x0000,0x0000,
    0x0000,0x0000,0x0000,0x0000,0x0000,0x0000,0x0000,0x0000,
    0x0000,0x0000,0x0000,0x0000,0x0000,0x0000,0x0000,0x0000,
    0x0000,0x0000,0x0000,0x0000,0x0000,0x0000,0x0000,0x0000,
    0x0000,0x0000,0x0000,0x0000,0x0000,0x0000,0x0000,0x0000,
    0x0000,0x0000,0x0000,0x0000,0x0000,0x0000,0x0000,0x65BF,
    0x65BF,0x65BF,0x65BF,0xCF3F,0xCF3F,0xCF3F,0x65BF,0x65BF,
    0x65BF,0x65BF,0x65BF,0x65BF,0x65BF,0x65BF,0x65BF,0x65BF,
    0x65BF,0x65BF,0x65BF,0x65BF,0x65BF,0x65BF,0x65BF,0x65BF,
    0x65BF,0x65BF,0x65BF,0x65BF,0x65BF,0x65BF,0x65BF,0x65BF,
    0x65BF,0x65BF,0x65BF,0x65BF,0x65BF,0x65BF,0x65BF,0x65BF,
    0x65BF,0x65BF,0x65BF,0x65BF,0x65BF,0x65BF,0x65BF,0x65BF,
    0x65BF,0x65BF,0x65BF,0x65BF,0x65BF,0x65BF,0x65BF,0x65BF,
    0x65BF,0x65BF,0x65BF,0x65BF,0x65BF,0x65BF,0xCF3F,0x65BF,
    0x65BF,0x65BF,0x0000,0x0000,0x0000,0x0000,0x0000,0x0000,
    0x0000,0x0000,0x0000,0x0000,0x0000,0x0000,0x0000,0x0000,
    0x0000,0x0000,0x0000,0x0000,0x0000,0x0000,0x0000,0x0000,
    0x0000,0x0000,0x0000,0x0000,0x0000,0x0000,0x0000,0x0000,
    0x0000,0x0000,0x0000,0x0000,0x0000,0x0000,0x0000,0x0000,
    0x0000,0x0000,0x0000,0x0000,0x0000,0x0000,0x0000,0x0000,
    0x0000,0x0000,0x0000,0x0000,0x0000,0x0000,0x0000,0x0000,
    0x0000,0x0000,0x0000,0x0000,0x0000,0x0000,0x0000,0x0000,
    0x0000,0x65BF,0x65BF,0x65BF,0xCF3F,0x65BF,0x65BF,0x65BF,
    0x65BF,0x65BF,0x65BF,0x65BF,0x65BF,0x65BF,0x65BF,0x65BF,
    0x65BF,0x65BF,0x65BF,0x65BF,0x65BF,0x65BF,0x65BF,0x65BF,
    0x65BF,0x65BF,0x65BF,0x65BF,0x65BF,0x65BF,0x65BF,0x65BF,
    0x65BF,0x65BF,0x65BF,0x65BF,0x65BF,0x65BF,0x65BF,0x65BF,
    0x65BF,0x65BF,0x65BF,0x65BF,0x65BF,0x65BF,0x65BF,0x65BF,
    0x65BF,0x65BF,0x65BF,0x65BF,0x65BF,0x65BF,0x65BF,0x65BF,
    0x65BF,0x65BF,0x65BF,0x65BF,0x65BF,0x65BF,0xCF3F,0x65BF,
    0x0000,0x0000,0x0000,0x0000,0x0000,0x0000,0x0000,0x0000,
    0x0000,0x0000,0x0000,0x0000,0x0000,0x0000,0x0000,0x0000,
    0x0000,0x0000,0x0000,0x0000,0x0000,0x0000,0x0000,0x0000,
    0x0000,0x0000,0x0000,0x0000,0x0000,0x0000,0x0000,0x0000,
    0x0000,0x0000,0x0000,0x0000,0x0000,0x0000,0x0000,0x0000,
    0x0000,0x0000,0x0000,0x0000,0x0000,0x0000,0x0000,0x0000,
    0x0000,0x0000,0x0000,0x0000,0x0000,0x0000,0x0000,0x0000,
    0x0000,0x0000,0x0000,0x0000,0x0000,0x0000,0x0000,0x0000,
    0x0000,0x0000,0x65BF,0x65BF,0xCF3F,0x65BF,0x65BF,0x65BF,
    0x65BF,0x65BF,0x65BF,0x65BF,0x65BF,0x65BF,0x65BF,0x65BF,
    0x65BF,0x65BF,0x65BF,0x65BF,0x65BF,0x65BF,0x65BF,0x65BF,
    0x65BF,0x65BF,0x65BF,0x65BF,0x65BF,0x65BF,0x65BF,0x65BF,
    0x65BF,0x65BF,0x65BF,0x65BF,0x65BF,0x65BF,0x65BF,0x65BF,
    0x65BF,0x65BF,0x65BF,0x65BF,0x65BF,0x65BF,0x65BF,0x65BF,
    0x65BF,0x65BF,0x65BF,0x65BF,0x65BF,0x65BF,0x65BF,0x65BF,
    0x65BF,0x65BF,0x65BF,0x65BF,0x65BF,0x65BF,0x65BF,0x0000,
    0x0000,0x0000,0x0000,0x0000,0x0000,0x0000,0x0000,0x0000,
    0x0000,0x0000,0x0000,0x0000,0x0000,0x0000,0x0000,0x0000,
    0x0000,0x0000,0x0000,0x0000,0x0000,0x0000,0x0000,0x0000,
    0x0000,0x0000,0x0000,0x0000,0x0000,0x0000,0x0000,0x0000,
    0x0000,0x0000,0x0000,0x0000,0x0000,0x0000,0x0000,0x0000,
    0x0000,0x0000,0x0000,0x0000,0x0000,0x0000,0x0000,0x0000,
    0x0000,0x0000,0x0000,0x0000,0x0000,0x0000,0x0000,0x0000,
    0x0000,0x0000,0x0000,0x0000,0x0000,0x0000,0x0000,0x0000,
    0x0000,0x0000,0x0000,0x0000,0x65BF,0x65BF,0x65BF,0x65BF,
    0x65BF,0x65BF,0x65BF,0x65BF,0x65BF,0x65BF,0x65BF,0x65BF,
    0x65BF,0x65BF,0x65BF,0x65BF,0x65BF,0x65BF,0x65BF,0x65BF,
    0x65BF,0x65BF,0x65BF,0x65BF,0x65BF,0x65BF,0x65BF,0x65BF,
    0x65BF,0x65BF,0x65BF,0x65BF,0x65BF,0x65BF,0x65BF,0x65BF,
    0x65BF,0x65BF,0x65BF,0x65BF,0x65BF,0x65BF,0x65BF,0x65BF,
    0x65BF,0x65BF,0x65BF,0x65BF,0x65BF,0x65BF,0x65BF,0x65BF,
    0x65BF,0x65BF,0x65BF,0x65BF,0x65BF,0x0000,0x0000,0x0000,
    0x0000,0x0000,0x0000,0x0000,0x0000,0x0000,0x0000,0x0000,
    0x0000,0x0000,0x0000,0x0000,0x0000,0x0000,0x0000,0x0000,
    0x0000,0x0000,0x0000,0x0000,0x0000,0x0000,0x0000,0x0000,
    0x0000,0x0000,0x0000,0x0000,0x0000,0x0000,0x0000,0x0000,
    0x0000,0x0000,0x0000,0x0000,0x0000,0x0000,0x0000,0x0000,
    0x0000,0x0000,0x0000,0x0000,0x0000,0x0000,0x0000,0x0000,
    0x0000,0x0000,0x0000,0x0000,0x0000,0x0000,0x0000,0x0000,
    0x0000,0x0000,0x0000,0x0000,0x0000,0x0000,0x0000,0x0000,
    0x0000,0x0000,0x0000,0x0000,0x0000,0x0000,0x65BF,0x65BF,
    0x65BF,0x65BF,0x65BF,0x65BF,0x65BF,0x65BF,0x65BF,0x65BF,
    0x65BF,0x65BF,0x65BF,0x65BF,0x65BF,0x65BF,0x65BF,0x65BF,
    0x65BF,0x65BF,0x65BF,0x65BF,0x65BF,0x65BF,0x65BF,0x65BF,
    0x65BF,0x65BF,0x65BF,0x65BF,0x65BF,0x65BF,0x65BF,0x65BF,
    0x65BF,0x65BF,0x65BF,0x65BF,0x65BF,0x65BF,0x65BF,0x65BF,
    0x65BF,0x65BF,0x65BF,0x65BF,0x65BF,0x65BF,0x65BF,0x65BF,
    0x65BF,0x65BF,0x65BF,0x0000,0x0000,0x0000,0x0000,0x0000,
    0x0000,0x0000,0x0000,0x0000,0x0000,0x0000,0x0000,0x0000,
    0x0000,0x0000,0x0000,0x0000,0x0000,0x0000,0x0000,0x0000,
    0x0000,0x0000,0x0000,0x0000,0x0000,0x0000,0x0000,0x0000,
    0x0000,0x0000,0x0000,0x0000,0x0000,0x0000,0x0000,0x0000,
    0x0000,0x0000,0x0000,0x0000,0x0000,0x0000,0x0000,0x0000,
    0x0000,0x0000,0x0000,0x0000,0x0000,0x0000,0x0000,0x0000,
    0x0000,0x0000,0x0000,0x0000,0x0000,0x0000,0x0000,0x0000,
    0x0000,0x0000,0x0000,0x0000,0x0000,0x0000,0x0000,0x0000,
    0x0000,0x0000,0x0000,0x0000,0x0000,0x0000,0x0000,0x0000,
    0x65BF,0x65BF,0x65BF,0x65BF,0x65BF,0x65BF,0x65BF,0x65BF,
    0x65BF,0x65BF,0x65BF,0x65BF,0x65BF,0x65BF,0x65BF,0x65BF,
    0x65BF,0x65BF,0x65BF,0x65BF,0x65BF,0x65BF,0x65BF,0x65BF,
    0x65BF,0x65BF,0x65BF,0x65BF,0x65BF,0x65BF,0x65BF,0x65BF,
    0x65BF,0x65BF,0x65BF,0x65BF,0x65BF,0x65BF,0x65BF,0x65BF,
    0x65BF,0x65BF,0x65BF,0x65BF,0x65BF,0x65BF,0x65BF,0x65BF,
    0x65BF,0x0000,0x0000,0x0000,0x0000,0x0000,0x0000,0x0000,
    0x0000,0x0000,0x0000,0x0000,0x0000,0x0000,0x0000,0x0000,
    0x0000,0x0000,0x0000,0x0000,0x0000,0x0000,0x0000,0x0000,
    0x0000,0x0000,0x0000,0x0000,0x0000,0x0000,0x0000,0x0000,
    0x0000,0x0000,0x0000,0x0000,0x0000,0x0000,0x0000,0x0000,
    0x0000,0x0000,0x0000,0x0000,0x0000,0x0000,0x0000,0x0000,
    0x0000,0x0000,0x0000,0x0000,0x0000,0x0000,0x0000,0x0000,
    0x0000,0x0000,0x0000,0x0000,0x0000,0x0000,0x0000,0x0000,
    0x0000,0x0000,0x0000,0x0000,0x0000,0x0000,0x0000,0x0000,
    0x0000,0x0000,0x0000,0x0000,0x0000,0x0000,0x0000,0x0000,
    0x0000,0x0000,0x65BF,0x65BF,0x65BF,0x65BF,0x65BF,0x65BF,
    0x65BF,0x65BF,0x65BF,0x65BF,0x65BF,0x65BF,0x65BF,0x65BF,
    0x65BF,0x65BF,0x65BF,0x65BF,0x65BF,0x65BF,0x65BF,0x65BF,
    0x65BF,0x65BF,0x65BF,0x65BF,0x65BF,0x65BF,0x65BF,0x65BF,
    0x65BF,0x65BF,0x65BF,0x65BF,0x65BF,0x65BF,0x65BF,0x65BF,
    0x65BF,0x65BF,0x65BF,0x65BF,0x65BF,0x65BF,0x65BF,0x0000,
    0x0000,0x0000,0x0000,0x0000,0x0000,0x0000,0x0000,0x0000,
    0x0000,0x0000,0x0000,0x0000,0x0000,0x0000,0x0000,0x0000,
    0x0000,0x0000,0x0000,0x0000,0x0000,0x0000,0x0000,0x0000,
    0x0000,0x0000,0x0000,0x0000,0x0000,0x0000,0x0000,0x0000,
    0x0000,0x0000,0x0000,0x0000,0x0000,0x0000,0x0000,0x0000,
    0x0000,0x0000,0x0000,0x0000,0x0000,0x0000,0x0000,0x0000,
    0x0000,0x0000,0x0000,0x0000,0x0000,0x0000,0x0000,0x0000,
    0x0000,0x0000,0x0000,0x0000,0x0000,0x0000,0x0000,0x0000,
    0x0000,0x0000,0x0000,0x0000,0x0000,0x0000,0x0000,0x0000,
    0x0000,0x0000,0x0000,0x0000,0x0000,0x0000,0x0000,0x0000,
    0x0000,0x0000,0x0000,0x0000,0x65BF,0x65BF,0x65BF,0x65BF,
    0x65BF,0x65BF,0x65BF,0x65BF,0x65BF,0x65BF,0x65BF,0x65BF,
    0x65BF,0x65BF,0x65BF,0x65BF,0x65BF,0x65BF,0x65BF,0x65BF,
    0x65BF,0x65BF,0x65BF,0x65BF,0x65BF,0x65BF,0x65BF,0x65BF,
    0x65BF,0x65BF,0x65BF,0x65BF,0x65BF,0x65BF,0x65BF,0x65BF,
    0x65BF,0x65BF,0x65BF,0x65BF,0x65BF,0x0000,0x0000,0x0000,
    0x0000,0x0000,0x0000,0x0000,0x0000,0x0000,0x0000,0x0000,
    0x0000,0x0000,0x0000,0x0000,0x0000,0x0000,0x0000,0x0000,
    0x0000,0x0000,0x0000,0x0000,0x0000,0x0000,0x0000,0x0000,
    0x0000,0x0000,0x0000,0x0000,0x0000,0x0000,0x0000,0x0000,
    0x0000,0x0000,0x0000,0x0000,0x0000,0x0000,0x0000,0x0000,
    0x0000,0x0000,0x0000,0x0000,0x0000,0x0000,0x0000,0x0000,
    0x0000,0x0000,0x0000,0x0000,0x0000,0x0000,0x0000,0x0000,
    0x0000,0x0000,0x0000,0x0000,0x0000,0x0000,0x0000,0x0000,
    0x0000,0x0000,0x0000,0x0000,0x0000,0x0000,0x0000,0x0000,
    0x0000,0x0000,0x0000,0x0000,0x0000,0x0000,0x0000,0x0000,
    0x0000,0x0000,0x0000,0x0000,0x0000,0x0000,0x0000,0x65BF,
    0x65BF,0x65BF,0x65BF,0x65BF,0x65BF,0x65BF,0x65BF,0x65BF,
    0x65BF,0x65BF,0x65BF,0x65BF,0x65BF,0x65BF,0x65BF,0x65BF,
    0x65BF,0x65BF,0x65BF,0x65BF,0x65BF,0x65BF,0x65BF,0x65BF,
    0x65BF,0x65BF,0x65BF,0x65BF,0x65BF,0x65BF,0x65BF,0x65BF,
    0x65BF,0x65BF,0x0000,0x0000,0x0000,0x0000,0x0000,0x0000,
    0x0000,0x0000,0x0000,0x0000,0x0000,0x0000,0x0000,0x0000,
    0x0000,0x0000,0x0000,0x0000,0x0000,0x0000,0x0000,0x0000,
    0x0000,0x0000,0x0000,0x0000,0x0000,0x0000,0x0000,0x0000,
    0x0000,0x0000,0x0000,0x0000,0x0000,0x0000,0x0000,0x0000,
    0x0000,0x0000,0x0000,0x0000,0x0000,0x0000,0x0000,0x0000,
    0x0000,0x0000,0x0000,0x0000,0x0000,0x0000,0x0000,0x0000,
    0x0000,0x0000,0x0000,0x0000,0x0000,0x0000,0x0000,0x0000,
    0x0000,0x0000,0x0000,0x0000,0x0000,0x0000,0x0000,0x0000,
    0x0000,0x0000,0x0000,0x0000,0x0000,0x0000,0x0000,0x0000,
    0x0000,0x0000,0x0000,0x0000,0x0000,0x0000,0x0000,0x0000,
    0x0000,0x0000,0x0000,0x0000,0x0000,0x0000,0x0000,0x0000,
    0x0000,0x0000,0x65BF,0x65BF,0x65BF,0x65BF,0x65BF,0x65BF,
    0x65BF,0x65BF,0x65BF,0x65BF,0x65BF,0x65BF,0x65BF,0x65BF,
    0x65BF,0x65BF,0x65BF,0x65BF,0x65BF,0x65BF,0x65BF,0x65BF,
    0x65BF,0x65BF,0x65BF,0x65BF,0x65BF,0x65BF,0x65BF,0x0000,
    0x0000,0x0000,0x0000,0x0000,0x0000,0x0000,0x0000,0x0000,
    0x0000,0x0000,0x0000,0x0000,0x0000,0x0000,0x0000,0x0000,
    0x0000,0x0000,0x0000,0x0000,0x0000,0x0000,0x0000,0x0000,
    0x0000,0x0000,0x0000,0x0000,0x0000,0x0000,0x0000,0x0000,
    0x0000,0x0000,0x0000,0x0000,0x0000,0x0000,0x0000,0x0000,
    0x0000,0x0000,0x0000,0x0000,0x0000,0x0000,0x0000,0x0000,
    0x0000,0x0000,0x0000,0x0000,0x0000,0x0000,0x0000,0x0000,
    0x0000,0x0000,0x0000,0x0000,0x0000,0x0000,0x0000,0x0000,
    0x0000,0x0000,0x0000,0x0000,0x0000,0x0000,0x0000,0x0000,
    0x0000,0x0000,0x0000,0x0000,0x0000,0x0000,0x0000,0x0000,
    0x0000,0x0000,0x0000,0x0000,0x0000,0x0000,0x0000,0x0000,
    0x0000,0x0000,0x0000,0x0000,0x0000,0x0000,0x0000,0x0000,
    0x0000,0x0000,0x0000,0x0000,0x0000,0x0000,0x65BF,0x65BF,
    0x65BF,0x65BF,0x65BF,0x65BF,0x65BF,0x65BF,0x65BF,0x65BF,
    0x65BF,0x65BF,0x65BF,0x65BF,0x65BF,0x65BF,0x65BF,0x65BF,
    0x65BF,0x65BF,0x65BF,0x0000,0x0000,0x0000,0x0000,0x0000,
    0x0000,0x0000,0x0000,0x0000,0x0000,0x0000,0x0000,0x0000,
    0x0000,0x0000,0x0000,0x0000,0x0000,0x0000,0x0000,0x0000,
    0x0000,0x0000,0x0000,0x0000,0x0000,0x0000,0x0000,0x0000,
    0x0000,0x0000,0x0000,0x0000,0x0000,0x0000,0x0000,0x0000,
    0x0000,0x0000,0x0000,0x0000,0x0000,0x0000,0x0000,0x0000,
    0x0000,0x0000,0x0000,0x0000,0x0000,0x0000,0x0000,0x0000,
    0x0000,0x0000,0x0000,0x0000,0x0000,0x0000,0x0000,0x0000,
    0x0000,0x0000,0x0000,0x0000,0x0000,0x0000,0x0000,0x0000,
    0x0000,0x0000,0x0000,0x0000,0x0000,0x0000,0x0000,0x0000,
    0x0000,0x0000,0x0000,0x0000,0x0000,0x0000,0x0000,0x0000,
    0x0000,0x0000,0x0000,0x0000,0x0000,0x0000,0x0000,0x0000,
    0x0000,0x0000,0x0000,0x0000,0x0000,0x0000,0x0000,0x0000,
    0x0000,0x0000,0x0000,0x0000,0x0000,0x0000,0x0000,0x0000,
    0x0000,0x0000,0x0000,0x0000,0x0000,0x0000,0x0000,0x0000,
    0x65BF,0x0000,0x0000,0x0000,0x0000,0x0000,0x0000,0x0000,
    0x0000,0x0000,0x0000,0x0000,0x0000,0x0000,0x0000,0x0000,
    0x0000,0x0000,0x0000,0x0000,0x0000,0x0000,0x0000,0x0000,
    0x0000,0x0000,0x0000,0x0000,0x0000,0x0000,0x0000,0x0000,
    0x0000,0x0000,0x0000,0x0000,0x0000,0x0000,0x0000,0x0000,
    0x0000,0x0000,0x0000,0x0000,0x0000,0x0000,0x0000,0x0000,
    0x0000,0x0000,0x0000,0x0000,0x0000,0x0000,0x0000,0x0000,
    0x0000,0x0000,0x0000,0x0000,0x0000,0x0000,0x0000,0x0000,
    0x0000,0x0000,0x0000,0x0000,0x0000,0x0000,0x0000,0x0000,
    0x0000,0x0000,0x0000,0x0000,0x0000,0x0000,0x0000,0x0000,
    0x0000,0x0000,0x0000,0x0000,0x0000,0x0000,0x0000,0x0000,
    0x0000,0x0000,0x0000,0x0000,0x0000,0x0000,0x0000,0x0000,
    0x0000,0x0000,0x0000,0x0000,0x0000,0x0000,0x0000,0x0000,
    0x0000,0x0000,0x0000,0x0000,0x0000,0x0000,0x0000,0x0000,
    0x0000,0x0000,0x0000,0x0000,0x0000,0x0000,0x0000,0x0000,
    0x0000,0x0000,0x0000,0x0000,0x0000,0x0000,0x0000,0x0000,
    0x0000,0x0000,0x0000,0x0000,0x0000,0x0000,0x0000,0x0000,
    0x0000,0x0000,0x0000,0x0000,0x0000,0x0000,0x0000,0x0000,
    0x0000,0x0000,0x0000,0x0000,0x0000,0x0000,0x0000,0x0000,
    0x0000,0x0000,0x0000,0x0000,0x0000,0x0000,0x0000,0x0000,
    0x0000,0x0000,0x0000,0x0000,0x0000,0x0000,0x0000,0x0000,
    0x0000,0x0000,0x0000,0x0000,0x0000,0x0000,0x0000,0x0000,
    0x0000,0x0000,0x0000,0x0000,0x0000,0x0000,0x0000,0x0000,
    0x0000,0x0000,0x0000,0x0000,0x0000,0x0000,0x0000,0x0000,
    0x0000,0x0000,0x0000,0x0000,0x0000,0x0000,0x0000,0x0000,
    0x0000,0x0000,0x0000,0x0000,0x0000,0x0000,0x0000,0x0000,
    0x0000,0x0000,0x0000,0x0000,0x0000,0x0000,0x0000,0x0000,
    0x0000,0x0000,0x0000,0x0000,0x0000,0x0000,0x0000,0x0000,
    0x0000,0x0000,0x0000,0x0000,0x0000,0x0000,0x0000,0x0000,
    0x0000,0x0000,0x0000,0x0000,0x0000,0x0000,0x0000,0x0000,
    0x0000,0x0000,0x0000,0x0000,0x0000,0x0000,0x0000,0x0000,
    0x0000,0x0000,0x0000,0x0000,0x0000,0x0000,0x0000,0x0000,
    0x0000,0x0000,0x0000,0x0000,0x0000,0x0000,0x0000,0x0000,
    0x0000,0x0000,0x0000,0x0000,0x0000,0x0000,0x0000,0x0000,
    0x0000,0x0000,0x0000,0x0000,0x0000,0x0000,0x0000,0x0000,
    0x0000,0x0000,0x0000,0x0000,0x0000,0x0000,0x0000,0x0000,
    0x0000,0x0000,0x0000,0x0000,0x0000,0x0000,0x0000,0x0000,
    0x0000,0x0000,0x0000,0x0000,0x0000,0x0000,0x0000,0x0000,
    0x0000,0x0000,0x0000,0x0000,0x0000,0x0000,0x0000,0x0000,
    0x0000,0x0000,0x0000,0x0000,0x0000,0x0000,0x0000,0x0000,
    0x0000,0x0000,0x0000,0x0000,0x0000,0x0000,0x0000,0x0000,
    0x0000,0x0000,0x0000,0x0000,0x0000,0x0000,0x0000,0x0000,
    0x0000,0x0000,0x0000,0x0000,0x0000,0x0000,0x0000,0x0000,
    0x0000,0x0000,0x0000,0x0000,0x0000,0x0000,0x0000,0x0000,
    0x0000,0x0000,0x0000,0x0000,0x0000,0x0000,0x0000,0x0000,
    0x0000,0x0000,0x0000,0x0000,0x0000,0x0000,0x0000,0x0000,
    0x0000,0x0000,0x0000,0x0000,0x0000,0x0000,0x0000,0x0000,
    0x0000,0x0000,0x0000,0x0000,0x0000,0x0000,0x0000,0x0000,
    0x0000,0x0000,0x0000,0x0000,0x0000,0x0000,0x0000,0x0000,
    0x0000,0x0000,0x0000,0x0000,0x0000,0x0000,0x0000,0x0000,
    0x0000,0x0000,0x0000,0x0000,0x0000,0x0000,0x0000,0x0000,
    0x0000,0x0000,0x0000,0x0000,0x0000,0x0000,0x0000,0x0000,
    0x0000,0x0000,0x0000,0x0000,0x0000,0x0000,0x0000,0x0000,
    0x0000,0x0000,0x0000,0x0000,0x0000,0x0000,0x0000,0x0000,
    0x0000,0x0000,0x0000,0x0000,0x0000,0x0000,0x0000,0x0000,
    0x0000,0x0000,0x0000,0x0000,0x0000,0x0000,0x0000,0x0000,
    0x0000,0x0000,0x0000,0x0000,0x0000,0x0000,0x0000,0x0000,
    0x0000,0x0000,0x0000,0x0000,0x0000,0x0000,0x0000,0x0000,
    0x0000,0x0000,0x0000,0x0000,0x0000,0x0000,0x0000,0x0000,
    0x0000,0x0000,0x0000,0x0000,0x0000,0x0000,0x0000,0x0000,
    0x0000,0x0000,0x0000,0x0000,0x0000,0x0000,0x0000,0x0000,
    0x0000,0x0000,0x0000,0x0000,0x0000,0x0000,0x0000,0x0000,
    0x0000,0x0000,0x0000,0x0000,0x0000,0x0000,0x0000,0x0000,
    0x0000,0x0000,0x0000,0x0000,0x0000,0x0000,0x0000,0x0000,
    0x0000,0x0000,0x0000,0x0000,0x0000,0x0000,0x0000,0x0000,
    0x0000,0x0000,0x0000,0x0000,0x0000,0x0000,0x0000,0x0000,
    0x0000,0x0000,0x0000,0x0000,0x0000,0x0000,0x0000,0x0000,
    0x0000,0x0000,0x0000,0x0000,0x0000,0x0000,0x0000,0x0000,
    0x0000,0x0000,0x0000,0x0000,0x0000,0x0000,0x0000,0x0000,
    0x0000,0x0000,0x0000,0x0000,0x0000,0x0000,0x0000,0x0000,
    0x0000,0x0000,0x0000,0x0000,0x0000,0x0000,0x0000,0x0000,
    0x0000,0x0000,0x0000,0x0000,0x0000,0x0000,0x0000,0x0000,
    0x0000,0x0000,0x0000,0x0000,0x0000,0x0000,0x0000,0x0000,
    0x0000,0x0000,0x0000,0x0000,0x0000,0x0000,0x0000,0x0000,
    0x0000,0x0000,0x0000,0x0000,0x0000,0x0000,0x0000,0x0000,
    0x0000,0x0000,0x0000,0x0000,0x0000,0x0000,0x0000,0x0000,
    0x0000,0x0000,0x0000,0x0000,0x0000,0x0000,0x0000,0x0000,
    0x0000,0x0000,0x0000,0x0000,0x0000,0x0000,0x0000,0x0000,
    0x0000,0x0000,0x0000,0x0000,0x0000,0x0000,0x0000,0x0000,
    0x0000,0x0000,0x0000,0x0000,0x0000,0x0000,0x0000,0x0000,
    0x0000,0x0000,0x0000,0x0000,0x0000,0x0000,0x0000,0x0000,
    0x0000,0x0000,0x0000,0x0000,0x0000,0x0000,0x0000,0x0000,
    0x0000,0x0000,0x0000,0x0000,0x0000,0x0000,0x0000,0x0000,
    0x0000,0x0000,0x0000,0x0000,0x0000,0x0000,0x0000,0x0000,
    0x0000,0x0000,0x0000,0x0000,0x0000,0x0000,0x0000,0x0000,
    0x0000,0x0000,0x0000,0x0000,0x0000,0x0000,0x0000,0x0000,
    0x0000,0x0000,0x0000,0x0000,0x0000,0x0000,0x0000,0x0000,
    0x0000,0x0000,0x0000,0x0000,0x0000,0x0000,0x0000,0x0000,
    0x0000,0x0000,0x0000,0x0000,0x0000,0x0000,0x0000,0x0000,
    0x0000,0x0000,0x0000,0x0000,0x0000,0x0000,0x0000,0x0000,
    0x0000,0x0000,0x0000,0x0000,0x0000,0x0000,0x0000,0x0000,
    0x0000,0x0000,0x0000,0x0000,0x0000,0x0000,0x0000,0x0000,
    0x0000,0x0000,0x0000,0x0000,0x0000,0x0000,0x0000,0x0000,
    0x0000,0x0000,0x0000,0x0000,0x0000,0x0000,0x0000,0x0000,
    0x0000,0x0000,0x0000,0x0000,0x0000,0x0000,0x0000,0x0000,
    0x0000,0x0000,0x0000,0x0000,0x0000,0x0000,0x0000,0x0000,
    0x0000,0x0000,0x0000,0x0000,0x0000,0x0000,0x0000,0x0000,
    0x0000,0x0000,0x0000,0x0000,0x0000,0x0000,0x0000,0x0000,
    0x0000,0x0000,0x0000,0x0000,0x0000,0x0000,0x0000,0x0000,
    0x0000,0x0000,0x0000,0x0000,0x0000,0x0000,0x0000,0x0000,
    0x0000,0x0000,0x0000,0x0000,0x0000,0x0000,0x0000,0x0000,
    0x0000,0x0000,0x0000,0x0000,0x0000,0x0000,0x0000,0x0000,
    0x0000,0x0000,0x0000,0x0000,0x0000,0x0000,0x0000,0x0000,
    0x0000,0x0000,0x0000,0x0000,0x0000,0x0000,0x0000,0x0000,
    0x0000,0x0000,0x0000,0x0000,0x0000,0x0000,0x0000,0x0000,
    0x0000,0x0000,0x0000,0x0000,0x0000,0x0000,0x0000,0x0000,
    0x0000,0x0000,0x0000,0x0000,0x0000,0x0000,0x0000,0x0000,
    0x0000,0x0000,0x0000,0x0000,0x0000,0x0000,0x0000,0x0000,
    0x0000,0x0000,0x0000,0x0000,0x0000,0x0000,0x0000,0x0000,
    0x0000,0x0000,0x0000,0x0000,0x0000,0x0000,0x0000,0x0000,
    0x0000,0x0000,0x0000,0x0000,0x0000,0x0000,0x0000,0x0000,
    0x0000,0x0000,0x0000,0x0000,0x0000,0x0000,0x0000,0x0000,
    0x0000,0x0000,0x0000,0x0000,0x0000,0x0000,0x0000,0x0000,
    0x0000,0x0000,0x0000,0x0000,0x0000,0x0000,0x0000,0x0000,
    0x0000,0x0000,0x0000,0x0000,0x0000,0x0000,0x0000,0x0000,
    0x0000,0x0000,0x0000,0x0000,0x0000,0x0000,0x0000,0x0000,
    0x0000,0x0000,0x0000,0x0000,0x0000,0x0000,0x0000,0x0000,
    0x0000,0x0000,0x0000,0x0000,0x0000,0x0000,0x0000,0x0000,
    0x0000,0x0000,0x0000,0x0000,0x0000,0x0000,0x0000,0x0000,
    0x0000,0x0000,0x0000,0x0000,0x0000,0x0000,0x0000,0x0000,
    0x0000,0x0000,0x0000,0x0000,0x0000,0x0000,0x0000,0x0000,
    0x0000,0x0000,0x0000,0x0000,0x0000,0x0000,0x0000,0x0000,
    0x0000,0x0000,0x0000,0x0000,0x0000,0x0000,0x0000,0x0000,
    0x0000,0x0000,0x0000,0x0000,0x0000,0x0000,0x0000,0x0000,
    0x0000,0x0000,0x0000,0x0000,0x0000,0x0000,0x0000,0x0000,
    0x0000,0x0000,0x0000,0x0000,0x0000,0x0000,0x0000,0x0000,
    0x0000,0x0000,0x0000,0x0000,0x0000,0x0000,0x0000,0x0000,
    0x0000,0x0000,0x0000,0x0000,0x0000,0x0000,0x0000,0x0000,
    0x0000,0x0000,0x0000,0x0000,0x0000,0x0000,0x0000,0x0000,
    0x0000,0x0000,0x0000,0x0000,0x0000,0x0000,0x0000,0x0000,
    0x0000,0x0000,0x0000,0x0000,0x0000,0x0000,0x0000,0x0000,
    0x0000,0x0000,0x0000,0x0000,0x0000,0x0000,0x0000,0x0000,
    0x0000,0x0000,0x0000,0x0000,0x0000,0x0000,0x0000,0x0000,
    0x0000,0x0000,0x0000,0x0000,0x0000,0x0000,0x0000,0x0000,
    0x0000,0x0000,0x0000,0x0000,0x0000,0x0000,0x0000,0x0000,
    0x0000,0x0000,0x0000,0x0000,0x0000,0x0000,0x0000,0x0000,
    0x0000,0x0000,0x0000,0x0000,0x0000,0x0000,0x0000,0x0000,
    0x0000,0x0000,0x0000,0x0000,0x0000,0x0000,0x0000,0x0000,
    0x0000,0x0000,0x0000,0x0000,0x0000,0x0000,0x0000,0x0000,
    0x0000,0x0000,0x0000,0x0000,0x0000,0x0000,0x0000,0x0000,
    0x0000,0x0000,0x0000,0x0000,0x0000,0x0000,0x0000,0x0000,
    0x0000,0x0000,0x0000,0x0000,0x0000,0x0000,0x0000,0x0000,
    0x0000,0x0000,0x0000,0x0000,0x0000,0x0000,0x0000,0x0000,
    0x0000,0x0000,0x0000,0x0000,0x0000,0x0000,0x0000,0x0000,
    0x0000,0x0000,0x0000,0x0000,0x0000,0x0000,0x0000,0x0000,
    0x0000,0x0000,0x0000,0x0000,0x0000,0x0000,0x0000,0x0000,
    0x0000,0x0000,0x0000,0x0000,0x0000,0x0000,0x0000,0x0000,
    0x0000,0x0000,0x0000,0x0000,0x0000,0x0000,0x0000,0x0000,
    0x0000,0x0000,0x0000,0x0000,0x0000,0x0000,0x0000,0x0000,
    0x0000,0x0000,0x0000,0x0000,0x0000,0x0000,0x0000,0x0000,
    0x0000,0x0000,0x0000,0x0000,0x0000,0x0000,0x0000,0x0000,
    0x0000,0x0000,0x0000,0x0000,0x0000,0x0000,0x0000,0x0000,
    0x0000,0x0000,0x0000,0x0000,0x0000,0x0000,0x0000,0x0000,
    0x0000,0x0000,0x0000,0x0000,0x0000,0x0000,0x0000,0x0000,
    0x0000,0x0000,0x0000,0x0000,0x0000,0x0000,0x0000,0x0000,
    0x0000,0x0000,0x0000,0x0000,0x0000,0x0000,0x0000,0x0000,
    0x0000,0x0000,0x0000,0x0000,0x0000,0x0000,0x0000,0x0000,
    0x0000,0x0000,0x0000,0x0000,0x0000,0x0000,0x0000,0x0000,
    0x0000,0x0000,0x0000,0x0000,0x0000,0x0000,0x0000,0x0000,
    0x0000,0x0000,0x0000,0x0000,0x0000,0x0000,0x0000,0x0000,
    0x0000,0x0000,0x0000,0x0000,0x0000,0x0000,0x0000,0x0000,
    0x0000,0x0000,0x0000,0x0000,0x0000,0x0000,0x0000,0x0000,
    0x0000,0x0000,0x0000,0x0000,0x0000,0x0000,0x0000,0x0000,
    0x0000,0x0000,0x0000,0x0000,0x0000,0x0000,0x0000,0x0000,
    0x0000,0x0000,0x0000,0x0000,0x0000,0x0000,0x0000,0x0000,
    0x0000,0x0000,0x0000,0x0000,0x0000,0x0000,0x0000,0x0000,
    0x0000,0x0000,0x0000,0x0000,0x0000,0x0000,0x0000,0x0000,
    0x0000,0x0000,0x0000,0x0000,0x0000,0x0000,0x0000,0x0000,
    0x0000,0x0000,0x0000,0x0000,0x0000,0x0000,0x0000,0x0000,
    0x0000,0x0000,0x0000,0x0000,0x0000,0x0000,0x0000,0x0000,
    0x0000,0x0000,0x0000,0x0000,0x0000,0x0000,0x0000,0x0000,
    0x0000,0x0000,0x0000,0x0000,0x0000,0x0000,0x0000,0x0000,
    0x0000,0x0000,0x0000,0x0000,0x0000,0x0000,0x0000,0x0000,
    0x0000,0x0000,0x0000,0x0000,0x0000,0x0000,0x0000,0x0000,
    0x0000,0x0000,0x0000,0x0000,0x0000,0x0000,0x0000,0x0000,
    0x0000,0x0000,0x0000,0x0000,0x0000,0x0000,0x0000,0x0000,
    0x0000,0x0000,0x0000,0x0000,0x0000,0x0000,0x0000,0x0000,
    0x0000,0x0000,0x0000,0x0000,0x0000,0x0000,0x0000,0x0000,
    0x0000,0x0000,0x0000,0x0000,0x0000,0x0000,0x0000,0x0000,
    0x0000,0x0000,0x0000,0x0000,0x0000,0x0000,0x0000,0x0000,
    0x0000,0x0000,0x0000,0x0000,0x0000,0x0000,0x0000,0x0000,
    0x0000,0x0000,0x0000,0x0000,0x0000,0x0000,0x0000,0x0000,
    0x0000,0x0000,0x0000,0x0000,0x0000,0x0000,0x0000,0x0000,
    0x0000,0x0000,0x0000,0x0000,0x0000,0x0000,0x0000,0x0000,
    0x0000,0x0000,0x0000,0x0000,0x0000,0x0000,0x0000,0x0000,
    0x0000,0x0000,0x0000,0x0000,0x0000,0x0000,0x0000,0x0000,
    0x0000,0x0000,0x0000,0x0000,0x0000,0x0000,0x0000,0x0000,
    0x0000,0x0000,0x0000,0x0000,0x0000,0x0000,0x0000,0x0000,
    0x0000,0x0000,0x0000,0x0000,0x0000,0x0000,0x0000,0x0000,
    0x0000,0x0000,0x0000,0x0000,0x0000,0x0000,0x0000,0x0000,
    0x0000,0x0000,0x0000,0x0000,0x0000,0x0000,0x0000,0x0000,
    0x0000,0x0000,0x0000,0x0000,0x0000,0x0000,0x0000,0x0000,
    0x0000,0x0000,0x0000,0x0000,0x0000,0x0000,0x0000,0x0000,
    0x0000,0x0000,0x0000,0x0000,0x0000,0x0000,0x0000,0x0000,
    0x0000,0x0000,0x0000,0x0000,0x0000,0x0000,0x0000,0x0000,
    0x0000,0x0000,0x0000,0x0000,0x0000,0x0000,0x0000,0x0000,
    0x0000,0x0000,0x0000,0x0000,0x0000,0x0000,0x0000,0x0000,
    0x0000,0x0000,0x0000,0x0000,0x0000,0x0000,0x0000,0x0000,
    0x0000,0x0000,0x0000,0x0000,0x0000,0x0000,0x0000,0x0000,
    0x0000,0x0000,0x0000,0x0000,0x0000,0x0000,0x0000,0x0000,
    0x0000,0x0000,0x0000,0x0000,0x0000,0x0000,0x0000,0x0000,
    0x0000,0x0000,0x0000,0x0000,0x0000,0x0000,0x0000,0x0000,
    0x0000,0x0000,0x0000,0x0000,0x0000,0x0000,0x0000,0x0000,
    0x0000,0x0000,0x0000,0x0000,0x0000,0x0000,0x0000,0x0000,
    0x0000,0x0000,0x0000,0x0000,0x0000,0x0000,0x0000,0x0000,
    0x0000,0x0000,0x0000,0x0000,0x0000,0x0000,0x0000,0x0000,
    0x0000,0x0000,0x0000,0x0000,0x0000,0x0000,0x0000,0x0000,
    0x0000,0x0000,0x0000,0x0000,0x0000,0x0000,0x0000,0x0000,
    0x0000,0x0000,0x0000,0x0000,0x0000,0x0000,0x0000,0x0000,
    0x0000,0x0000,0x0000,0x0000,0x0000,0x0000,0x0000,0x0000,
    0x0000,0x0000,0x0000,0x0000,0x0000,0x0000,0x0000,0x0000,
    0x0000,0x0000,0x0000,0x0000,0x0000,0x0000,0x0000,0x0000,
    0x0000,0x0000,0x0000,0x0000,0x0000,0x0000,0x0000,0x0000,
    0x0000,0x0000,0x0000,0x0000,0x0000,0x0000,0x0000,0x0000,
    0x0000,0x0000,0x0000,0x0000,0x0000,0x0000,0x0000,0x0000,
    0x0000,0x0000,0x0000,0x0000,0x0000,0x0000,0x0000,0x0000,
    0x0000,0x0000,0x0000,0x0000,0x0000,0x0000,0x0000,0x0000,
    0x0000,0x0000,0x0000,0x0000,0x0000,0x0000,0x0000,0x0000,
    0x0000,0x0000,0x0000,0x0000,0x0000,0x0000,0x0000,0x0000,
    0x0000,0x0000,0x0000,0x0000,0x0000,0x0000,0x0000,0x0000,
    0x0000,0x0000,0x0000,0x0000,0x0000,0x0000,0x0000,0x0000,
    0x0000,0x0000,0x0000,0x0000,0x0000,0x0000,0x0000,0x0000,
    0x0000,0x0000,0x0000,0x0000,0x0000,0x0000,0x0000,0x0000,
    0x0000,0x0000,0x0000,0x0000,0x0000,0x0000,0x0000,0x0000,
    0x0000,0x0000,0x0000,0x0000,0x0000,0x0000,0x0000,0x0000,
    0x0000,0x0000,0x0000,0x0000,0x0000,0x0000,0x0000,0x0000,
    0x0000,0x0000,0x0000,0x0000,0x0000,0x0000,0x0000,0x0000,
    0x0000,0x0000,0x0000,0x0000,0x0000,0x0000,0x0000,0x0000,
    0x0000,0x0000,0x0000,0x0000,0x0000,0x0000,0x0000,0x0000,
    0x0000,0x0000,0x0000,0x0000,0x0000,0x0000,0x0000,0x0000,
    0x0000,0x0000,0x0000,0x0000,0x0000,0x0000,0x0000,0x0000,
    0x0000,0x0000,0x0000,0x0000,0x0000,0x0000,0x0000,0x0000,
    0x0000,0x0000,0x0000,0x0000,0x0000,0x0000,0x0000,0x0000,
    0x0000,0x0000,0x0000,0x0000,0x0000,0x0000,0x0000,0x0000,
    0x0000,0x0000,0x0000,0x0000,0x0000,0x0000,0x0000,0x0000,
    0x0000,0x0000,0x0000,0x0000,0x0000,0x0000,0x0000,0x0000,
    0x0000,0x0000,0x0000,0x0000,0x0000,0x0000,0x0000,0x0000,
    0x0000,0x0000,0x0000,0x0000,0x0000,0x0000,0x0000,0x0000,
    0x0000,0x0000,0x0000,0x0000,0x0000,0x0000,0x0000,0x0000,
    0x0000,0x0000,0x0000,0x0000,0x0000,0x0000,0x0000,0x0000,
    0x0000,0x0000,0x0000,0x0000,0x0000,0x0000,0x0000,0x0000,
    0x0000,0x0000,0x0000,0x0000,0x0000,0x0000,0x0000,0x0000,
    0x0000,0x0000,0x0000,0x0000,0x0000,0x0000,0x0000,0x0000,
    0x0000,0x0000,0x0000,0x0000,0x0000,0x0000,0x0000,0x0000,
    0x0000,0x0000,0x0000,0x0000,0x0000,0x0000,0x0000,0x0000,
    0x0000,0x0000,0x0000,0x0000,0x0000,0x0000,0x0000,0x0000,
    0x0000,0x0000,0x0000,0x0000,0x0000,0x0000,0x0000,0x0000,
    0x0000,0x0000,0x0000,0x0000,0x0000,0x0000,0x0000,0x0000,
    0x0000,0x0000,0x0000,0x0000,0x0000,0x0000,0x0000,0x0000,
    0x0000,0x0000,0x0000,0x0000,0x0000,0x0000,0x0000,0x0000,
    0x0000,0x0000,0x0000,0x0000,0x0000,0x0000,0x0000,0x0000,
    0x0000,0x0000,0x0000,0x0000,0x0000,0x0000,0x0000,0x0000,
    0x0000,0x0000,0x0000,0x0000,0x0000,0x0000,0x0000,0x0000,
    0x0000,0x0000,0x0000,0x0000,0x0000,0x0000,0x0000,0x0000,
    0x0000,0x0000,0x0000,0x0000,0x0000,0x0000,0x0000,0x0000,
    0x0000,0x0000,0x0000,0x0000,0x0000,0x0000,0x0000,0x0000,
    0x0000,0x0000,0x0000,0x0000,0x0000,0x0000,0x0000,0x0000,
    0x0000,0x0000,0x0000,0x0000,0x0000,0x0000,0x0000,0x0000,
    0x0000,0x0000,0x0000,0x0000,0x0000,0x0000,0x0000,0x0000,
    0x0000,0x0000,0x0000,0x0000,0x0000,0x0000,0x0000,0x0000,
    0x0000,0x0000,0x0000,0x0000,0x0000,0x0000,0x0000,0x0000,
    0x0000,0x0000,0x0000,0x0000,0x0000,0x0000,0x0000,0x0000,
    0x0000,0x0000,0x0000,0x0000,0x0000,0x0000,0x0000,0x0000,
    0x0000,0x0000,0x0000,0x0000,0x0000,0x0000,0x0000,0x0000,
    0x0000,0x0000,0x0000,0x0000,0x0000,0x0000,0x0000,0x0000,
    0x0000,0x0000,0x0000,0x0000,0x0000,0x0000,0x0000,0x0000,
    0x0000,0x0000,0x0000,0x0000,0x0000,0x0000,0x0000,0x0000,
    0x0000,0x0000,0x0000,0x0000,0x0000,0x0000,0x0000,0x0000,
    0x0000,0x0000,0x0000,0x0000,0x0000,0x0000,0x0000,0x0000,
    0x0000,0x0000,0x0000,0x0000,0x0000,0x0000,0x0000,0x0000,
    0x0000,0x0000,0x0000,0x0000,0x0000,0x0000,0x0000,0x0000,
    0x0000,0x0000,0x0000,0x0000,0x0000,0x0000,0x0000,0x0000,
    0x0000,0x0000,0x0000,0x0000,0x0000,0x0000,0x0000,0x0000,
    0x0000,0x0000,0x0000,0x0000,0x0000,0x0000,0x0000,0x0000,
    0x0000,0x0000,0x0000,0x0000,0x0000,0x0000,0x0000,0x0000,
    0x0000,0x0000,0x0000,0x0000,0x0000,0x0000,0x0000,0x0000,
    0x0000,0x0000,0x0000,0x0000,0x0000,0x0000,0x0000,0x0000,
    0x0000,0x0000,0x0000,0x0000,0x0000,0x0000,0x0000,0x0000,
    0x0000,0x0000,0x0000,0x0000,0x0000,0x0000,0x0000,0x0000,
    0x0000,0x0000,0x0000,0x0000,0x0000,0x0000,0x0000,0x0000,
    0x0000,0x0000,0x0000,0x0000,0x0000,0x0000,0x0000,0x0000,
    0x0000,0x0000,0x0000,0x0000,0x0000,0x0000,0x0000,0x0000,
    0x0000,0x0000,0x0000,0x0000,0x0000,0x0000,0x0000,0x0000,
    0x0000,0x0000,0x0000,0x0000,0x0000,0x0000,0x0000,0x0000,
    0x0000,0x0000,0x0000,0x0000,0x0000,0x0000,0x0000,0x0000,
    0x0000,0x0000,0x0000,0x0000,0x0000,0x0000,0x0000,0x0000,
    0x0000,0x0000,0x0000,0x0000,0x0000,0x0000,0x0000,0x0000,
    0x0000,0x0000,0x0000,0x0000,0x0000,0x0000,0x0000,0x0000,
    0x0000,0x0000,0x0000,0x0000,0x0000,0x0000,0x0000,0x0000,
    0x0000,0x0000,0x0000,0x0000,0x0000,0x0000,0x0000,0x0000,
    0x0000,0x0000,0x0000,0x0000,0x0000,0x0000,0x0000,0x0000,
    0x0000,0x0000,0x0000,0x0000,0x0000,0x0000,0x0000,0x0000,
    0x0000,0x0000,0x0000,0x0000,0x0000,0x0000,0x0000,0x0000,
    0x0000,0x0000,0x0000,0x0000,0x0000,0x0000,0x0000,0x0000,
    0x0000,0x0000,0x0000,0x0000,0x0000,0x0000,0x0000,0x0000,
    0x0000,0x0000,0x0000,0x0000,0x0000,0x0000,0x0000,0x0000,
    0x0000,0x0000,0x0000,0x0000,0x0000,0x0000,0x0000,0x0000,
    0x0000,0x0000,0x0000,0x0000,0x0000,0x0000,0x0000,0x0000,
    0x0000,0x0000,0x0000,0x0000,0x0000,0x0000,0x0000,0x0000,
    0x0000,0x0000,0x0000,0x0000,0x0000,0x0000,0x0000,0x0000,
    0x0000,0x0000,0x0000,0x0000,0x0000,0x0000,0x0000,0x0000,
    0x0000,0x0000,0x0000,0x0000,0x0000,0x0000,0x0000,0x0000,
    0x0000,0x0000,0x0000,0x0000,0x0000,0x0000,0x0000,0x0000,
    0x0000,0x0000,0x0000,0x0000,0x0000,0x0000,0x0000,0x0000,
    0x0000,0x0000,0x0000,0x0000,0x0000,0x0000,0x0000,0x0000,
    0x0000,0x0000,0x0000,0x0000,0x0000,0x0000,0x0000,0x0000,
    0x0000,0x0000,0x0000,0x0000,0x0000,0x0000,0x0000,0x0000,
    0x0000,0x0000,0x0000,0x0000,0x0000,0x0000,0x0000,0x0000,
    0x0000,0x0000,0x0000,0x0000,0x0000,0x0000,0x0000,0x0000,
    0x0000,0x0000,0x0000,0x0000,0x0000,0x0000,0x0000,0x0000,
    0x0000,0x0000,0x0000,0x0000,0x0000,0x0000,0x0000,0x0000,
    0x0000,0x0000,0x0000,0x0000,0x0000,0x0000,0x0000,0x0000,
    0x0000,0x0000,0x0000,0x0000,0x0000,0x0000,0x0000,0x0000,
    0x0000,0x0000,0x0000,0x0000,0x0000,0x0000,0x0000,0x0000,
    0x0000,0x0000,0x0000,0x0000,0x0000,0x0000,0x0000,0x0000,
    0x0000,0x0000,0x0000,0x0000,0x0000,0x0000,0x0000,0x0000,
    0x0000,0x0000,0x0000,0x0000,0x0000,0x0000,0x0000,0x0000,
    0x0000,0x0000,0x0000,0x0000,0x0000,0x0000,0x0000,0x0000,
    0x0000,0x0000,0x0000,0x0000,0x0000,0x0000,0x0000,0x0000,
    0x0000,0x0000,0x0000,0x0000,0x0000,0x0000,0x0000,0x0000,
    0x0000,0x0000,0x0000,0x0000,0x0000,0x0000,0x0000,0x0000,
    0x0000,0x0000,0x0000,0x0000,0x0000,0x0000,0x0000,0x0000,
    0x0000,0x0000,0x0000,0x0000,0x0000,0x0000,0x0000,0x0000,
    0x0000,0x0000,0x0000,0x0000,0x0000,0x0000,0x0000,0x0000,
    0x0000,0x0000,0x0000,0x0000,0x0000,0x0000,0x0000,0x0000,
    0x0000,0x0000,0x0000,0x0000,0x0000,0x0000,0x0000,0x0000,
    0x0000,0x0000,0x0000,0x0000,0x0000,0x0000,0x0000,0x0000,
    0x0000,0x0000,0x0000,0x0000,0x0000,0x0000,0x0000,0x0000,
    0x0000,0x0000,0x0000,0x0000,0x0000,0x0000,0x0000,0x0000,
    0x0000,0x0000,0x0000,0x0000,0x0000,0x0000,0x0000,0x0000,
    0x0000,0x0000,0x0000,0x0000,0x0000,0x0000,0x0000,0x0000,
    0x0000,0x0000,0x0000,0x0000,0x0000,0x0000,0x0000,0x0000,
    0x0000,0x0000,0x0000,0x0000,0x0000,0x0000,0x0000,0x0000,
    0x0000,0x0000,0x0000,0x0000,0x0000,0x0000,0x0000,0x0000,
    0x0000,0x0000,0x0000,0x0000,0x0000,0x0000,0x0000,0x0000,
    0x0000,0x0000,0x0000,0x0000,0x0000,0x0000,0x0000,0x0000,
    0x0000,0x0000,0x0000,0x0000,0x0000,0x0000,0x0000,0x0000,
    0x0000,0x0000,0x0000,0x0000,0x0000,0x0000,0x0000,0x0000,
    0x0000,0x0000,0x0000,0x0000,0x0000,0x0000,0x0000,0x0000,
    0x0000,0x0000,0x0000,0x0000,0x0000,0x0000,0x0000,0x0000,
    0x0000,0x0000,0x0000,0x0000,0x0000,0x0000,0x0000,0x0000,
    0x0000,0x0000,0x0000,0x0000,0x0000,0x0000,0x0000,0x0000,
    0x0000,0x0000,0x0000,0x0000,0x0000,0x0000,0x0000,0x0000,
    0x0000,0x0000,0x0000,0x0000,0x0000,0x0000,0x0000,0x0000,
    0x0000,0x0000,0x0000,0x0000,0x0000,0x0000,0x0000,0x0000,
    0x0000,0x0000,0x0000,0x0000,0x0000,0x0000,0x0000,0x0000,
    0x0000,0x0000,0x0000,0x0000,0x0000,0x0000,0x0000,0x0000,
    0x0000,0x0000,0x0000,0x0000,0x0000,0x0000,0x0000,0x0000,
    0x0000,0x0000,0x0000,0x0000,0x0000,0x0000,0x0000,0x0000,
    0x0000,0x0000,0x0000,0x0000,0x0000,0x0000,0x0000,0x0000,
    0x0000,0x0000,0x0000,0x0000,0x0000,0x0000,0x0000,0x0000,
    0x0000,0x0000,0x0000,0x0000,0x0000,0x0000,0x0000,0x0000,
    0x0000,0x0000,0x0000,0x0000,0x0000,0x0000,0x0000,0x0000,
    0x0000,0x0000,0x0000,0x0000,0x0000,0x0000,0x0000,0x0000,
    0x0000,0x0000,0x0000,0x0000,0x0000,0x0000,0x0000,0x0000,
    0x0000,0x0000,0x0000,0x0000,0x0000,0x0000,0x0000,0x0000,
    0x0000,0x0000,0x0000,0x0000,0x0000,0x0000,0x0000,0x0000,
    0x0000,0x0000,0x0000,0x0000,0x0000,0x0000,0x0000,0x0000,
    0x0000,0x0000,0x0000,0x0000,0x0000,0x0000,0x0000,0x0000,
    0x0000,0x0000,0x0000,0x0000,0x0000,0x0000,0x0000,0x0000,
    0x0000,0x0000,0x0000,0x0000,0x0000,0x0000,0x0000,0x0000,
    0x0000,0x0000,0x0000,0x0000,0x0000,0x0000,0x0000,0x0000,
    0x0000,0x0000,0x0000,0x0000,0x0000,0x0000,0x0000,0x0000,
    0x0000,0x0000,0x0000,0x0000,0x0000,0x0000,0x0000,0x0000,
    0x0000,0x0000,0x0000,0x0000,0x0000,0x0000,0x0000,0x0000,
    0x0000,0x0000,0x0000,0x0000,0x0000,0x0000,0x0000,0x0000,
    0x0000,0x0000,0x0000,0x0000,0x0000,0x0000,0x0000,0x0000,
    0x0000,0x0000,0x0000,0x0000,0x0000,0x0000,0x0000,0x0000,
    0x0000,0x0000,0x0000,0x0000,0x0000,0x0000,0x0000,0x0000,
    0x0000,0x0000,0x0000,0x0000,0x0000,0x0000,0x0000,0x0000,
    0x0000,0x0000,0x0000,0x0000,0x0000,0x0000,0x0000,0x0000,
    0x0000,0x0000,0x0000,0x0000,0x0000,0x0000,0x0000,0x0000,
    0x0000,0x0000,0x0000,0x0000,0x0000,0x0000,0x0000,0x0000,
    0x0000,0x0000,0x0000,0x0000,0x0000,0x0000,0x0000,0x0000,
    0x0000,0x0000,0x0000,0x0000,0x0000,0x0000,0x0000,0x0000,
    0x0000,0x0000,0x0000,0x0000,0x0000,0x0000,0x0000,0x0000,
    0x0000,0x0000,0x0000,0x0000,0x0000,0x0000,0x0000,0x0000,
    0x0000,0x0000,0x0000,0x0000,0x0000,0x0000,0x0000,0x0000,
    0x0000,0x0000,0x0000,0x0000,0x0000,0x0000,0x0000,0x0000,
    0x0000,0x0000,0x0000,0x0000,0x0000,0x0000,0x0000,0x0000,
    0x0000,0x0000,0x0000,0x0000,0x0000,0x0000,0x0000,0x0000,
    0x0000,0x0000,0x0000,0x0000,0x0000,0x0000,0x0000,0x0000,
    0x0000,0x0000,0x0000,0x0000,0x0000,0x0000,0x0000,0x0000,
    0x0000,0x0000,0x0000,0x0000,0x0000,0x0000,0x0000,0x0000,
    0x0000,0x0000,0x0000,0x0000,0x0000,0x0000,0x0000,0x0000,
    0x0000,0x0000,0x0000,0x0000,0x0000,0x0000,0x0000,0x0000,
    0x0000,0x0000,0x0000,0x0000,0x0000,0x0000,0x0000,0x0000,
    0x0000,0x0000,0x0000,0x0000,0x0000,0x0000,0x0000,0x0000,
    0x0000,0x0000,0x0000,0x0000,0x0000,0x0000,0x0000,0x0000,
    0x0000,0x0000,0x0000,0x0000,0x0000,0x0000,0x0000,0x0000,
    0x0000,0x0000,0x0000,0x0000,0x0000,0x0000,0x0000,0x0000,
    0x0000,0x0000,0x0000,0x0000,0x0000,0x0000,0x0000,0x0000
};

// Hot emoji bitmap (128x160, RGB565)
const uint16_t emoji_hot[20480] = {
    0x0000,0x0000,0x0000,0x0000,0x0000,0x0000,0x0000,0x0000,
    0x0000,0x0000,0x0000,0x0000,0x0000,0x0000,0x0000,0x0000,
    0x0000,0x0000,0x0000,0x0000,0x0000,0x0000,0x0000,0x0000,
    0x0000,0x0000,0x0000,0x0000,0x0000,0x0000,0x0000,0x0000,
    0x0000,0x0000,0x0000,0x0000,0x0000,0x0000,0x0000,0x0000,
    0x0000,0x0000,0x0000,0x0000,0x0000,0x0000,0x0000,0x0000,
    0x0000,0x0000,0x0000,0x0000,0x0000,0x0000,0x0000,0x0000,
    0x0000,0x0000,0x0000,0x0000,0x0000,0x0000,0x0000,0x0000,
    0x0000,0x0000,0x0000,0x0000,0x0000,0x0000,0x0000,0x0000,
    0x0000,0x0000,0x0000,0x0000,0x0000,0x0000,0x0000,0x0000,
    0x0000,0x0000,0x0000,0x0000,0x0000,0x0000,0x0000,0x0000,
    0x0000,0x0000,0x0000,0x0000,0x0000,0x0000,0x0000,0x0000,
    0x0000,0x0000,0x0000,0x0000,0x0000,0x0000,0x0000,0x0000,
    0x0000,0x0000,0x0000,0x0000,0x0000,0x0000,0x0000,0x0000,
    0x0000,0x0000,0x0000,0x0000,0x0000,0x0000,0x0000,0x0000,
    0x0000,0x0000,0x0000,0x0000,0x0000,0x0000,0x0000,0x0000,
    0x0000,0x0000,0x0000,0x0000,0x0000,0x0000,0x0000,0x0000,
    0x0000,0x0000,0x0000,0x0000,0x0000,0x0000,0x0000,0x0000,
    0x0000,0x0000,0x0000,0x0000,0x0000,0x0000,0x0000,0x0000,
    0x0000,0x0000,0x0000,0x0000,0x0000,0x0000,0x0000,0x0000,
    0x0000,0x0000,0x0000,0x0000,0x0000,0x0000,0x0000,0x0000,
    0x0000,0x0000,0x0000,0x0000,0x0000,0x0000,0x0000,0x0000,
    0x0000,0x0000,0x0000,0x0000,0x0000,0x0000,0x0000,0x0000,
    0x0000,0x0000,0x0000,0x0000,0x0000,0x0000,0x0000,0x0000,
    0x0000,0x0000,0x0000,0x0000,0x0000,0x0000,0x0000,0x0000,
    0x0000,0x0000,0x0000,0x0000,0x0000,0x0000,0x0000,0x0000,
    0x0000,0x0000,0x0000,0x0000,0x0000,0x0000,0x0000,0x0000,
    0x0000,0x0000,0x0000,0x0000,0x0000,0x0000,0x0000,0x0000,
    0x0000,0x0000,0x0000,0x0000,0x0000,0x0000,0x0000,0x0000,
    0x0000,0x0000,0x0000,0x0000,0x0000,0x0000,0x0000,0x0000,
    0x0000,0x0000,0x0000,0x0000,0x0000,0x0000,0x0000,0x0000,
    0x0000,0x0000,0x0000,0x0000,0x0000,0x0000,0x0000,0x0000,
    0x0000,0x0000,0x0000,0x0000,0x0000,0x0000,0x0000,0x0000,
    0x0000,0x0000,0x0000,0x0000,0x0000,0x0000,0x0000,0x0000,
    0x0000,0x0000,0x0000,0x0000,0x0000,0x0000,0x0000,0x0000,
    0x0000,0x0000,0x0000,0x0000,0x0000,0x0000,0x0000,0x0000,
    0x0000,0x0000,0x0000,0x0000,0x0000,0x0000,0x0000,0x0000,
    0x0000,0x0000,0x0000,0x0000,0x0000,0x0000,0x0000,0x0000,
    0x0000,0x0000,0x0000,0x0000,0x0000,0x0000,0x0000,0x0000,
    0x0000,0x0000,0x0000,0x0000,0x0000,0x0000,0x0000,0x0000,
    0x0000,0x0000,0x0000,0x0000,0x0000,0x0000,0x0000,0x0000,
    0x0000,0x0000,0x0000,0x0000,0x0000,0x0000,0x0000,0x0000,
    0x0000,0x0000,0x0000,0x0000,0x0000,0x0000,0x0000,0x0000,
    0x0000,0x0000,0x0000,0x0000,0x0000,0x0000,0x0000,0x0000,
    0x0000,0x0000,0x0000,0x0000,0x0000,0x0000,0x0000,0x0000,
    0x0000,0x0000,0x0000,0x0000,0x0000,0x0000,0x0000,0x0000,
    0x0000,0x0000,0x0000,0x0000,0x0000,0x0000,0x0000,0x0000,
    0x0000,0x0000,0x0000,0x0000,0x0000,0x0000,0x0000,0x0000,
    0x0000,0x0000,0x0000,0x0000,0x0000,0x0000,0x0000,0x0000,
    0x0000,0x0000,0x0000,0x0000,0x0000,0x0000,0x0000,0x0000,
    0x0000,0x0000,0x0000,0x0000,0x0000,0x0000,0x0000,0x0000,
    0x0000,0x0000,0x0000,0x0000,0x0000,0x0000,0x0000,0x0000,
    0x0000,0x0000,0x0000,0x0000,0x0000,0x0000,0x0000,0x0000,
    0x0000,0x0000,0x0000,0x0000,0x0000,0x0000,0x0000,0x0000,
    0x0000,0x0000,0x0000,0x0000,0x0000,0x0000,0x0000,0x0000,
    0x0000,0x0000,0x0000,0x0000,0x0000,0x0000,0x0000,0x0000,
    0x0000,0x0000,0x0000,0x0000,0x0000,0x0000,0x0000,0x0000,
    0x0000,0x0000,0x0000,0x0000,0x0000,0x0000,0x0000,0x0000,
    0x0000,0x0000,0x0000,0x0000,0x0000,0x0000,0x0000,0x0000,
    0x0000,0x0000,0x0000,0x0000,0x0000,0x0000,0x0000,0x0000,
    0x0000,0x0000,0x0000,0x0000,0x0000,0x0000,0x0000,0x0000,
    0x0000,0x0000,0x0000,0x0000,0x0000,0x0000,0x0000,0x0000,
    0x0000,0x0000,0x0000,0x0000,0x0000,0x0000,0x0000,0x0000,
    0x0000,0x0000,0x0000,0x0000,0x0000,0x0000,0x0000,0x0000,
    0x0000,0x0000,0x0000,0x0000,0x0000,0x0000,0x0000,0x0000,
    0x0000,0x0000,0x0000,0x0000,0x0000,0x0000,0x0000,0x0000,
    0x0000,0x0000,0x0000,0x0000,0x0000,0x0000,0x0000,0x0000,
    0x0000,0x0000,0x0000,0x0000,0x0000,0x0000,0x0000,0x0000,
    0x0000,0x0000,0x0000,0x0000,0x0000,0x0000,0x0000,0x0000,
    0x0000,0x0000,0x0000,0x0000,0x0000,0x0000,0x0000,0x0000,
    0x0000,0x0000,0x0000,0x0000,0x0000,0x0000,0x0000,0x0000,
    0x0000,0x0000,0x0000,0x0000,0x0000,0x0000,0x0000,0x0000,
    0x0000,0x0000,0x0000,0x0000,0x0000,0x0000,0x0000,0x0000,
    0x0000,0x0000,0x0000,0x0000,0x0000,0x0000,0x0000,0x0000,
    0x0000,0x0000,0x0000,0x0000,0x0000,0x0000,0x0000,0x0000,
    0x0000,0x0000,0x0000,0x0000,0x0000,0x0000,0x0000,0x0000,
    0x0000,0x0000,0x0000,0x0000,0x0000,0x0000,0x0000,0x0000,
    0x0000,0x0000,0x0000,0x0000,0x0000,0x0000,0x0000,0x0000,
    0x0000,0x0000,0x0000,0x0000,0x0000,0x0000,0x0000,0x0000,
    0x0000,0x0000,0x0000,0x0000,0x0000,0x0000,0x0000,0x0000,
    0x0000,0x0000,0x0000,0x0000,0x0000,0x0000,0x0000,0x0000,
    0x0000,0x0000,0x0000,0x0000,0x0000,0x0000,0x0000,0x0000,
    0x0000,0x0000,0x0000,0x0000,0x0000,0x0000,0x0000,0x0000,
    0x0000,0x0000,0x0000,0x0000,0x0000,0x0000,0x0000,0x0000,
    0x0000,0x0000,0x0000,0x0000,0x0000,0x0000,0x0000,0x0000,
    0x0000,0x0000,0x0000,0x0000,0x0000,0x0000,0x0000,0x0000,
    0x0000,0x0000,0x0000,0x0000,0x0000,0x0000,0x0000,0x0000,
    0x0000,0x0000,0x0000,0x0000,0x0000,0x0000,0x0000,0x0000,
    0x0000,0x0000,0x0000,0x0000,0x0000,0x0000,0x0000,0x0000,
    0x0000,0x0000,0x0000,0x0000,0x0000,0x0000,0x0000,0x0000,
    0x0000,0x0000,0x0000,0x0000,0x0000,0x0000,0x0000,0x0000,
    0x0000,0x0000,0x0000,0x0000,0x0000,0x0000,0x0000,0x0000,
    0x0000,0x0000,0x0000,0x0000,0x0000,0x0000,0x0000,0x0000,
    0x0000,0x0000,0x0000,0x0000,0x0000,0x0000,0x0000,0x0000,
    0x0000,0x0000,0x0000,0x0000,0x0000,0x0000,0x0000,0x0000,
    0x0000,0x0000,0x0000,0x0000,0x0000,0x0000,0x0000,0x0000,
    0x0000,0x0000,0x0000,0x0000,0x0000,0x0000,0x0000,0x0000,
    0x0000,0x0000,0x0000,0x0000,0x0000,0x0000,0x0000,0x0000,
    0x0000,0x0000,0x0000,0x0000,0x0000,0x0000,0x0000,0x0000,
    0x0000,0x0000,0x0000,0x0000,0x0000,0x0000,0x0000,0x0000,
    0x0000,0x0000,0x0000,0x0000,0x0000,0x0000,0x0000,0x0000,
    0x0000,0x0000,0x0000,0x0000,0x0000,0x0000,0x0000,0x0000,
    0x0000,0x0000,0x0000,0x0000,0x0000,0x0000,0x0000,0x0000,
    0x0000,0x0000,0x0000,0x0000,0x0000,0x0000,0x0000,0x0000,
    0x0000,0x0000,0x0000,0x0000,0x0000,0x0000,0x0000,0x0000,
    0x0000,0x0000,0x0000,0x0000,0x0000,0x0000,0x0000,0x0000,
    0x0000,0x0000,0x0000,0x0000,0x0000,0x0000,0x0000,0x0000,
    0x0000,0x0000,0x0000,0x0000,0x0000,0x0000,0x0000,0x0000,
    0x0000,0x0000,0x0000,0x0000,0x0000,0x0000,0x0000,0x0000,
    0x0000,0x0000,0x0000,0x0000,0x0000,0x0000,0x0000,0x0000,
    0x0000,0x0000,0x0000,0x0000,0x0000,0x0000,0x0000,0x0000,
    0x0000,0x0000,0x0000,0x0000,0x0000,0x0000,0x0000,0x0000,
    0x0000,0x0000,0x0000,0x0000,0x0000,0x0000,0x0000,0x0000,
    0x0000,0x0000,0x0000,0x0000,0x0000,0x0000,0x0000,0x0000,
    0x0000,0x0000,0x0000,0x0000,0x0000,0x0000,0x0000,0x0000,
    0x0000,0x0000,0x0000,0x0000,0x0000,0x0000,0x0000,0x0000,
    0x0000,0x0000,0x0000,0x0000,0x0000,0x0000,0x0000,0x0000,
    0x0000,0x0000,0x0000,0x0000,0x0000,0x0000,0x0000,0x0000,
    0x0000,0x0000,0x0000,0x0000,0x0000,0x0000,0x0000,0x0000,
    0x0000,0x0000,0x0000,0x0000,0x0000,0x0000,0x0000,0x0000,
    0x0000,0x0000,0x0000,0x0000,0x0000,0x0000,0x0000,0x0000,
    0x0000,0x0000,0x0000,0x0000,0x0000,0x0000,0x0000,0x0000,
    0x0000,0x0000,0x0000,0x0000,0x0000,0x0000,0x0000,0x0000,
    0x0000,0x0000,0x0000,0x0000,0x0000,0x0000,0x0000,0x0000,
    0x0000,0x0000,0x0000,0x0000,0x0000,0x0000,0x0000,0x0000,
    0x0000,0x0000,0x0000,0x0000,0x0000,0x0000,0x0000,0x0000,
    0x0000,0x0000,0x0000,0x0000,0x0000,0x0000,0x0000,0x0000,
    0x0000,0x0000,0x0000,0x0000,0x0000,0x0000,0x0000,0x0000,
    0x0000,0x0000,0x0000,0x0000,0x0000,0x0000,0x0000,0x0000,
    0x0000,0x0000,0x0000,0x0000,0x0000,0x0000,0x0000,0x0000,
    0x0000,0x0000,0x0000,0x0000,0x0000,0x0000,0x0000,0x0000,
    0x0000,0x0000,0x0000,0x0000,0x0000,0x0000,0x0000,0x0000,
    0x0000,0x0000,0x0000,0x0000,0x0000,0x0000,0x0000,0x0000,
    0x0000,0x0000,0x0000,0x0000,0x0000,0x0000,0x0000,0x0000,
    0x0000,0x0000,0x0000,0x0000,0x0000,0x0000,0x0000,0x0000,
    0x0000,0x0000,0x0000,0x0000,0x0000,0x0000,0x0000,0x0000,
    0x0000,0x0000,0x0000,0x0000,0x0000,0x0000,0x0000,0x0000,
    0x0000,0x0000,0x0000,0x0000,0x0000,0x0000,0x0000,0x0000,
    0x0000,0x0000,0x0000,0x0000,0x0000,0x0000,0x0000,0x0000,
    0x0000,0x0000,0x0000,0x0000,0x0000,0x0000,0x0000,0x0000,
    0x0000,0x0000,0x0000,0x0000,0x0000,0x0000,0x0000,0x0000,
    0x0000,0x0000,0x0000,0x0000,0x0000,0x0000,0x0000,0x0000,
    0x0000,0x0000,0x0000,0x0000,0x0000,0x0000,0x0000,0x0000,
    0x0000,0x0000,0x0000,0x0000,0x0000,0x0000,0x0000,0x0000,
    0x0000,0x0000,0x0000,0x0000,0x0000,0x0000,0x0000,0x0000,
    0x0000,0x0000,0x0000,0x0000,0x0000,0x0000,0x0000,0x0000,
    0x0000,0x0000,0x0000,0x0000,0x0000,0x0000,0x0000,0x0000,
    0x0000,0x0000,0x0000,0x0000,0x0000,0x0000,0x0000,0x0000,
    0x0000,0x0000,0x0000,0x0000,0x0000,0x0000,0x0000,0x0000,
    0x0000,0x0000,0x0000,0x0000,0x0000,0x0000,0x0000,0x0000,
    0x0000,0x0000,0x0000,0x0000,0x0000,0x0000,0x0000,0x0000,
    0x0000,0x0000,0x0000,0x0000,0x0000,0x0000,0x0000,0x0000,
    0x0000,0x0000,0x0000,0x0000,0x0000,0x0000,0x0000,0x0000,
    0x0000,0x0000,0x0000,0x0000,0x0000,0x0000,0x0000,0x0000,
    0x0000,0x0000,0x0000,0x0000,0x0000,0x0000,0x0000,0x0000,
    0x0000,0x0000,0x0000,0x0000,0x0000,0x0000,0x0000,0x0000,
    0x0000,0x0000,0x0000,0x0000,0x0000,0x0000,0x0000,0x0000,
    0x0000,0x0000,0x0000,0x0000,0x0000,0x0000,0x0000,0x0000,
    0x0000,0x0000,0x0000,0x0000,0x0000,0x0000,0x0000,0x0000,
    0x0000,0x0000,0x0000,0x0000,0x0000,0x0000,0x0000,0x0000,
    0x0000,0x0000,0x0000,0x0000,0x0000,0x0000,0x0000,0x0000,
    0x0000,0x0000,0x0000,0x0000,0x0000,0x0000,0x0000,0x0000,
    0x0000,0x0000,0x0000,0x0000,0x0000,0x0000,0x0000,0x0000,
    0x0000,0x0000,0x0000,0x0000,0x0000,0x0000,0x0000,0x0000,
    0x0000,0x0000,0x0000,0x0000,0x0000,0x0000,0x0000,0x0000,
    0x0000,0x0000,0x0000,0x0000,0x0000,0x0000,0x0000,0x0000,
    0x0000,0x0000,0x0000,0x0000,0x0000,0x0000,0x0000,0x0000,
    0x0000,0x0000,0x0000,0x0000,0x0000,0x0000,0x0000,0x0000,
    0x0000,0x0000,0x0000,0x0000,0x0000,0x0000,0x0000,0x0000,
    0x0000,0x0000,0x0000,0x0000,0x0000,0x0000,0x0000,0x0000,
    0x0000,0x0000,0x0000,0x0000,0x0000,0x0000,0x0000,0x0000,
    0x0000,0x0000,0x0000,0x0000,0x0000,0x0000,0x0000,0x0000,
    0x0000,0x0000,0x0000,0x0000,0x0000,0x0000,0x0000,0x0000,
    0x0000,0x0000,0x0000,0x0000,0x0000,0x0000,0x0000,0x0000,
    0x0000,0x0000,0x0000,0x0000,0x0000,0x0000,0x0000,0x0000,
    0x0000,0x0000,0x0000,0x0000,0x0000,0x0000,0x0000,0x0000,
    0x0000,0x0000,0x0000,0x0000,0x0000,0x0000,0x0000,0x0000,
    0x0000,0x0000,0x0000,0x0000,0x0000,0x0000,0x0000,0x0000,
    0x0000,0x0000,0x0000,0x0000,0x0000,0x0000,0x0000,0x0000,
    0x0000,0x0000,0x0000,0x0000,0x0000,0x0000,0x0000,0x0000,
    0x0000,0x0000,0x0000,0x0000,0x0000,0x0000,0x0000,0x0000,
    0x0000,0x0000,0x0000,0x0000,0x0000,0x0000,0x0000,0x0000,
    0x0000,0x0000,0x0000,0x0000,0x0000,0x0000,0x0000,0x0000,
    0x0000,0x0000,0x0000,0x0000,0x0000,0x0000,0x0000,0x0000,
    0x0000,0x0000,0x0000,0x0000,0x0000,0x0000,0x0000,0x0000,
    0x0000,0x0000,0x0000,0x0000,0x0000,0x0000,0x0000,0x0000,
    0x0000,0x0000,0x0000,0x0000,0x0000,0x0000,0x0000,0x0000,
    0x0000,0x0000,0x0000,0x0000,0x0000,0x0000,0x0000,0x0000,
    0x0000,0x0000,0x0000,0x0000,0x0000,0x0000,0x0000,0x0000,
    0x0000,0x0000,0x0000,0x0000,0x0000,0x0000,0x0000,0x0000,
    0x0000,0x0000,0x0000,0x0000,0x0000,0x0000,0x0000,0x0000,
    0x0000,0x0000,0x0000,0x0000,0x0000,0x0000,0x0000,0x0000,
    0x0000,0x0000,0x0000,0x0000,0x0000,0x0000,0x0000,0x0000,
    0x0000,0x0000,0x0000,0x0000,0x0000,0x0000,0x0000,0x0000,
    0x0000,0x0000,0x0000,0x0000,0x0000,0x0000,0x0000,0x0000,
    0x0000,0x0000,0x0000,0x0000,0x0000,0x0000,0x0000,0x0000,
    0x0000,0x0000,0x0000,0x0000,0x0000,0x0000,0x0000,0x0000,
    0x0000,0x0000,0x0000,0x0000,0x0000,0x0000,0x0000,0x0000,
    0x0000,0x0000,0x0000,0x0000,0x0000,0x0000,0x0000,0x0000,
    0x0000,0x0000,0x0000,0x0000,0x0000,0x0000,0x0000,0x0000,
    0x0000,0x0000,0x0000,0x0000,0x0000,0x0000,0x0000,0x0000,
    0x0000,0x0000,0x0000,0x0000,0x0000,0x0000,0x0000,0x0000,
    0x0000,0x0000,0x0000,0x0000,0x0000,0x0000,0x0000,0x0000,
    0x0000,0x0000,0x0000,0x0000,0x0000,0x0000,0x0000,0x0000,
    0x0000,0x0000,0x0000,0x0000,0x0000,0x0000,0x0000,0x0000,
    0x0000,0x0000,0x0000,0x0000,0x0000,0x0000,0x0000,0x0000,
    0x0000,0x0000,0x0000,0x0000,0x0000,0x0000,0x0000,0x0000,
    0x0000,0x0000,0x0000,0x0000,0x0000,0x0000,0x0000,0x0000,
    0x0000,0x0000,0x0000,0x0000,0x0000,0x0000,0x0000,0x0000,
    0x0000,0x0000,0x0000,0x0000,0x0000,0x0000,0x0000,0x0000,
    0x0000,0x0000,0x0000,0x0000,0x0000,0x0000,0x0000,0x0000,
    0x0000,0x0000,0x0000,0x0000,0x0000,0x0000,0x0000,0x0000,
    0x0000,0x0000,0x0000,0x0000,0x0000,0x0000,0x0000,0x0000,
    0x0000,0x0000,0x0000,0x0000,0x0000,0x0000,0x0000,0x0000,
    0x0000,0x0000,0x0000,0x0000,0x0000,0x0000,0x0000,0x0000,
    0x0000,0x0000,0x0000,0x0000,0x0000,0x0000,0x0000,0x0000,
    0x0000,0x0000,0x0000,0x0000,0x0000,0x0000,0x0000,0x0000,
    0x0000,0x0000,0x0000,0x0000,0x0000,0x0000,0x0000,0x0000,
    0x0000,0x0000,0x0000,0x0000,0x0000,0x0000,0x0000,0x0000,
    0x0000,0x0000,0x0000,0x0000,0x0000,0x0000,0x0000,0x0000,
    0x0000,0x0000,0x0000,0x0000,0x0000,0x0000,0x0000,0x0000,
    0x0000,0x0000,0x0000,0x0000,0x0000,0x0000,0x0000,0x0000,
    0x0000,0x0000,0x0000,0x0000,0x0000,0x0000,0x0000,0x0000,
    0x0000,0x0000,0x0000,0x0000,0x0000,0x0000,0x0000,0x0000,
    0x0000,0x0000,0x0000,0x0000,0x0000,0x0000,0x0000,0x0000,
    0x0000,0x0000,0x0000,0x0000,0x0000,0x0000,0x0000,0x0000,
    0x0000,0x0000,0x0000,0x0000,0x0000,0x0000,0x0000,0x0000,
    0x0000,0x0000,0x0000,0x0000,0x0000,0x0000,0x0000,0x0000,
    0x0000,0x0000,0x0000,0x0000,0x0000,0x0000,0x0000,0x0000,
    0x0000,0x0000,0x0000,0x0000,0x0000,0x0000,0x0000,0x0000,
    0x0000,0x0000,0x0000,0x0000,0x0000,0x0000,0x0000,0x0000,
    0x0000,0x0000,0x0000,0x0000,0x0000,0x0000,0x0000,0x0000,
    0x0000,0x0000,0x0000,0x0000,0x0000,0x0000,0x0000,0x0000,
    0x0000,0x0000,0x0000,0x0000,0x0000,0x0000,0x0000,0x0000,
    0x0000,0x0000,0x0000,0x0000,0x0000,0x0000,0x0000,0x0000,
    0x0000,0x0000,0x0000,0x0000,0x0000,0x0000,0x0000,0x0000,
    0x0000,0x0000,0x0000,0x0000,0x0000,0x0000,0x0000,0x0000,
    0x0000,0x0000,0x0000,0x0000,0x0000,0x0000,0x0000,0x0000,
    0x0000,0x0000,0x0000,0x0000,0x0000,0x0000,0x0000,0x0000,
    0x0000,0x0000,0x0000,0x0000,0x0000,0x0000,0x0000,0x0000,
    0x0000,0x0000,0x0000,0x0000,0x0000,0x0000,0x0000,0x0000,
    0x0000,0x0000,0x0000,0x0000,0x0000,0x0000,0x0000,0x0000,
    0x0000,0x0000,0x0000,0x0000,0x0000,0x0000,0x0000,0x0000,
    0x0000,0x0000,0x0000,0x0000,0x0000,0x0000,0x0000,0x0000,
    0x0000,0x0000,0x0000,0x0000,0x0000,0x0000,0x0000,0x0000,
    0x0000,0x0000,0x0000,0x0000,0x0000,0x0000,0x0000,0x0000,
    0x0000,0x0000,0x0000,0x0000,0x0000,0x0000,0x0000,0x0000,
    0x0000,0x0000,0x0000,0x0000,0x0000,0x0000,0x0000,0x0000,
    0x0000,0x0000,0x0000,0x0000,0x0000,0x0000,0x0000,0x0000,
    0x0000,0x0000,0x0000,0x0000,0x0000,0x0000,0x0000,0x0000,
    0x0000,0x0000,0x0000,0x0000,0x0000,0x0000,0x0000,0x0000,
    0x0000,0x0000,0x0000,0x0000,0x0000,0x0000,0x0000,0x0000,
    0x0000,0x0000,0x0000,0x0000,0x0000,0x0000,0x0000,0x0000,
    0x0000,0x0000,0x0000,0x0000,0x0000,0x0000,0x0000,0x0000,
    0x0000,0x0000,0x0000,0x0000,0x0000,0x0000,0x0000,0x0000,
    0x0000,0x0000,0x0000,0x0000,0x0000,0x0000,0x0000,0x0000,
    0x0000,0x0000,0x0000,0x0000,0x0000,0x0000,0x0000,0x0000,
    0x0000,0x0000,0x0000,0x0000,0x0000,0x0000,0x0000,0x0000,
    0x0000,0x0000,0x0000,0x0000,0x0000,0x0000,0x0000,0x0000,
    0x0000,0x0000,0x0000,0x0000,0x0000,0x0000,0x0000,0x0000,
    0x0000,0x0000,0x0000,0x0000,0x0000,0x0000,0x0000,0x0000,
    0x0000,0x0000,0x0000,0x0000,0x0000,0x0000,0x0000,0x0000,
    0x0000,0x0000,0x0000,0x0000,0x0000,0x0000,0x0000,0x0000,
    0x0000,0x0000,0x0000,0x0000,0x0000,0x0000,0x0000,0x0000,
    0x0000,0x0000,0x0000,0x0000,0x0000,0x0000,0x0000,0x0000,
    0x0000,0x0000,0x0000,0x0000,0x0000,0x0000,0x0000,0x0000,
    0x0000,0x0000,0x0000,0x0000,0x0000,0x0000,0x0000,0x0000,
    0x0000,0x0000,0x0000,0x0000,0x0000,0x0000,0x0000,0x0000,
    0x0000,0x0000,0x0000,0x0000,0x0000,0x0000,0x0000,0x0000,
    0x0000,0x0000,0x0000,0x0000,0x0000,0x0000,0x0000,0x0000,
    0x0000,0x0000,0x0000,0x0000,0x0000,0x0000,0x0000,0x0000,
    0x0000,0x0000,0x0000,0x0000,0x0000,0x0000,0x0000,0x0000,
    0x0000,0x0000,0x0000,0x0000,0x0000,0x0000,0x0000,0x0000,
    0x0000,0x0000,0x0000,0x0000,0x0000,0x0000,0x0000,0x0000,
    0x0000,0x0000,0x0000,0x0000,0x0000,0x0000,0x0000,0x0000,
    0x0000,0x0000,0x0000,0x0000,0x0000,0x0000,0x0000,0x0000,
    0x0000,0x0000,0x0000,0x0000,0x0000,0x0000,0x0000,0x0000,
    0x0000,0x0000,0x0000,0x0000,0x0000,0x0000,0x0000,0x0000,
    0x0000,0x0000,0x0000,0x0000,0x0000,0x0000,0x0000,0x0000,
    0x0000,0x0000,0x0000,0x0000,0x0000,0x0000,0x0000,0x0000,
    0x0000,0x0000,0x0000,0x0000,0x0000,0x0000,0x0000,0x0000,
    0x0000,0x0000,0x0000,0x0000,0x0000,0x0000,0x0000,0x0000,
    0x0000,0x0000,0x0000,0x0000,0x0000,0x0000,0x0000,0x0000,
    0x0000,0x0000,0x0000,0x0000,0x0000,0x0000,0x0000,0x0000,
    0x0000,0x0000,0x0000,0x0000,0x0000,0x0000,0x0000,0x0000,
    0x0000,0x0000,0x0000,0x0000,0x0000,0x0000,0x0000,0x0000,
    0x0000,0x0000,0x0000,0x0000,0x0000,0x0000,0x0000,0x0000,
    0x0000,0x0000,0x0000,0x0000,0x0000,0x0000,0x0000,0x0000,
    0x0000,0x0000,0x0000,0x0000,0x0000,0x0000,0x0000,0x0000,
    0x0000,0x0000,0x0000,0x0000,0x0000,0x0000,0x0000,0x0000,
    0x0000,0x0000,0x0000,0x0000,0x0000,0x0000,0x0000,0x0000,
    0x0000,0x0000,0x0000,0x0000,0x0000,0x0000,0x0000,0x0000,
    0x0000,0x0000,0x0000,0x0000,0x0000,0x0000,0x0000,0x0000,
    0x0000,0x0000,0x0000,0x0000,0x0000,0x0000,0x0000,0x0000,
    0x0000,0x0000,0x0000,0x0000,0x0000,0x0000,0x0000,0x0000,
    0x0000,0x0000,0x0000,0x0000,0x0000,0x0000,0x0000,0x0000,
    0x0000,0x0000,0x0000,0x0000,0x0000,0x0000,0x0000,0x0000,
    0x0000,0x0000,0x0000,0x0000,0x0000,0x0000,0x0000,0x0000,
    0x0000,0x0000,0x0000,0x0000,0x0000,0x0000,0x0000,0x0000,
    0x0000,0x0000,0x0000,0x0000,0x0000,0x0000,0x0000,0x0000,
    0x0000,0x0000,0x0000,0x0000,0x0000,0x0000,0x0000,0x0000,
    0x0000,0x0000,0x0000,0x0000,0x0000,0x0000,0x0000,0x0000,
    0x0000,0x0000,0x0000,0x0000,0x0000,0x0000,0x0000,0x0000,
    0x0000,0x0000,0x0000,0x0000,0x0000,0x0000,0x0000,0x0000,
    0x0000,0x0000,0x0000,0x0000,0x0000,0x0000,0x0000,0x0000,
    0x0000,0x0000,0x0000,0x0000,0x0000,0x0000,0x0000,0x0000,
    0x0000,0x0000,0x0000,0x0000,0x0000,0x0000,0x0000,0x0000,
    0x0000,0x0000,0x0000,0x0000,0x0000,0x0000,0x0000,0x0000,
    0x0000,0x0000,0x0000,0x0000,0x0000,0x0000,0x0000,0x0000,
    0x0000,0x0000,0x0000,0x0000,0x0000,0x0000,0x0000,0x0000,
    0x0000,0x0000,0x0000,0x0000,0x0000,0x0000,0x0000,0x0000,
    0x0000,0x0000,0x0000,0x0000,0x0000,0x0000,0x0000,0x0000,
    0x0000,0x0000,0x0000,0x0000,0x0000,0x0000,0x0000,0x0000,
    0x0000,0x0000,0x0000,0x0000,0x0000,0x0000,0x0000,0x0000,
    0x0000,0x0000,0x0000,0x0000,0x0000,0x0000,0x0000,0x0000,
    0x0000,0x0000,0x0000,0x0000,0x0000,0x0000,0x0000,0x0000,
    0x0000,0x0000,0x0000,0x0000,0x0000,0x0000,0x0000,0x0000,
    0x0000,0x0000,0x0000,0x0000,0x0000,0x0000,0x0000,0x0000,
    0x0000,0x0000,0x0000,0x0000,0x0000,0x0000,0x0000,0x0000,
    0x0000,0x0000,0x0000,0x0000,0x0000,0x0000,0x0000,0x0000,
    0x0000,0x0000,0x0000,0x0000,0x0000,0x0000,0x0000,0x0000,
    0x0000,0x0000,0x0000,0x0000,0x0000,0x0000,0x0000,0x0000,
    0x0000,0x0000,0x0000,0x0000,0x0000,0x0000,0x0000,0x0000,
    0x0000,0x0000,0x0000,0x0000,0x0000,0x0000,0x0000,0x0000,
    0x0000,0x0000,0x0000,0x0000,0x0000,0x0000,0x0000,0x0000,
    0x0000,0x0000,0x0000,0x0000,0x0000,0x0000,0x0000,0x0000,
    0x0000,0x0000,0x0000,0x0000,0x0000,0x0000,0x0000,0x0000,
    0x0000,0x0000,0x0000,0x0000,0x0000,0x0000,0x0000,0x0000,
    0x0000,0x0000,0x0000,0x0000,0x0000,0x0000,0x0000,0x0000,
    0x0000,0x0000,0x0000,0x0000,0x0000,0x0000,0x0000,0x0000,
    0x0000,0x0000,0x0000,0x0000,0x0000,0x0000,0x0000,0x0000,
    0x0000,0x0000,0x0000,0x0000,0x0000,0x0000,0x0000,0x0000,
    0x0000,0x0000,0x0000,0x0000,0x0000,0x0000,0x0000,0x0000,
    0x0000,0x0000,0x0000,0x0000,0x0000,0x0000,0x0000,0x0000,
    0x0000,0x0000,0x0000,0x0000,0x0000,0x0000,0x0000,0x0000,
    0x0000,0x0000,0x0000,0x0000,0x0000,0x0000,0x0000,0x0000,
    0x0000,0x0000,0x0000,0x0000,0x0000,0x0000,0x0000,0x0000,
    0x0000,0x0000,0x0000,0x0000,0x0000,0x0000,0x0000,0x0000,
    0x0000,0x0000,0x0000,0x0000,0x0000,0x0000,0x0000,0x0000,
    0x0000,0x0000,0x0000,0x0000,0x0000,0x0000,0x0000,0x0000,
    0x0000,0x0000,0x0000,0x0000,0x0000,0x0000,0x0000,0x0000,
    0x0000,0x0000,0x0000,0x0000,0x0000,0x0000,0x0000,0x0000,
    0x0000,0x0000,0x0000,0x0000,0x0000,0x0000,0x0000,0x0000,
    0x0000,0x0000,0x0000,0x0000,0x0000,0x0000,0x0000,0x0000,
    0x0000,0x0000,0x0000,0x0000,0x0000,0x0000,0x0000,0x0000,
    0x0000,0x0000,0x0000,0x0000,0x0000,0x0000,0x0000,0x0000,
    0x0000,0x0000,0x0000,0x0000,0x0000,0x0000,0x0000,0x0000,
    0x0000,0x0000,0x0000,0x0000,0x0000,0x0000,0x0000,0x0000,
    0x0000,0x0000,0x0000,0x0000,0x0000,0x0000,0x0000,0x0000,
    0x0000,0x0000,0x0000,0x0000,0x0000,0x0000,0x0000,0x0000,
    0x0000,0x0000,0x0000,0x0000,0x0000,0x0000,0x0000,0x0000,
    0x0000,0x0000,0x0000,0x0000,0x0000,0x0000,0x0000,0x0000,
    0x0000,0x0000,0x0000,0x0000,0x0000,0x0000,0x0000,0x0000,
    0x0000,0x0000,0x0000,0x0000,0x0000,0x0000,0x0000,0x0000,
    0x0000,0x0000,0x0000,0x0000,0x0000,0x0000,0x0000,0x0000,
    0x0000,0x0000,0x0000,0x0000,0x0000,0x0000,0x0000,0x0000,
    0x0000,0x0000,0x0000,0x0000,0x0000,0x0000,0x0000,0x0000,
    0x0000,0x0000,0x0000,0x0000,0x0000,0x0000,0x0000,0x0000,
    0x0000,0x0000,0x0000,0x0000,0x0000,0x0000,0x0000,0x0000,
    0x0000,0x0000,0x0000,0x0000,0x0000,0x0000,0x0000,0x0000,
    0x0000,0x0000,0x0000,0x0000,0x0000,0x0000,0x0000,0x0000,
    0x0000,0x0000,0x0000,0x0000,0x0000,0x0000,0x0000,0x0000,
    0x0000,0x0000,0x0000,0x0000,0x0000,0x0000,0x0000,0x0000,
    0x0000,0x0000,0x0000,0x0000,0x0000,0x0000,0x0000,0x0000,
    0x0000,0x0000,0x0000,0x0000,0x0000,0x0000,0x0000,0x0000,
    0x0000,0x0000,0x0000,0x0000,0x0000,0x0000,0x0000,0x0000,
    0x0000,0x0000,0x0000,0x0000,0x0000,0x0000,0x0000,0x0000,
    0x0000,0x0000,0x0000,0x0000,0x0000,0x0000,0x0000,0x0000,
    0x0000,0x0000,0x0000,0x0000,0x0000,0x0000,0x0000,0x0000,
    0x0000,0x0000,0x0000,0x0000,0x0000,0x0000,0x0000,0x0000,
    0x0000,0x0000,0x0000,0x0000,0x0000,0x0000,0x0000,0x0000,
    0x0000,0x0000,0x0000,0x0000,0x0000,0x0000,0x0000,0x0000,
    0x0000,0x0000,0x0000,0x0000,0x0000,0x0000,0x0000,0x0000,
    0x0000,0x0000,0x0000,0x0000,0x0000,0x0000,0x0000,0x0000,
    0x0000,0x0000,0x0000,0x0000,0x0000,0x0000,0x0000,0x0000,
    0x0000,0x0000,0x0000,0x0000,0x0000,0x0000,0x0000,0x0000,
    0x0000,0x0000,0x0000,0x0000,0x0000,0x0000,0x0000,0x0000,
    0x0000,0x0000,0x0000,0x0000,0x0000,0x0000,0x0000,0x0000,
    0x0000,0x0000,0x0000,0x0000,0x0000,0x0000,0x0000,0x0000,
    0x0000,0x0000,0x0000,0x0000,0x0000,0x0000,0x0000,0x0000,
    0x0000,0x0000,0x0000,0x0000,0x0000,0x0000,0x0000,0x0000,
    0x0000,0x0000,0x0000,0x0000,0x0000,0x0000,0x0000,0x0000,
    0x0000,0x0000,0x0000,0x0000,0x0000,0x0000,0x0000,0x0000,
    0x0000,0x0000,0x0000,0x0000,0x0000,0x0000,0x0000,0x0000,
    0x0000,0x0000,0x0000,0x0000,0x0000,0x0000,0x0000,0x0000,
    0x0000,0x0000,0x0000,0x0000,0x0000,0x0000,0x0000,0x0000,
    0x0000,0x0000,0x0000,0x0000,0x0000,0x0000,0x0000,0x0000,
    0x0000,0x0000,0x0000,0x0000,0x0000,0x0000,0x0000,0x0000,
    0x0000,0x0000,0x0000,0x0000,0x0000,0x0000,0x0000,0x0000,
    0x0000,0x0000,0x0000,0x0000,0x0000,0x0000,0x0000,0x0000,
    0x0000,0x0000,0x0000,0x0000,0x0000,0x0000,0x0000,0x0000,
    0x0000,0x0000,0x0000,0x0000,0x0000,0x0000,0x0000,0x0000,
    0x0000,0x0000,0x0000,0x0000,0x0000,0x0000,0x0000,0x0000,
    0x0000,0x0000,0x0000,0x0000,0x0000,0x0000,0x0000,0x0000,
    0x0000,0x0000,0x0000,0x0000,0x0000,0x0000,0x0000,0x0000,
    0x0000,0x0000,0x0000,0x0000,0x0000,0x0000,0x0000,0x0000,
    0x0000,0x0000,0x0000,0x0000,0x0000,0x0000,0x0000,0x0000,
    0x0000,0x0000,0x0000,0x0000,0x0000,0x0000,0x0000,0x0000,
    0x0000,0x0000,0x0000,0x0000,0x0000,0x0000,0x0000,0x0000,
    0x0000,0x0000,0x0000,0x0000,0x0000,0x0000,0x0000,0x0000,
    0x0000,0x0000,0x0000,0x0000,0x0000,0x0000,0x0000,0x0000,
    0x0000,0x0000,0x0000,0x0000,0x0000,0x0000,0x0000,0x0000,
    0x0000,0x0000,0x0000,0x0000,0x0000,0x0000,0x0000,0x0000,
    0x0000,0x0000,0x0000,0x0000,0x0000,0x0000,0x0000,0x0000,
    0x0000,0x0000,0x0000,0x0000,0x0000,0x0000,0x0000,0x0000,
    0x0000,0x0000,0x0000,0x0000,0x0000,0x0000,0x0000,0x0000,
    0x0000,0x0000,0x0000,0x0000,0x0000,0x0000,0x0000,0x0000,
    0x0000,0x0000,0x0000,0x0000,0x0000,0x0000,0x0000,0x0000,
    0xFB2A,0x0000,0x0000,0x0000,0x0000,0x0000,0x0000,0x0000,
    0x0000,0x0000,0x0000,0x0000,0x0000,0x0000,0x0000,0x0000,
    0x0000,0x0000,0x0000,0x0000,0x0000,0x0000,0x0000,0x0000,
    0x0000,0x0000,0x0000,0x0000,0x0000,0x0000,0x0000,0x0000,
    0x0000,0x0000,0x0000,0x0000,0x0000,0x0000,0x0000,0x0000,
    0x0000,0x0000,0x0000,0x0000,0x0000,0x0000,0x0000,0x0000,
    0x0000,0x0000,0x0000,0x0000,0x0000,0x0000,0x0000,0x0000,
    0x0000,0x0000,0x0000,0x0000,0x0000,0x0000,0x0000,0x0000,
    0x0000,0x0000,0x0000,0x0000,0x0000,0x0000,0x0000,0x0000,
    0x0000,0x0000,0x0000,0x0000,0x0000,0x0000,0x0000,0x0000,
    0x0000,0x0000,0x0000,0x0000,0x0000,0x0000,0x0000,0x0000,
    0x0000,0x0000,0x0000,0x0000,0x0000,0x0000,0x0000,0x0000,
    0x0000,0x0000,0x0000,0x0000,0x0000,0x0000,0x0000,0x0000,
    0x0000,0x0000,0x0000,0x0000,0x0000,0x0000,0x0000,0x0000,
    0x0000,0x0000,0x0000,0x0000,0x0000,0x0000,0xFB2A,0xFB2A,
    0xFB2A,0xFB2A,0xFB2A,0xFB2A,0xFB2A,0xFB2A,0xFB2A,0xFB2A,
    0xFB2A,0xFB2A,0xFB2A,0xFB2A,0xFB2A,0xFB2A,0xFB2A,0xFB2A,
    0xFB2A,0xFB2A,0xFB2A,0x0000,0x0000,0x0000,0x0000,0x0000,
    0x0000,0x0000,0x0000,0x0000,0x0000,0x0000,0x0000,0x0000,
    0x0000,0x0000,0x0000,0x0000,0x0000,0x0000,0x0000,0x0000,
    0x0000,0x0000,0x0000,0x0000,0x0000,0x0000,0x0000,0x0000,
    0x0000,0x0000,0x0000,0x0000,0x0000,0x0000,0x0000,0x0000,
    0x0000,0x0000,0x0000,0x0000,0x0000,0x0000,0x0000,0x0000,
    0x0000,0x0000,0x0000,0x0000,0x0000,0x0000,0x0000,0x0000,
    0x0000,0x0000,0x0000,0x0000,0x0000,0x0000,0x0000,0x0000,
    0x0000,0x0000,0x0000,0x0000,0x0000,0x0000,0x0000,0x0000,
    0x0000,0x0000,0x0000,0x0000,0x0000,0x0000,0x0000,0x0000,
    0x0000,0x0000,0x0000,0x0000,0x0000,0x0000,0x0000,0x0000,
    0x0000,0x0000,0x0000,0x0000,0x0000,0x0000,0x0000,0x0000,
    0x0000,0x0000,0x0000,0x0000,0x0000,0x0000,0x0000,0x0000,
    0x0000,0x0000,0xFB2A,0xFB2A,0xFB2A,0xFB2A,0xFB2A,0xFB2A,
    0xFB2A,0xFB2A,0xFB2A,0xFB2A,0xFB2A,0xFB2A,0xFB2A,0xFB2A,
    0xFB2A,0xFB2A,0xFB2A,0xFB2A,0xFB2A,0xFB2A,0xFB2A,0xFB2A,
    0xFB2A,0xFB2A,0xFB2A,0xFB2A,0xFB2A,0xFB2A,0xFB2A,0x0000,
    0x0000,0x0000,0x0000,0x0000,0x0000,0x0000,0x0000,0x0000,
    0x0000,0x0000,0x0000,0x0000,0x0000,0x0000,0x0000,0x0000,
    0x0000,0x0000,0x0000,0x0000,0x0000,0x0000,0x0000,0x0000,
    0x0000,0x0000,0x0000,0x0000,0x0000,0x0000,0x0000,0x0000,
    0x0000,0x0000,0x0000,0x0000,0x0000,0x0000,0x0000,0x0000,
    0x0000,0x0000,0x0000,0x0000,0x0000,0x0000,0x0000,0x0000,
    0x0000,0x0000,0x0000,0x0000,0x0000,0x0000,0x0000,0x0000,
    0x0000,0x0000,0x0000,0x0000,0x0000,0x0000,0x0000,0x0000,
    0x0000,0x0000,0x0000,0x0000,0x0000,0x0000,0x0000,0x0000,
    0x0000,0x0000,0x0000,0x0000,0x0000,0x0000,0x0000,0x0000,
    0x0000,0x0000,0x0000,0x0000,0x0000,0x0000,0x0000,0x0000,
    0x0000,0x0000,0x0000,0x0000,0x0000,0x0000,0x0000,0xFB2A,
    0xFB2A,0xFB2A,0xFB2A,0xFB2A,0xFB2A,0xFB2A,0xFB2A,0xFB2A,
    0xFB2A,0xFB2A,0xFB2A,0xFB2A,0xFB2A,0xFB2A,0xFB2A,0xFB2A,
    0xFB2A,0xFB2A,0xFB2A,0xFB2A,0xFB2A,0xFB2A,0xFB2A,0xFB2A,
    0xFB2A,0xFB2A,0xFB2A,0xFB2A,0xFB2A,0xFB2A,0xFB2A,0xFB2A,
    0xFB2A,0xFB2A,0x0000,0x0000,0x0000,0x0000,0x0000,0x0000,
    0x0000,0x0000,0x0000,0x0000,0x0000,0x0000,0x0000,0x0000,
    0x0000,0x0000,0x0000,0x0000,0x0000,0x0000,0x0000,0x0000,
    0x0000,0x0000,0x0000,0x0000,0x0000,0x0000,0x0000,0x0000,
    0x0000,0x0000,0x0000,0x0000,0x0000,0x0000,0x0000,0x0000,
    0x0000,0x0000,0x0000,0x0000,0x0000,0x0000,0x0000,0x0000,
    0x0000,0x0000,0x0000,0x0000,0x0000,0x0000,0x0000,0x0000,
    0x0000,0x0000,0x0000,0x0000,0x0000,0x0000,0x0000,0x0000,
    0x0000,0x0000,0x0000,0x0000,0x0000,0x0000,0x0000,0x0000,
    0x0000,0x0000,0x0000,0x0000,0x0000,0x0000,0x0000,0x0000,
    0x0000,0x0000,0x0000,0x0000,0x0000,0x0000,0x0000,0x0000,
    0x0000,0x0000,0x0000,0x0000,0xFB2A,0xFB2A,0xFB2A,0xFB2A,
    0xFB2A,0xFB2A,0xFB2A,0xFB2A,0xFB2A,0xFB2A,0xFB2A,0xFB2A,
    0xFB2A,0xFB2A,0xFB2A,0xFB2A,0xFB2A,0xFB2A,0xFB2A,0xFB2A,
    0xFB2A,0xFB2A,0xFB2A,0xFB2A,0xFB2A,0xFB2A,0xFB2A,0xFB2A,
    0xFB2A,0xFB2A,0xFB2A,0xFB2A,0xFB2A,0xFB2A,0xFB2A,0xFB2A,
    0xFB2A,0xFB2A,0xFB2A,0xFB2A,0xFB2A,0x0000,0x0000,0x0000,
    0x0000,0x0000,0x0000,0x0000,0x0000,0x0000,0x0000,0x0000,
    0x0000,0x0000,0x0000,0x0000,0x0000,0x0000,0x0000,0x0000,
    0x0000,0x0000,0x0000,0x0000,0x0000,0x0000,0x0000,0x0000,
    0x0000,0x0000,0x0000,0x0000,0x0000,0x0000,0x0000,0x0000,
    0x0000,0x0000,0x0000,0x0000,0x0000,0x0000,0x0000,0x0000,
    0x0000,0x0000,0x0000,0x0000,0x0000,0x0000,0x0000,0x0000,
    0x0000,0x0000,0x0000,0x0000,0x0000,0x0000,0x0000,0x0000,
    0x0000,0x0000,0x0000,0x0000,0x0000,0x0000,0x0000,0x0000,
    0x0000,0x0000,0x0000,0x0000,0x0000,0x0000,0x0000,0x0000,
    0x0000,0x0000,0x0000,0x0000,0x0000,0x0000,0x0000,0x0000,
    0x0000,0x0000,0xFB2A,0xFB2A,0xFB2A,0xFB2A,0xFB2A,0xFB2A,
    0xFB2A,0xFB2A,0xFB2A,0xFB2A,0xFB2A,0xFB2A,0xFB2A,0xFB2A,
    0xFB2A,0xFB2A,0xFB2A,0xFB2A,0xFB2A,0xFB2A,0xFB2A,0xFB2A,
    0xFB2A,0xFB2A,0xFB2A,0xFB2A,0xFB2A,0xFB2A,0xFB2A,0xFB2A,
    0xFB2A,0xFB2A,0xFB2A,0xFB2A,0xFB2A,0xFB2A,0xFB2A,0xFB2A,
    0xFB2A,0xFB2A,0xFB2A,0xFB2A,0xFB2A,0xFB2A,0xFB2A,0x0000,
    0x0000,0x0000,0x0000,0x0000,0x0000,0x0000,0x0000,0x0000,
    0x0000,0x0000,0x0000,0x0000,0x0000,0x0000,0x0000,0x0000,
    0x0000,0x0000,0x0000,0x0000,0x0000,0x0000,0x0000,0x0000,
    0x0000,0x0000,0x0000,0x0000,0x0000,0x0000,0x0000,0x0000,
    0x0000,0x0000,0x0000,0x0000,0x0000,0x0000,0x0000,0x0000,
    0x0000,0x0000,0x0000,0x0000,0x0000,0x0000,0x0000,0x0000,
    0x0000,0x0000,0x0000,0x0000,0x0000,0x0000,0x0000,0x0000,
    0x0000,0x0000,0x0000,0x0000,0x0000,0x0000,0x0000,0x0000,
    0x0000,0x0000,0x0000,0x0000,0x0000,0x0000,0x0000,0x0000,
    0x0000,0x0000,0x0000,0x0000,0x0000,0x0000,0x0000,0x0000,
    0xFB2A,0xFB2A,0xFB2A,0xFB2A,0xFB2A,0xFB2A,0xFB2A,0xFB2A,
    0xFB2A,0xFB2A,0xFB2A,0xFB2A,0xFB2A,0xFB2A,0xFB2A,0xFB2A,
    0xFB2A,0xFB2A,0xFB2A,0xFB2A,0xFB2A,0xFB2A,0xFB2A,0xFB2A,
    0xFB2A,0xFB2A,0xFB2A,0xFB2A,0xFB2A,0xFB2A,0xFB2A,0xFB2A,
    0xFB2A,0xFB2A,0xFB2A,0xFB2A,0xFB2A,0xFB2A,0xFB2A,0xFB2A,
    0xFB2A,0xFB2A,0xFB2A,0xFB2A,0xFB2A,0xFB2A,0xFB2A,0xFB2A,
    0xFB2A,0x0000,0x0000,0x0000,0x0000,0x0000,0x0000,0x0000,
    0x0000,0x0000,0x0000,0x0000,0x0000,0x0000,0x0000,0x0000,
    0x0000,0x0000,0x0000,0x0000,0x0000,0x0000,0x0000,0x0000,
    0x0000,0x0000,0x0000,0x0000,0x0000,0x0000,0x0000,0x0000,
    0x0000,0x0000,0x0000,0x0000,0x0000,0x0000,0x0000,0x0000,
    0x0000,0x0000,0x0000,0x0000,0x0000,0x0000,0x0000,0x0000,
    0x0000,0x0000,0x0000,0x0000,0x0000,0x0000,0x0000,0x0000,
    0x0000,0x0000,0x0000,0x0000,0x0000,0x0000,0x0000,0x0000,
    0x0000,0x0000,0x0000,0x0000,0x0000,0x0000,0x0000,0x0000,
    0x0000,0x0000,0x0000,0x0000,0x0000,0x0000,0xFB2A,0xFB2A,
    0xFB2A,0xFB2A,0xFB2A,0xFB2A,0xFB2A,0xFB2A,0xFB2A,0xFB2A,
    0xFB2A,0xFB2A,0xFB2A,0xFB2A,0xFB2A,0xFB2A,0xFB2A,0xFB2A,
    0xFB2A,0xFB2A,0xFB2A,0xFB2A,0xFB2A,0xFB2A,0xFB2A,0xFB2A,
    0xFB2A,0xFB2A,0xFB2A,0xFB2A,0xFB2A,0xFB2A,0xFB2A,0xFB2A,
    0xFB2A,0xFB2A,0xFB2A,0xFB2A,0xFB2A,0xFB2A,0xFB2A,0xFB2A,
    0xFB2A,0xFB2A,0xFB2A,0xFB2A,0xFB2A,0xFB2A,0xFB2A,0xFB2A,
    0xFB2A,0xFB2A,0xFB2A,0x0000,0x0000,0x0000,0x0000,0x0000,
    0x0000,0x0000,0x0000,0x0000,0x0000,0x0000,0x0000,0x0000,
    0x0000,0x0000,0x0000,0x0000,0x0000,0x0000,0x0000,0x0000,
    0x0000,0x0000,0x0000,0x0000,0x0000,0x0000,0x0000,0x0000,
    0x0000,0x0000,0x0000,0x0000,0x0000,0x0000,0x0000,0x0000,
    0x0000,0x0000,0x0000,0x0000,0x0000,0x0000,0x0000,0x0000,
    0x0000,0x0000,0x0000,0x0000,0x0000,0x0000,0x0000,0x0000,
    0x0000,0x0000,0x0000,0x0000,0x0000,0x0000,0x0000,0x0000,
    0x0000,0x0000,0x0000,0x0000,0x0000,0x0000,0x0000,0x0000,
    0x0000,0x0000,0x0000,0x0000,0xFB2A,0xFB2A,0xFB2A,0xFB2A,
    0xFB2A,0xFB2A,0xFB2A,0xFB2A,0xFB2A,0xFB2A,0xFB2A,0xFB2A,
    0xFB2A,0xFB2A,0xFB2A,0xFB2A,0xFB2A,0xFB2A,0xFB2A,0xFB2A,
    0xFB2A,0xFB2A,0xFB2A,0xFB2A,0xFB2A,0xFB2A,0xFB2A,0xFB2A,
    0xFB2A,0xFB2A,0xFB2A,0xFB2A,0xFB2A,0xFB2A,0xFB2A,0xFB2A,
    0xFB2A,0xFB2A,0xFB2A,0xFB2A,0xFB2A,0xFB2A,0xFB2A,0xFB2A,
    0xFB2A,0xFB2A,0xFB2A,0xFB2A,0xFB2A,0xFB2A,0xFB2A,0xFB2A,
    0xFB2A,0xFB2A,0xFB2A,0xFB2A,0xFB2A,0x0000,0x0000,0x0000,
    0x0000,0x0000,0x0000,0x0000,0x0000,0x0000,0x0000,0x0000,
    0x0000,0x0000,0x0000,0x0000,0x0000,0x0000,0x0000,0x0000,
    0x0000,0x0000,0x0000,0x0000,0x0000,0x0000,0x0000,0x0000,
    0x0000,0x0000,0x0000,0x0000,0x0000,0x0000,0x0000,0x0000,
    0x0000,0x0000,0x0000,0x0000,0x0000,0x0000,0x0000,0x0000,
    0x0000,0x0000,0x0000,0x0000,0x0000,0x0000,0x0000,0x0000,
    0x0000,0x0000,0x0000,0x0000,0x0000,0x0000,0x0000,0x0000,
    0x0000,0x0000,0x0000,0x0000,0x0000,0x0000,0x0000,0x0000,
    0x0000,0x0000,0xFB2A,0xFB2A,0xFB2A,0xFB2A,0xFB2A,0xFB2A,
    0xFB2A,0xFB2A,0xFB2A,0xFB2A,0xFB2A,0xFB2A,0xFB2A,0xFB2A,
    0xFB2A,0xFB2A,0xFB2A,0xFB2A,0xFB2A,0xFB2A,0xFB2A,0xFB2A,
    0xFB2A,0xFB2A,0xFB2A,0xFB2A,0xFB2A,0xFB2A,0xFB2A,0xFB2A,
    0xFB2A,0xFB2A,0xFB2A,0xFB2A,0xFB2A,0xFB2A,0xFB2A,0xFB2A,
    0xFB2A,0xFB2A,0xFB2A,0xFB2A,0xFB2A,0xFB2A,0xFB2A,0xFB2A,
    0xFB2A,0xFB2A,0xFB2A,0xFB2A,0xFB2A,0xFB2A,0xFB2A,0xFB2A,
    0xFB2A,0xFB2A,0xFB2A,0xFB2A,0xFB2A,0xFB2A,0xFB2A,0x0000,
    0x0000,0x0000,0x0000,0x0000,0x0000,0x0000,0x0000,0x0000,
    0x0000,0x0000,0x0000,0x0000,0x0000,0x0000,0x0000,0x0000,
    0x0000,0x0000,0x0000,0x0000,0x0000,0x0000,0x0000,0x0000,
    0x0000,0x0000,0x0000,0x0000,0x0000,0x0000,0x0000,0x0000,
    0x0000,0x0000,0x0000,0x0000,0x0000,0x0000,0x0000,0x0000,
    0x0000,0x0000,0x0000,0x0000,0x0000,0x0000,0x0000,0x0000,
    0x0000,0x0000,0x0000,0x0000,0x0000,0x0000,0x0000,0x0000,
    0x0000,0x0000,0x0000,0x0000,0x0000,0x0000,0x0000,0x0000,
    0x0000,0xFB2A,0xFB2A,0xFB2A,0xFB2A,0xFB2A,0xFB2A,0xFB2A,
    0xFB2A,0xFB2A,0xFB2A,0xFB2A,0xFB2A,0xFB2A,0xFB2A,0xFB2A,
    0xFB2A,0xFB2A,0xFB2A,0xFB2A,0xFB2A,0xFB2A,0xFB2A,0xFB2A,
    0xFB2A,0xFB2A,0xFB2A,0xFB2A,0xFB2A,0xFB2A,0xFB2A,0xFB2A,
    0xFB2A,0xFB2A,0xFB2A,0xFB2A,0xFB2A,0xFB2A,0xFB2A,0xFB2A,
    0xFB2A,0xFB2A,0xFB2A,0xFB2A,0xFB2A,0xFB2A,0xFB2A,0xFB2A,
    0xFB2A,0xFB2A,0xFB2A,0xFB2A,0xFB2A,0xFB2A,0xFB2A,0xFB2A,
    0xFB2A,0xFB2A,0xFB2A,0xFB2A,0xFB2A,0xFB2A,0xFB2A,0xFB2A,
    0x0000,0x0000,0x0000,0x0000,0x0000,0x0000,0x0000,0x0000,
    0x0000,0x0000,0x0000,0x0000,0x0000,0x0000,0x0000,0x0000,
    0x0000,0x0000,0x0000,0x0000,0x0000,0x0000,0x0000,0x0000,
    0x0000,0x0000,0x0000,0x0000,0x0000,0x0000,0x0000,0x0000,
    0x0000,0x0000,0x0000,0x0000,0x0000,0x0000,0x0000,0x0000,
    0x0000,0x0000,0x0000,0x0000,0x0000,0x0000,0x0000,0x0000,
    0x0000,0x0000,0x0000,0x0000,0x0000,0x0000,0x0000,0x0000,
    0x0000,0x0000,0x0000,0x0000,0x0000,0x0000,0x0000,0xFB2A,
    0xFB2A,0xFB2A,0xFB2A,0xFB2A,0xFB2A,0xFB2A,0xFB2A,0xFB2A,
    0xFB2A,0xFB2A,0xFB2A,0xFB2A,0xFB2A,0xFB2A,0xFB2A,0xFB2A,
    0xFB2A,0xFB2A,0xFB2A,0xFB2A,0xFB2A,0xFB2A,0xFB2A,0xFB2A,
    0xFB2A,0xFB2A,0xFB2A,0xFB2A,0xFB2A,0xFB2A,0xFB2A,0xFB2A,
    0xFB2A,0xFB2A,0xFB2A,0xFB2A,0xFB2A,0xFB2A,0xFB2A,0xFB2A,
    0xFB2A,0xFB2A,0xFB2A,0xFB2A,0xFB2A,0xFB2A,0xFB2A,0xFB2A,
    0xFB2A,0xFB2A,0xFB2A,0xFB2A,0xFB2A,0xFB2A,0xFB2A,0xFB2A,
    0xFB2A,0xFB2A,0xFB2A,0xFB2A,0xFB2A,0xFB2A,0xFB2A,0xFB2A,
    0xFB2A,0xFB2A,0x0000,0x0000,0x0000,0x0000,0x0000,0x0000,
    0x0000,0x0000,0x0000,0x0000,0x0000,0x0000,0x0000,0x0000,
    0x0000,0x0000,0x0000,0x0000,0x0000,0x0000,0x0000,0x0000,
    0x0000,0x0000,0x0000,0x0000,0x0000,0x0000,0x0000,0x0000,
    0x0000,0x0000,0x0000,0x0000,0x0000,0x0000,0x0000,0x0000,
    0x0000,0x0000,0x0000,0x0000,0x0000,0x0000,0x0000,0x0000,
    0x0000,0x0000,0x0000,0x0000,0x0000,0x0000,0x0000,0x0000,
    0x0000,0x0000,0x0000,0x0000,0x0000,0x0000,0xFB2A,0xFB2A,
    0xFB2A,0xFB2A,0xFB2A,0xFB2A,0xFB2A,0xFB2A,0xFB2A,0xFB2A,
    0xFB2A,0xFB2A,0xFB2A,0xFB2A,0xFB2A,0xFB2A,0xFB2A,0xFB2A,
    0xFB2A,0xFB2A,0xFB2A,0xFB2A,0xFB2A,0xFB2A,0xFB2A,0xFB2A,
    0xFB2A,0xFB2A,0xFB2A,0xFB2A,0xFB2A,0xFB2A,0xFB2A,0xFB2A,
    0xFB2A,0xFB2A,0xFB2A,0xFB2A,0xFB2A,0xFB2A,0xFB2A,0xFB2A,
    0xFB2A,0xFB2A,0xFB2A,0xFB2A,0xFB2A,0xFB2A,0xFB2A,0xFB2A,
    0xFB2A,0xFB2A,0xFB2A,0xFB2A,0xFB2A,0xFB2A,0xFB2A,0xFB2A,
    0xFB2A,0xFB2A,0xFB2A,0xFB2A,0xFB2A,0xFB2A,0xFB2A,0xFB2A,
    0xFB2A,0xFB2A,0xFB2A,0x0000,0x0000,0x0000,0x0000,0x0000,
    0x0000,0x0000,0x0000,0x0000,0x0000,0x0000,0x0000,0x0000,
    0x0000,0x0000,0x0000,0x0000,0x0000,0x0000,0x0000,0x0000,
    0x0000,0x0000,0x0000,0x0000,0x0000,0x0000,0x0000,0x0000,
    0x0000,0x0000,0x0000,0x0000,0x0000,0x0000,0x0000,0x0000,
    0x0000,0x0000,0x0000,0x0000,0x0000,0x0000,0x0000,0x0000,
    0x0000,0x0000,0x0000,0x0000,0x0000,0x0000,0x0000,0x0000,
    0x0000,0x0000,0x0000,0x0000,0x0000,0xFB2A,0xFB2A,0xFB2A,
    0xFB2A,0xFB2A,0xFB2A,0xFB2A,0xFB2A,0xFB2A,0xFB2A,0xFB2A,
    0xFB2A,0xFB2A,0xFB2A,0xFB2A,0xFB2A,0xFB2A,0xFB2A,0xFB2A,
    0xFB2A,0xFB2A,0xFB2A,0xFB2A,0xFB2A,0xFB2A,0xFB2A,0xFB2A,
    0xFB2A,0xFB2A,0xFB2A,0xFB2A,0xFB2A,0xFB2A,0xFB2A,0xFB2A,
    0xFB2A,0xFB2A,0xFB2A,0xFB2A,0xFB2A,0xFB2A,0xFB2A,0xFB2A,
    0xFB2A,0xFB2A,0xFB2A,0xFB2A,0xFB2A,0xFB2A,0xFB2A,0xFB2A,
    0xFB2A,0xFB2A,0xFB2A,0xFB2A,0xFB2A,0xFB2A,0xFB2A,0xFB2A,
    0xFB2A,0xFB2A,0xFB2A,0xFB2A,0xFB2A,0xFB2A,0xFB2A,0xFB2A,
    0xFB2A,0xFB2A,0xFB2A,0xFB2A,0x0000,0x0000,0x0000,0x0000,
    0x0000,0x0000,0x0000,0x0000,0x0000,0x0000,0x0000,0x0000,
    0x0000,0x0000,0x0000,0x0000,0x0000,0x0000,0x0000,0x0000,
    0x0000,0x0000,0x0000,0x0000,0x0000,0x0000,0x0000,0x0000,
    0x0000,0x0000,0x0000,0x0000,0x0000,0x0000,0x0000,0x0000,
    0x0000,0x0000,0x0000,0x0000,0x0000,0x0000,0x0000,0x0000,
    0x0000,0x0000,0x0000,0x0000,0x0000,0x0000,0x0000,0x0000,
    0x0000,0x0000,0x0000,0x0000,0xFB2A,0xFB2A,0xFB2A,0xFB2A,
    0xFB2A,0xFB2A,0xFB2A,0xFB2A,0xFB2A,0xFB2A,0xFB2A,0xFB2A,
    0xFB2A,0xFB2A,0xFB2A,0xFB2A,0xFB2A,0xFB2A,0xFB2A,0xFB2A,
    0xFB2A,0xFB2A,0xFB2A,0xFB2A,0xFB2A,0xFB2A,0xFB2A,0xFB2A,
    0xFB2A,0xFB2A,0xFB2A,0xFB2A,0xFB2A,0xFB2A,0xFB2A,0xFB2A,
    0xFB2A,0xFB2A,0xFB2A,0xFB2A,0xFB2A,0xFB2A,0xFB2A,0xFB2A,
    0xFB2A,0xFB2A,0xFB2A,0xFB2A,0xFB2A,0xFB2A,0xFB2A,0xFB2A,
    0xFB2A,0xFB2A,0xFB2A,0xFB2A,0xFB2A,0xFB2A,0xFB2A,0xFB2A,
    0xFB2A,0xFB2A,0xFB2A,0xFB2A,0xFB2A,0xFB2A,0xFB2A,0xFB2A,
    0xFB2A,0xFB2A,0xFB2A,0xFB2A,0xFB2A,0x0000,0x0000,0x0000,
    0x0000,0x0000,0x0000,0x0000,0x0000,0x0000,0x0000,0x0000,
    0x0000,0x0000,0x0000,0x0000,0x0000,0x0000,0x0000,0x0000,
    0x0000,0x0000,0x0000,0x0000,0x0000,0x0000,0x0000,0x0000,
    0x0000,0x0000,0x0000,0x0000,0x0000,0x0000,0x0000,0x0000,
    0x0000,0x0000,0x0000,0x0000,0x0000,0x0000,0x0000,0x0000,
    0x0000,0x0000,0x0000,0x0000,0x0000,0x0000,0x0000,0x0000,
    0x0000,0x0000,0x0000,0xFB2A,0xFB2A,0xFB2A,0xFB2A,0xFB2A,
    0xFB2A,0xFB2A,0xFB2A,0xFB2A,0xFB2A,0xFB2A,0xFB2A,0xFB2A,
    0xFB2A,0xFB2A,0xFB2A,0xFB2A,0xFB2A,0xFB2A,0xFB2A,0xFB2A,
    0xFB2A,0xFB2A,0xFB2A,0xFB2A,0xFB2A,0xFB2A,0xFB2A,0xFB2A,
    0xFB2A,0xFB2A,0xFB2A,0xFB2A,0xFB2A,0xFB2A,0xFB2A,0xFB2A,
    0xFB2A,0xFB2A,0xFB2A,0xFB2A,0xFB2A,0xFB2A,0xFB2A,0xFB2A,
    0xFB2A,0xFB2A,0xFB2A,0xFB2A,0xFB2A,0xFB2A,0xFB2A,0xFB2A,
    0xFB2A,0xFB2A,0xFB2A,0xFB2A,0xFB2A,0xFB2A,0xFB2A,0xFB2A,
    0xFB2A,0xFB2A,0xFB2A,0xFB2A,0xFB2A,0xFB2A,0xFB2A,0xFB2A,
    0xFB2A,0xFB2A,0xFB2A,0xFB2A,0xFB2A,0xFB2A,0x0000,0x0000,
    0x0000,0x0000,0x0000,0x0000,0x0000,0x0000,0x0000,0x0000,
    0x0000,0x0000,0x0000,0x0000,0x0000,0x0000,0x0000,0x0000,
    0x0000,0x0000,0x0000,0x0000,0x0000,0x0000,0x0000,0x0000,
    0x0000,0x0000,0x0000,0x0000,0x0000,0x0000,0x0000,0x0000,
    0x0000,0x0000,0x0000,0x0000,0x0000,0x0000,0x0000,0x0000,
    0x0000,0x0000,0x0000,0x0000,0x0000,0x0000,0x0000,0x0000,
    0x0000,0x0000,0xFB2A,0xFB2A,0xFB2A,0xFB2A,0xFB2A,0xFB2A,
    0xFB2A,0xFB2A,0xFB2A,0xFB2A,0xFB2A,0xFB2A,0xFB2A,0xFB2A,
    0xFB2A,0xFB2A,0xFB2A,0xFB2A,0xFB2A,0xFB2A,0xFB2A,0xFB2A,
    0xFB2A,0xFB2A,0xFB2A,0xFB2A,0xFB2A,0xFB2A,0xFB2A,0xFB2A,
    0xFB2A,0xFB2A,0xFB2A,0xFB2A,0xFB2A,0xFB2A,0xFB2A,0xFB2A,
    0xFB2A,0xFB2A,0xFB2A,0xFB2A,0xFB2A,0xFB2A,0xFB2A,0xFB2A,
    0xFB2A,0xFB2A,0xFB2A,0xFB2A,0xFB2A,0xFB2A,0xFB2A,0xFB2A,
    0xFB2A,0xFB2A,0xFB2A,0xFB2A,0xFB2A,0xFB2A,0xFB2A,0xFB2A,
    0xFB2A,0xFB2A,0xFB2A,0xFB2A,0xFB2A,0xFB2A,0xFB2A,0xFB2A,
    0xFB2A,0xFB2A,0xFB2A,0xFB2A,0xFB2A,0xFB2A,0xFB2A,0x0000,
    0x0000,0x0000,0x0000,0x0000,0x0000,0x0000,0x0000,0x0000,
    0x0000,0x0000,0x0000,0x0000,0x0000,0x0000,0x0000,0x0000,
    0x0000,0x0000,0x0000,0x0000,0x0000,0x0000,0x0000,0x0000,
    0x0000,0x0000,0x0000,0x0000,0x0000,0x0000,0x0000,0x0000,
    0x0000,0x0000,0x0000,0x0000,0x0000,0x0000,0x0000,0x0000,
    0x0000,0x0000,0x0000,0x0000,0x0000,0x0000,0x0000,0x0000,
    0x0000,0xFB2A,0xFB2A,0xFB2A,0xFB2A,0xFB2A,0xFB2A,0xFB2A,
    0xFB2A,0xFB2A,0xFB2A,0xFB2A,0xFB2A,0xFB2A,0xFB2A,0xFB2A,
    0xFB2A,0xFB2A,0xFB2A,0xFB2A,0xFB2A,0xFB2A,0xFB2A,0xFB2A,
    0xFB2A,0xFB2A,0xFB2A,0xFB2A,0xFB2A,0xFB2A,0xFB2A,0xFB2A,
    0xFB2A,0xFB2A,0xFB2A,0xFB2A,0xFB2A,0xFB2A,0xFB2A,0xFB2A,
    0xFB2A,0xFB2A,0xFB2A,0xFB2A,0xFB2A,0xFB2A,0xFB2A,0xFB2A,
    0xFB2A,0xFB2A,0xFB2A,0xFB2A,0xFB2A,0xFB2A,0xFB2A,0xFB2A,
    0xFB2A,0xFB2A,0xFB2A,0xFB2A,0xFB2A,0xFB2A,0xFB2A,0xFB2A,
    0xFB2A,0xFB2A,0xFB2A,0xFB2A,0xFB2A,0xFB2A,0xFB2A,0xFB2A,
    0xFB2A,0xFB2A,0xFB2A,0xFB2A,0xFB2A,0xFB2A,0xFB2A,0xFB2A,
    0x0000,0x0000,0x0000,0x0000,0x0000,0x0000,0x0000,0x0000,
    0x0000,0x0000,0x0000,0x0000,0x0000,0x0000,0x0000,0x0000,
    0x0000,0x0000,0x0000,0x0000,0x0000,0x0000,0x0000,0x0000,
    0x0000,0x0000,0x0000,0x0000,0x0000,0x0000,0x0000,0x0000,
    0x0000,0x0000,0x0000,0x0000,0x0000,0x0000,0x0000,0x0000,
    0x0000,0x0000,0x0000,0x0000,0x0000,0x0000,0x0000,0x0000,
    0xFB2A,0xFB2A,0xFB2A,0xFB2A,0xFB2A,0xFB2A,0xFB2A,0xFB2A,
    0xFB2A,0xFB2A,0xFB2A,0xFB2A,0xFB2A,0xFB2A,0xFB2A,0xFB2A,
    0xFB2A,0xFB2A,0xFB2A,0xFB2A,0xFB2A,0xFB2A,0xFB2A,0xFB2A,
    0xFB2A,0xFB2A,0xFB2A,0xFB2A,0xFB2A,0xFB2A,0xFB2A,0xFB2A,
    0xFB2A,0xFB2A,0xFB2A,0xFB2A,0xFB2A,0xFB2A,0xFB2A,0xFB2A,
    0xFB2A,0xFB2A,0xFB2A,0xFB2A,0xFB2A,0xFB2A,0xFB2A,0xFB2A,
    0xFB2A,0xFB2A,0xFB2A,0xFB2A,0xFB2A,0xFB2A,0xFB2A,0xFB2A,
    0xFB2A,0xFB2A,0xFB2A,0xFB2A,0xFB2A,0xFB2A,0xFB2A,0xFB2A,
    0xFB2A,0xFB2A,0xFB2A,0xFB2A,0xFB2A,0xFB2A,0xFB2A,0xFB2A,
    0xFB2A,0xFB2A,0xFB2A,0xFB2A,0xFB2A,0xFB2A,0xFB2A,0xFB2A,
    0xFB2A,0x0000,0x0000,0x0000,0x0000,0x0000,0x0000,0x0000,
    0x0000,0x0000,0x0000,0x0000,0x0000,0x0000,0x0000,0x0000,
    0x0000,0x0000,0x0000,0x0000,0x0000,0x0000,0x0000,0x0000,
    0x0000,0x0000,0x0000,0x0000,0x0000,0x0000,0x0000,0x0000,
    0x0000,0x0000,0x0000,0x0000,0x0000,0x0000,0x0000,0x0000,
    0x0000,0x0000,0x0000,0x0000,0x0000,0x0000,0x0000,0xFB2A,
    0xFB2A,0xFB2A,0xFB2A,0xFB2A,0xFB2A,0xFB2A,0xFB2A,0xFB2A,
    0xFB2A,0xFB2A,0xFB2A,0xFB2A,0xFB2A,0xFB2A,0xFB2A,0xFB2A,
    0xFB2A,0xFB2A,0xFB2A,0xFB2A,0xFB2A,0xFB2A,0xFB2A,0xFB2A,
    0xFB2A,0xFB2A,0xFB2A,0xFB2A,0xFB2A,0xFB2A,0xFB2A,0xFB2A,
    0xFB2A,0xFB2A,0xFB2A,0xFB2A,0xFB2A,0xFB2A,0xFB2A,0xFB2A,
    0xFB2A,0xFB2A,0xFB2A,0xFB2A,0xFB2A,0xFB2A,0xFB2A,0xFB2A,
    0xFB2A,0xFB2A,0xFB2A,0xFB2A,0xFB2A,0xFB2A,0xFB2A,0xFB2A,
    0xFB2A,0xFB2A,0xFB2A,0xFB2A,0xFB2A,0xFB2A,0xFB2A,0xFB2A,
    0xFB2A,0xFB2A,0xFB2A,0xFB2A,0xFB2A,0xFB2A,0xFB2A,0xFB2A,
    0xFB2A,0xFB2A,0xFB2A,0xFB2A,0xFB2A,0xFB2A,0xFB2A,0xFB2A,
    0xFB2A,0xFB2A,0x0000,0x0000,0x0000,0x0000,0x0000,0x0000,
    0x0000,0x0000,0x0000,0x0000,0x0000,0x0000,0x0000,0x0000,
    0x0000,0x0000,0x0000,0x0000,0x0000,0x0000,0x0000,0x0000,
    0x0000,0x0000,0x0000,0x0000,0x0000,0x0000,0x0000,0x0000,
    0x0000,0x0000,0x0000,0x0000,0x0000,0x0000,0x0000,0x0000,
    0x0000,0x0000,0x0000,0x0000,0x0000,0x0000,0xFB2A,0xFB2A,
    0xFB2A,0xFB2A,0xFB2A,0xFB2A,0xFB2A,0xFB2A,0xFB2A,0xFB2A,
    0xFB2A,0xFB2A,0xFB2A,0xFB2A,0xFB2A,0xFB2A,0xFB2A,0xFB2A,
    0xFB2A,0xFB2A,0xFB2A,0xFB2A,0xFB2A,0xFB2A,0xFB2A,0xFB2A,
    0xFB2A,0xFB2A,0xFB2A,0xFB2A,0xFB2A,0xFB2A,0xFB2A,0xFB2A,
    0xFB2A,0xFB2A,0xFB2A,0xFB2A,0xFB2A,0xFB2A,0xFB2A,0xFB2A,
    0xFB2A,0xFB2A,0xFB2A,0xFB2A,0xFB2A,0xFB2A,0xFB2A,0xFB2A,
    0xFB2A,0xFB2A,0xFB2A,0xFB2A,0xFB2A,0xFB2A,0xFB2A,0xFB2A,
    0xFB2A,0xFB2A,0xFB2A,0xFB2A,0xFB2A,0xFB2A,0xFB2A,0xFB2A,
    0xFB2A,0xFB2A,0xFB2A,0xFB2A,0xFB2A,0xFB2A,0xFB2A,0xFB2A,
    0xFB2A,0xFB2A,0xFB2A,0xFB2A,0xFB2A,0xFB2A,0xFB2A,0xFB2A,
    0xFB2A,0xFB2A,0xFB2A,0x0000,0x0000,0x0000,0x0000,0x0000,
    0x0000,0x0000,0x0000,0x0000,0x0000,0x0000,0x0000,0x0000,
    0x0000,0x0000,0x0000,0x0000,0x0000,0x0000,0x0000,0x0000,
    0x0000,0x0000,0x0000,0x0000,0x0000,0x0000,0x0000,0x0000,
    0x0000,0x0000,0x0000,0x0000,0x0000,0x0000,0x0000,0x0000,
    0x0000,0x0000,0x0000,0x0000,0x0000,0xFB2A,0xFB2A,0xFB2A,
    0xFB2A,0xFB2A,0xFB2A,0xFB2A,0xFB2A,0xFB2A,0xFB2A,0xFB2A,
    0xFB2A,0xFB2A,0xFB2A,0xFB2A,0xFB2A,0xFB2A,0xFB2A,0xFB2A,
    0xFB2A,0xFB2A,0xFB2A,0xFB2A,0xFB2A,0xFB2A,0xFB2A,0xFB2A,
    0xFB2A,0xFB2A,0xFB2A,0xFB2A,0xFB2A,0xFB2A,0xFB2A,0xFB2A,
    0xFB2A,0xFB2A,0xFB2A,0xFB2A,0xFB2A,0xFB2A,0xFB2A,0xFB2A,
    0xFB2A,0xFB2A,0xFB2A,0xFB2A,0xFB2A,0xFB2A,0xFB2A,0xFB2A,
    0xFB2A,0xFB2A,0xFB2A,0xFB2A,0xFB2A,0xFB2A,0xFB2A,0xFB2A,
    0xFB2A,0xFB2A,0xFB2A,0xFB2A,0xFB2A,0xFB2A,0xFB2A,0xFB2A,
    0xFB2A,0xFB2A,0xFB2A,0xFB2A,0xFB2A,0xFB2A,0xFB2A,0xFB2A,
    0xFB2A,0xFB2A,0xFB2A,0xFB2A,0xFB2A,0xFB2A,0xFB2A,0xFB2A,
    0xFB2A,0xFB2A,0xFB2A,0xFB2A,0x0000,0x0000,0x0000,0x0000,
    0x0000,0x0000,0x0000,0x0000,0x0000,0x0000,0x0000,0x0000,
    0x0000,0x0000,0x0000,0x0000,0x0000,0x0000,0x0000,0x0000,
    0x0000,0x0000,0x0000,0x0000,0x0000,0x0000,0x0000,0x0000,
    0x0000,0x0000,0x0000,0x0000,0x0000,0x0000,0x0000,0x0000,
    0x0000,0x0000,0x0000,0x0000,0xFB2A,0xFB2A,0xFB2A,0xFB2A,
    0xFB2A,0xFB2A,0xFB2A,0xFB2A,0xFB2A,0xFB2A,0xFB2A,0xFB2A,
    0xFB2A,0xFB2A,0xFB2A,0xFB2A,0xFB2A,0xFB2A,0xFB2A,0xFB2A,
    0xFB2A,0xFB2A,0xFB2A,0xFB2A,0xFB2A,0xFB2A,0xFB2A,0xFB2A,
    0xFB2A,0xFB2A,0xFB2A,0xFB2A,0xFB2A,0xFB2A,0xFB2A,0xFB2A,
    0xFB2A,0xFB2A,0xFB2A,0xFB2A,0xFB2A,0xFB2A,0xFB2A,0xFB2A,
    0xFB2A,0xFB2A,0xFB2A,0xFB2A,0xFB2A,0xFB2A,0xFB2A,0xFB2A,
    0xFB2A,0xFB2A,0xFB2A,0xFB2A,0xFB2A,0xFB2A,0xFB2A,0xFB2A,
    0xFB2A,0xFB2A,0xFB2A,0xFB2A,0xFB2A,0xFB2A,0xFB2A,0xFB2A,
    0xFB2A,0xFB2A,0xFB2A,0xFB2A,0xFB2A,0xFB2A,0xFB2A,0xFB2A,
    0xFB2A,0xFB2A,0xFB2A,0xFB2A,0xFB2A,0xFB2A,0xFB2A,0xFB2A,
    0xFB2A,0xFB2A,0xFB2A,0xFB2A,0xFB2A,0x0000,0x0000,0x0000,
    0x0000,0x0000,0x0000,0x0000,0x0000,0x0000,0x0000,0x0000,
    0x0000,0x0000,0x0000,0x0000,0x0000,0x0000,0x0000,0x0000,
    0x0000,0x0000,0x0000,0x0000,0x0000,0x0000,0x0000,0x0000,
    0x0000,0x0000,0x0000,0x0000,0x0000,0x0000,0x0000,0x0000,
    0x0000,0x0000,0x0000,0x0000,0xFB2A,0xFB2A,0xFB2A,0xFB2A,
    0xFB2A,0xFB2A,0xFB2A,0xFB2A,0xFB2A,0xFB2A,0xFB2A,0xFB2A,
    0xFB2A,0xFB2A,0xFB2A,0xFB2A,0xFB2A,0xFB2A,0xFB2A,0xFB2A,
    0xFB2A,0xFB2A,0xFB2A,0xFB2A,0xFB2A,0xFB2A,0xFB2A,0xFB2A,
    0xFB2A,0xFB2A,0xFB2A,0xFB2A,0xFB2A,0xFB2A,0xFB2A,0xFB2A,
    0xFB2A,0xFB2A,0xFB2A,0xFB2A,0xFB2A,0xFB2A,0xFB2A,0xFB2A,
    0xFB2A,0xFB2A,0xFB2A,0xFB2A,0xFB2A,0xFB2A,0xFB2A,0xFB2A,
    0xFB2A,0xFB2A,0xFB2A,0xFB2A,0xFB2A,0xFB2A,0xFB2A,0xFB2A,
    0xFB2A,0xFB2A,0xFB2A,0xFB2A,0xFB2A,0xFB2A,0xFB2A,0xFB2A,
    0xFB2A,0xFB2A,0xFB2A,0xFB2A,0xFB2A,0xFB2A,0xFB2A,0xFB2A,
    0xFB2A,0xFB2A,0xFB2A,0xFB2A,0xFB2A,0xFB2A,0xFB2A,0xFB2A,
    0xFB2A,0xFB2A,0xFB2A,0xFB2A,0xFB2A,0x0000,0x0000,0x0000,
    0x0000,0x0000,0x0000,0x0000,0x0000,0x0000,0x0000,0x0000,
    0x0000,0x0000,0x0000,0x0000,0x0000,0x0000,0x0000,0x0000,
    0x0000,0x0000,0x0000,0x0000,0x0000,0x0000,0x0000,0x0000,
    0x0000,0x0000,0x0000,0x0000,0x0000,0x0000,0x0000,0x0000,
    0x0000,0x0000,0x0000,0xFB2A,0xFB2A,0xFB2A,0xFB2A,0xFB2A,
    0xFB2A,0xFB2A,0xFB2A,0xFB2A,0xFB2A,0xFB2A,0xFB2A,0xFB2A,
    0xFB2A,0xFB2A,0xFB2A,0xFB2A,0xFB2A,0xFB2A,0xFB2A,0xFB2A,
    0xFB2A,0xFB2A,0xFB2A,0xFB2A,0xFB2A,0xFB2A,0xFB2A,0xFB2A,
    0xFB2A,0xFB2A,0xFB2A,0xFB2A,0xFB2A,0xFB2A,0xFB2A,0xFB2A,
    0xFB2A,0xFB2A,0xFB2A,0xFB2A,0xFB2A,0xFB2A,0xFB2A,0xFB2A,
    0xFB2A,0xFB2A,0xFB2A,0xFB2A,0xFB2A,0xFB2A,0xFB2A,0xFB2A,
    0xFB2A,0xFB2A,0xFB2A,0xFB2A,0xFB2A,0xFB2A,0xFB2A,0xFB2A,
    0xFB2A,0xFB2A,0xFB2A,0xFB2A,0xFB2A,0xFB2A,0xFB2A,0xFB2A,
    0xFB2A,0xFB2A,0xFB2A,0xFB2A,0xFB2A,0xFB2A,0xFB2A,0xFB2A,
    0xFB2A,0xFB2A,0xFB2A,0xFB2A,0xFB2A,0xFB2A,0xFB2A,0xFB2A,
    0xFB2A,0xFB2A,0xFB2A,0xFB2A,0xFB2A,0xFB2A,0x0000,0x0000,
    0x0000,0x0000,0x0000,0x0000,0x0000,0x0000,0x0000,0x0000,
    0x0000,0x0000,0x0000,0x0000,0x0000,0x0000,0x0000,0x0000,
    0x0000,0x0000,0x0000,0x0000,0x0000,0x0000,0x0000,0x0000,
    0x0000,0x0000,0x0000,0x0000,0x0000,0x0000,0x0000,0x0000,
    0x0000,0x0000,0xFB2A,0xFB2A,0xFB2A,0xFB2A,0xFB2A,0xFB2A,
    0xFB2A,0xFB2A,0xFB2A,0xFB2A,0xFB2A,0xFB2A,0xFB2A,0xFB2A,
    0xFB2A,0xFB2A,0xFB2A,0xFB2A,0xFB2A,0xFB2A,0xFB2A,0xFB2A,
    0xFB2A,0xFB2A,0xFB2A,0xFB2A,0xFB2A,0xFB2A,0xFB2A,0xFB2A,
    0xFB2A,0xFB2A,0xFB2A,0xFB2A,0xFB2A,0xFB2A,0xFB2A,0xFB2A,
    0xFB2A,0xFB2A,0xFB2A,0xFB2A,0xFB2A,0xFB2A,0xFB2A,0xFB2A,
    0xFB2A,0xFB2A,0xFB2A,0xFB2A,0xFB2A,0xFB2A,0xFB2A,0xFB2A,
    0xFB2A,0xFB2A,0xFB2A,0xFB2A,0xFB2A,0xFB2A,0xFB2A,0xFB2A,
    0xFB2A,0xFB2A,0xFB2A,0xFB2A,0xFB2A,0xFB2A,0xFB2A,0xFB2A,
    0xFB2A,0xFB2A,0xFB2A,0xFB2A,0xFB2A,0xFB2A,0xFB2A,0xFB2A,
    0xFB2A,0xFB2A,0xFB2A,0xFB2A,0xFB2A,0xFB2A,0xFB2A,0xFB2A,
    0xFB2A,0xFB2A,0xFB2A,0xFB2A,0xFB2A,0xFB2A,0xFB2A,0x0000,
    0x0000,0x0000,0x0000,0x0000,0x0000,0x0000,0x0000,0x0000,
    0x0000,0x0000,0x0000,0x0000,0x0000,0x0000,0x0000,0x0000,
    0x0000,0x0000,0x0000,0x0000,0x0000,0x0000,0x0000,0x0000,
    0x0000,0x0000,0x0000,0x0000,0x0000,0x0000,0x0000,0x0000,
    0x0000,0x0000,0xFB2A,0xFB2A,0xFB2A,0xFB2A,0xFB2A,0xFB2A,
    0xFB2A,0xFB2A,0xFB2A,0xFB2A,0xFB2A,0xFB2A,0xFB2A,0xFB2A,
    0xFB2A,0xFB2A,0xFB2A,0xFB2A,0xFB2A,0xFB2A,0xFB2A,0xFB2A,
    0xFB2A,0xFB2A,0xFB2A,0xFB2A,0xFB2A,0xFB2A,0xFB2A,0xFB2A,
    0xFB2A,0xFB2A,0xFB2A,0xFB2A,0xFB2A,0xFB2A,0xFB2A,0xFB2A,
    0xFB2A,0xFB2A,0xFB2A,0xFB2A,0xFB2A,0xFB2A,0xFB2A,0xFB2A,
    0xFB2A,0xFB2A,0xFB2A,0xFB2A,0xFB2A,0xFB2A,0xFB2A,0xFB2A,
    0xFB2A,0xFB2A,0xFB2A,0xFB2A,0xFB2A,0xFB2A,0xFB2A,0xFB2A,
    0xFB2A,0xFB2A,0xFB2A,0xFB2A,0xFB2A,0xFB2A,0xFB2A,0xFB2A,
    0xFB2A,0xFB2A,0xFB2A,0xFB2A,0xFB2A,0xFB2A,0xFB2A,0xFB2A,
    0xFB2A,0xFB2A,0xFB2A,0xFB2A,0xFB2A,0xFB2A,0xFB2A,0xFB2A,
    0xFB2A,0xFB2A,0xFB2A,0xFB2A,0xFB2A,0xFB2A,0xFB2A,0x0000,
    0x0000,0x0000,0x0000,0x0000,0x0000,0x0000,0x0000,0x0000,
    0x0000,0x0000,0x0000,0x0000,0x0000,0x0000,0x0000,0x0000,
    0x0000,0x0000,0x0000,0x0000,0x0000,0x0000,0x0000,0x0000,
    0x0000,0x0000,0x0000,0x0000,0x0000,0x0000,0x0000,0x0000,
    0x0000,0xFB2A,0xFB2A,0xFB2A,0xFB2A,0xFB2A,0xFB2A,0xFB2A,
    0xFB2A,0xFB2A,0xFB2A,0xFB2A,0xFB2A,0xFB2A,0xFB2A,0xFB2A,
    0xFB2A,0xFB2A,0xFB2A,0xFB2A,0xFB2A,0xFB2A,0xFB2A,0xFB2A,
    0xFB2A,0xFB2A,0xFB2A,0xFB2A,0xFB2A,0xFB2A,0xFB2A,0xFB2A,
    0xFB2A,0xFB2A,0xFB2A,0xFB2A,0xFB2A,0xFB2A,0xFB2A,0xFB2A,
    0xFB2A,0xFB2A,0xFB2A,0xFB2A,0xFB2A,0xFB2A,0xFB2A,0xFB2A,
    0xFB2A,0xFB2A,0xFB2A,0xFB2A,0xFB2A,0xFB2A,0xFB2A,0xFB2A,
    0xFB2A,0xFB2A,0xFB2A,0xFB2A,0xFB2A,0xFB2A,0xFB2A,0xFB2A,
    0xFB2A,0xFB2A,0xFB2A,0xFB2A,0xFB2A,0xFB2A,0xFB2A,0xFB2A,
    0xFB2A,0xFB2A,0xFB2A,0xFB2A,0xFB2A,0xFB2A,0xFB2A,0xFB2A,
    0xFB2A,0xFB2A,0xFB2A,0xFB2A,0xFB2A,0xFB2A,0xFB2A,0xFB2A,
    0xFB2A,0xFB2A,0xFB2A,0xFB2A,0xFB2A,0xFB2A,0xFB2A,0xFB2A,
    0x0000,0x0000,0x0000,0x0000,0x0000,0x0000,0x0000,0x0000,
    0x0000,0x0000,0x0000,0x0000,0x0000,0x0000,0x0000,0x0000,
    0x0000,0x0000,0x0000,0x0000,0x0000,0x0000,0x0000,0x0000,
    0x0000,0x0000,0x0000,0x0000,0x0000,0x0000,0x0000,0x0000,
    0x0000,0xFB2A,0xFB2A,0xFB2A,0xFB2A,0xFB2A,0xFB2A,0xFB2A,
    0xFB2A,0xFB2A,0xFB2A,0xFB2A,0xFB2A,0xFB2A,0xFB2A,0xFB2A,
    0xFB2A,0xFB2A,0xFB2A,0xFB2A,0xFB2A,0xFB2A,0xFB2A,0xFB2A,
    0xFB2A,0xFB2A,0xFB2A,0xFB2A,0xFB2A,0xFB2A,0xFB2A,0xFB2A,
    0xFB2A,0xFB2A,0xFB2A,0xFB2A,0xFB2A,0xFB2A,0xFB2A,0xFB2A,
    0xFB2A,0xFB2A,0xFB2A,0xFB2A,0xFB2A,0xFB2A,0xFB2A,0xFB2A,
    0xFB2A,0xFB2A,0xFB2A,0xFB2A,0xFB2A,0xFB2A,0xFB2A,0xFB2A,
    0xFB2A,0xFB2A,0xFB2A,0xFB2A,0xFB2A,0xFB2A,0xFB2A,0xFB2A,
    0xFB2A,0xFB2A,0xFB2A,0xFB2A,0xFB2A,0xFB2A,0xFB2A,0xFB2A,
    0xFB2A,0xFB2A,0xFB2A,0xFB2A,0xFB2A,0xFB2A,0xFB2A,0xFB2A,
    0xFB2A,0xFB2A,0xFB2A,0xFB2A,0xFB2A,0xFB2A,0xFB2A,0xFB2A,
    0xFB2A,0xFB2A,0xFB2A,0xFB2A,0xFB2A,0xFB2A,0xFB2A,0xFB2A,
    0x0000,0x0000,0x0000,0x0000,0x0000,0x0000,0x0000,0x0000,
    0x0000,0x0000,0x0000,0x0000,0x0000,0x0000,0x0000,0x0000,
    0x0000,0x0000,0x0000,0x0000,0x0000,0x0000,0x0000,0x0000,
    0x0000,0x0000,0x0000,0x0000,0x0000,0x0000,0x0000,0x0000,
    0xFB2A,0xFB2A,0xFB2A,0xFB2A,0xFB2A,0xFB2A,0xFB2A,0xFB2A,
    0xFB2A,0xFB2A,0xFB2A,0xFB2A,0xFB2A,0xFB2A,0xFB2A,0xFB2A,
    0xFB2A,0xFB2A,0xFB2A,0xFB2A,0xFB2A,0xFB2A,0xFB2A,0xFB2A,
    0xFB2A,0xFB2A,0xFB2A,0xFB2A,0xFB2A,0xFB2A,0xFB2A,0xFB2A,
    0xFB2A,0xFB2A,0xFB2A,0xFB2A,0xFB2A,0xFB2A,0xFB2A,0xFB2A,
    0xFB2A,0xFB2A,0xFB2A,0xFB2A,0xFB2A,0xFB2A,0xFB2A,0xFB2A,
    0xFB2A,0xFB2A,0xFB2A,0xFB2A,0xFB2A,0xFB2A,0xFB2A,0xFB2A,
    0xFB2A,0xFB2A,0xFB2A,0xFB2A,0xFB2A,0xFB2A,0xFB2A,0xFB2A,
    0xFB2A,0xFB2A,0xFB2A,0xFB2A,0xFB2A,0xFB2A,0xFB2A,0xFB2A,
    0xFB2A,0xFB2A,0xFB2A,0xFB2A,0xFB2A,0xFB2A,0xFB2A,0xFB2A,
    0xFB2A,0xFB2A,0xFB2A,0xFB2A,0xFB2A,0xFB2A,0xFB2A,0xFB2A,
    0xFB2A,0xFB2A,0xFB2A,0xFB2A,0xFB2A,0xFB2A,0xFB2A,0xFB2A,
    0xFB2A,0x0000,0x0000,0x0000,0x0000,0x0000,0x0000,0x0000,
    0x0000,0x0000,0x0000,0x0000,0x0000,0x0000,0x0000,0x0000,
    0x0000,0x0000,0x0000,0x0000,0x0000,0x0000,0x0000,0x0000,
    0x0000,0x0000,0x0000,0x0000,0x0000,0x0000,0x0000,0x0000,
    0xFB2A,0xFB2A,0xFB2A,0xFB2A,0xFB2A,0xFB2A,0xFB2A,0xFB2A,
    0xFB2A,0xFB2A,0xFB2A,0xFB2A,0xFB2A,0xFB2A,0xFB2A,0xFB2A,
    0xFB2A,0xFB2A,0xFB2A,0xFB2A,0xFB2A,0xFB2A,0xFB2A,0xFB2A,
    0xFB2A,0xFB2A,0xFB2A,0xFB2A,0xFB2A,0xFB2A,0xFB2A,0xFB2A,
    0xFB2A,0xFB2A,0xFB2A,0xFB2A,0xFB2A,0xFB2A,0xFB2A,0xFB2A,
    0xFB2A,0xFB2A,0xFB2A,0xFB2A,0xFB2A,0xFB2A,0xFB2A,0xFB2A,
    0xFB2A,0xFB2A,0xFB2A,0xFB2A,0xFB2A,0xFB2A,0xFB2A,0xFB2A,
    0xFB2A,0xFB2A,0xFB2A,0xFB2A,0xFB2A,0xFB2A,0xFB2A,0xFB2A,
    0xFB2A,0xFB2A,0xFB2A,0xFB2A,0xFB2A,0xFB2A,0xFB2A,0xFB2A,
    0xFB2A,0xFB2A,0xFB2A,0xFB2A,0xFB2A,0xFB2A,0xFB2A,0xFB2A,
    0xFB2A,0xFB2A,0xFB2A,0xFB2A,0xFB2A,0xFB2A,0xFB2A,0xFB2A,
    0xFB2A,0xFB2A,0xFB2A,0xFB2A,0xFB2A,0xFB2A,0xFB2A,0xFB2A,
    0xFB2A,0x0000,0x0000,0x0000,0x0000,0x0000,0x0000,0x0000,
    0x0000,0x0000,0x0000,0x0000,0x0000,0x0000,0x0000,0x0000,
    0x0000,0x0000,0x0000,0x0000,0x0000,0x0000,0x0000,0x0000,
    0x0000,0x0000,0x0000,0x0000,0x0000,0x0000,0x0000,0xFB2A,
    0xFB2A,0xFB2A,0xFB2A,0xFB2A,0xFB2A,0xFB2A,0xFB2A,0xFB2A,
    0xFB2A,0xFB2A,0xFB2A,0xFB2A,0xFB2A,0xFB2A,0xFB2A,0xFB2A,
    0xFB2A,0xFB2A,0xFB2A,0xFB2A,0xFB2A,0xFB2A,0xFB2A,0xFB2A,
    0xFB2A,0xFB2A,0xFB2A,0xFB2A,0xFB2A,0xFB2A,0xFB2A,0xFB2A,
    0xFB2A,0xFB2A,0xFB2A,0xFB2A,0xFB2A,0xFB2A,0xFB2A,0xFB2A,
    0xFB2A,0xFB2A,0xFB2A,0xFB2A,0xFB2A,0xFB2A,0xFB2A,0xFB2A,
    0xFB2A,0xFB2A,0xFB2A,0xFB2A,0xFB2A,0xFB2A,0xFB2A,0xFB2A,
    0xFB2A,0xFB2A,0xFB2A,0xFB2A,0xFB2A,0xFB2A,0xFB2A,0xFB2A,
    0xFB2A,0xFB2A,0xFB2A,0xFB2A,0xFB2A,0xFB2A,0xFB2A,0xFB2A,
    0xFB2A,0xFB2A,0xFB2A,0xFB2A,0xFB2A,0xFB2A,0xFB2A,0xFB2A,
    0xFB2A,0xFB2A,0xFB2A,0xFB2A,0xFB2A,0xFB2A,0xFB2A,0xFB2A,
    0xFB2A,0xFB2A,0xFB2A,0xFB2A,0xFB2A,0xFB2A,0xFB2A,0xFB2A,
    0xFB2A,0xFB2A,0x0000,0x0000,0x0000,0x0000,0x0000,0x0000,
    0x0000,0x0000,0x0000,0x0000,0x0000,0x0000,0x0000,0x0000,
    0x0000,0x0000,0x0000,0x0000,0x0000,0x0000,0x0000,0x0000,
    0x0000,0x0000,0x0000,0x0000,0x0000,0x0000,0x0000,0xFB2A,
    0xFB2A,0xFB2A,0xFB2A,0xFB2A,0xFB2A,0xFB2A,0xFB2A,0xFB2A,
    0xFB2A,0xFB2A,0xFB2A,0xFB2A,0xFB2A,0xFB2A,0xFB2A,0xFB2A,
    0xFB2A,0xFB2A,0xFB2A,0xFB2A,0xFB2A,0xFB2A,0xFB2A,0xFB2A,
    0xFB2A,0xFB2A,0xFB2A,0xFB2A,0x6142,0xFB2A,0xFB2A,0xFB2A,
    0xFB2A,0xFB2A,0xFB2A,0xFB2A,0xFB2A,0xFB2A,0xFB2A,0xFB2A,
    0xFB2A,0xFB2A,0xFB2A,0xFB2A,0xFB2A,0xFB2A,0xFB2A,0xFB2A,
    0xFB2A,0xFB2A,0xFB2A,0xFB2A,0xFB2A,0xFB2A,0xFB2A,0xFB2A,
    0xFB2A,0xFB2A,0xFB2A,0xFB2A,0xFB2A,0xFB2A,0xFB2A,0xFB2A,
    0xFB2A,0xFB2A,0xFB2A,0xFB2A,0x6142,0xFB2A,0xFB2A,0xFB2A,
    0xFB2A,0xFB2A,0xFB2A,0xFB2A,0xFB2A,0xFB2A,0xFB2A,0xFB2A,
    0xFB2A,0xFB2A,0xFB2A,0xFB2A,0xFB2A,0xFB2A,0xFB2A,0xFB2A,
    0xFB2A,0xFB2A,0xFB2A,0xFB2A,0xFB2A,0xFB2A,0xFB2A,0xFB2A,
    0xFB2A,0xFB2A,0x0000,0x0000,0x0000,0x0000,0x0000,0x0000,
    0x0000,0x0000,0x0000,0x0000,0x0000,0x0000,0x0000,0x0000,
    0x0000,0x0000,0x0000,0x0000,0x0000,0x0000,0x0000,0x0000,
    0x0000,0x0000,0x0000,0x0000,0x0000,0x0000,0xFB2A,0xFB2A,
    0xFB2A,0xFB2A,0xFB2A,0xFB2A,0xFB2A,0xFB2A,0xFB2A,0xFB2A,
    0xFB2A,0xFB2A,0xFB2A,0xFB2A,0xFB2A,0xFB2A,0xFB2A,0xFB2A,
    0xFB2A,0xFB2A,0xFB2A,0xFB2A,0xFB2A,0xFB2A,0xFB2A,0xFB2A,
    0xFB2A,0x6142,0x6142,0x6142,0x6142,0x6142,0x6142,0x6142,
    0xFB2A,0xFB2A,0xFB2A,0xFB2A,0xFB2A,0xFB2A,0xFB2A,0xFB2A,
    0xFB2A,0xFB2A,0xFB2A,0xFB2A,0xFB2A,0xFB2A,0xFB2A,0xFB2A,
    0xFB2A,0xFB2A,0xFB2A,0xFB2A,0xFB2A,0xFB2A,0xFB2A,0xFB2A,
    0xFB2A,0xFB2A,0xFB2A,0xFB2A,0xFB2A,0xFB2A,0xFB2A,0xFB2A,
    0xFB2A,0x6142,0x6142,0x6142,0x6142,0x6142,0x6142,0x6142,
    0xFB2A,0xFB2A,0xFB2A,0xFB2A,0xFB2A,0xFB2A,0xFB2A,0xFB2A,
    0xFB2A,0xFB2A,0xFB2A,0xFB2A,0xFB2A,0xFB2A,0xFB2A,0xFB2A,
    0xFB2A,0xFB2A,0xFB2A,0xFB2A,0xFB2A,0xFB2A,0xFB2A,0xFB2A,
    0xFB2A,0xFB2A,0xFB2A,0x0000,0x0000,0x0000,0x0000,0x0000,
    0x0000,0x0000,0x0000,0x0000,0x0000,0x0000,0x0000,0x0000,
    0x0000,0x0000,0x0000,0x0000,0x0000,0x0000,0x0000,0x0000,
    0x0000,0x0000,0x0000,0x0000,0x0000,0x0000,0xFB2A,0xFB2A,
    0xFB2A,0xFB2A,0xFB2A,0xFB2A,0xFB2A,0xFB2A,0xFB2A,0xFB2A,
    0xFB2A,0xFB2A,0xFB2A,0xFB2A,0xFB2A,0xFB2A,0xFB2A,0xFB2A,
    0xFB2A,0xFB2A,0xFB2A,0xFB2A,0xFB2A,0xFB2A,0xFB2A,0x6142,
    0x6142,0x6142,0x6142,0x6142,0x6142,0x6142,0x6142,0x6142,
    0x6142,0x6142,0xFB2A,0xFB2A,0xFB2A,0xFB2A,0xFB2A,0xFB2A,
    0xFB2A,0xFB2A,0xFB2A,0xFB2A,0xFB2A,0xFB2A,0xFB2A,0xFB2A,
    0xFB2A,0xFB2A,0xFB2A,0xFB2A,0xFB2A,0xFB2A,0xFB2A,0xFB2A,
    0xFB2A,0xFB2A,0xFB2A,0xFB2A,0xFB2A,0xFB2A,0xFB2A,0x6142,
    0x6142,0x6142,0x6142,0x6142,0x6142,0x6142,0x6142,0x6142,
    0x6142,0x6142,0xFB2A,0xFB2A,0xFB2A,0xFB2A,0xFB2A,0xFB2A,
    0xFB2A,0xFB2A,0xFB2A,0xFB2A,0xFB2A,0xFB2A,0xFB2A,0xFB2A,
    0xFB2A,0xFB2A,0xFB2A,0xFB2A,0xFB2A,0xFB2A,0xFB2A,0xFB2A,
    0xFB2A,0xFB2A,0xFB2A,0x0000,0x0000,0x0000,0x0000,0x0000,
    0x0000,0x0000,0x0000,0x0000,0x0000,0x0000,0x0000,0x0000,
    0x0000,0x0000,0x0000,0x0000,0x0000,0x0000,0x0000,0x0000,
    0x0000,0x0000,0x0000,0x0000,0x0000,0xFB2A,0xFB2A,0xFB2A,
    0xFB2A,0xFB2A,0xFB2A,0xFB2A,0xFB2A,0xFB2A,0xFB2A,0xFB2A,
    0xFB2A,0xFB2A,0xFB2A,0xFB2A,0xFB2A,0xFB2A,0xFB2A,0xFB2A,
    0xFB2A,0xFB2A,0xFB2A,0xFB2A,0xFB2A,0xFB2A,0x6142,0x6142,
    0x6142,0x6142,0x6142,0x6142,0x6142,0x6142,0x6142,0x6142,
    0x6142,0x6142,0x6142,0xFB2A,0xFB2A,0xFB2A,0xFB2A,0xFB2A,
    0xFB2A,0xFB2A,0xFB2A,0xFB2A,0xFB2A,0xFB2A,0xFB2A,0xFB2A,
    0xFB2A,0xFB2A,0xFB2A,0xFB2A,0xFB2A,0xFB2A,0xFB2A,0xFB2A,
    0xFB2A,0xFB2A,0xFB2A,0xFB2A,0xFB2A,0xFB2A,0x6142,0x6142,
    0x6142,0x6142,0x6142,0x6142,0x6142,0x6142,0x6142,0x6142,
    0x6142,0x6142,0x6142,0xFB2A,0xFB2A,0xFB2A,0xFB2A,0xFB2A,
    0xFB2A,0xFB2A,0xFB2A,0xFB2A,0xFB2A,0xFB2A,0xFB2A,0xFB2A,
    0xFB2A,0xFB2A,0xFB2A,0xFB2A,0xFB2A,0xFB2A,0xFB2A,0xFB2A,
    0xFB2A,0xFB2A,0xFB2A,0xFB2A,0x0000,0x0000,0x0000,0x0000,
    0x0000,0x0000,0x0000,0x0000,0x0000,0x0000,0x0000,0x0000,
    0x0000,0x0000,0x0000,0x0000,0x0000,0x0000,0x0000,0x0000,
    0x0000,0x0000,0x0000,0x0000,0x0000,0xFB2A,0xFB2A,0xFB2A,
    0xFB2A,0xFB2A,0xFB2A,0xFB2A,0xFB2A,0xFB2A,0xFB2A,0xFB2A,
    0xFB2A,0xFB2A,0xFB2A,0xFB2A,0xFB2A,0xFB2A,0xFB2A,0xFB2A,
    0xFB2A,0xFB2A,0xFB2A,0xFB2A,0xFB2A,0xFB2A,0x6142,0x6142,
    0x6142,0x6142,0x6142,0x6142,0x6142,0x6142,0x6142,0x6142,
    0x6142,0x6142,0x6142,0xFB2A,0xFB2A,0xFB2A,0xFB2A,0xFB2A,
    0xFB2A,0xFB2A,0xFB2A,0xFB2A,0xFB2A,0xFB2A,0xFB2A,0xFB2A,
    0xFB2A,0xFB2A,0xFB2A,0xFB2A,0xFB2A,0xFB2A,0xFB2A,0xFB2A,
    0xFB2A,0xFB2A,0xFB2A,0xFB2A,0xFB2A,0xFB2A,0x6142,0x6142,
    0x6142,0x6142,0x6142,0x6142,0x6142,0x6142,0x6142,0x6142,
    0x6142,0x6142,0x6142,0xFB2A,0xFB2A,0xFB2A,0xFB2A,0xFB2A,
    0xFB2A,0xFB2A,0xFB2A,0xFB2A,0xFB2A,0xFB2A,0xFB2A,0xFB2A,
    0xFB2A,0xFB2A,0xFB2A,0xFB2A,0xFB2A,0xFB2A,0xFB2A,0xFB2A,
    0xFB2A,0xFB2A,0xFB2A,0xFB2A,0x0000,0x0000,0x0000,0x0000,
    0x0000,0x0000,0x0000,0x0000,0x0000,0x0000,0x0000,0x0000,
    0x0000,0x0000,0x0000,0x0000,0x0000,0x0000,0x0000,0x0000,
    0x0000,0x0000,0x0000,0x0000,0x0000,0xFB2A,0xFB2A,0xFB2A,
    0xFB2A,0xFB2A,0xFB2A,0xFB2A,0xFB2A,0xFB2A,0xFB2A,0xFB2A,
    0xFB2A,0xFB2A,0xFB2A,0xFB2A,0xFB2A,0xFB2A,0xFB2A,0xFB2A,
    0xFB2A,0xFB2A,0xFB2A,0xFB2A,0xFB2A,0x6142,0x6142,0x6142,
    0x6142,0x6142,0x6142,0x6142,0x6142,0x6142,0x6142,0x6142,
    0x6142,0x6142,0x6142,0x6142,0xFB2A,0xFB2A,0xFB2A,0xFB2A,
    0xFB2A,0xFB2A,0xFB2A,0xFB2A,0xFB2A,0xFB2A,0xFB2A,0xFB2A,
    0xFB2A,0xFB2A,0xFB2A,0xFB2A,0xFB2A,0xFB2A,0xFB2A,0xFB2A,
    0xFB2A,0xFB2A,0xFB2A,0xFB2A,0xFB2A,0x6142,0x6142,0x6142,
    0x6142,0x6142,0x6142,0x6142,0x6142,0x6142,0x6142,0x6142,
    0x6142,0x6142,0x6142,0x6142,0xFB2A,0xFB2A,0xFB2A,0xFB2A,
    0xFB2A,0xFB2A,0xFB2A,0xFB2A,0xFB2A,0xFB2A,0xFB2A,0xFB2A,
    0xFB2A,0xFB2A,0xFB2A,0xFB2A,0xFB2A,0xFB2A,0xFB2A,0xFB2A,
    0xFB2A,0xFB2A,0xFB2A,0xFB2A,0x0000,0x0000,0x0000,0x0000,
    0x0000,0x0000,0x0000,0x0000,0x0000,0x0000,0x0000,0x0000,
    0x0000,0x0000,0x0000,0x0000,0x0000,0x0000,0x0000,0x0000,
    0x0000,0x0000,0x0000,0x0000,0xFB2A,0xFB2A,0xFB2A,0xFB2A,
    0xFB2A,0xFB2A,0xFB2A,0xFB2A,0xFB2A,0xFB2A,0xFB2A,0xFB2A,
    0xFB2A,0xFB2A,0xFB2A,0xFB2A,0xFB2A,0xFB2A,0xFB2A,0xFB2A,
    0xFB2A,0xFB2A,0xFB2A,0xFB2A,0xFB2A,0x6142,0x6142,0x6142,
    0x6142,0x6142,0x6142,0x6142,0x6142,0x6142,0x6142,0x6142,
    0x6142,0x6142,0x6142,0x6142,0xFB2A,0xFB2A,0xFB2A,0xFB2A,
    0xFB2A,0xFB2A,0xFB2A,0xFB2A,0xFB2A,0xFB2A,0xFB2A,0xFB2A,
    0xFB2A,0xFB2A,0xFB2A,0xFB2A,0xFB2A,0xFB2A,0xFB2A,0xFB2A,
    0xFB2A,0xFB2A,0xFB2A,0xFB2A,0xFB2A,0x6142,0x6142,0x6142,
    0x6142,0x6142,0x6142,0x6142,0x6142,0x6142,0x6142,0x6142,
    0x6142,0x6142,0x6142,0x6142,0xFB2A,0xFB2A,0xFB2A,0xFB2A,
    0xFB2A,0xFB2A,0xFB2A,0xFB2A,0xFB2A,0xFB2A,0xFB2A,0xFB2A,
    0xFB2A,0xFB2A,0xFB2A,0xFB2A,0xFB2A,0xFB2A,0xFB2A,0xFB2A,
    0xFB2A,0xFB2A,0xFB2A,0xFB2A,0xFB2A,0x0000,0x0000,0x0000,
    0x0000,0x0000,0x0000,0x0000,0x0000,0x0000,0x0000,0x0000,
    0x0000,0x0000,0x0000,0x0000,0x0000,0x0000,0x0000,0x0000,
    0x0000,0x0000,0x0000,0x0000,0xFB2A,0xFB2A,0xFB2A,0xFB2A,
    0xFB2A,0xFB2A,0xFB2A,0xFB2A,0xFB2A,0xFB2A,0xFB2A,0xFB2A,
    0xFB2A,0xFB2A,0xFB2A,0xFB2A,0xFB2A,0xFB2A,0xFB2A,0xFB2A,
    0xFB2A,0xFB2A,0xFB2A,0xFB2A,0xFB2A,0x6142,0x6142,0x6142,
    0x6142,0x6142,0x6142,0x6142,0x6142,0x6142,0x6142,0x6142,
    0x6142,0x6142,0x6142,0x6142,0xFB2A,0xFB2A,0xFB2A,0xFB2A,
    0xFB2A,0xFB2A,0xFB2A,0xFB2A,0xFB2A,0xFB2A,0xFB2A,0xFB2A,
    0xFB2A,0xFB2A,0xFB2A,0xFB2A,0xFB2A,0xFB2A,0xFB2A,0xFB2A,
    0xFB2A,0xFB2A,0xFB2A,0xFB2A,0xFB2A,0x6142,0x6142,0x6142,
    0x6142,0x6142,0x6142,0x6142,0x6142,0x6142,0x6142,0x6142,
    0x6142,0x6142,0x6142,0x6142,0xFB2A,0xFB2A,0xFB2A,0xFB2A,
    0xFB2A,0xFB2A,0xFB2A,0xFB2A,0xFB2A,0xFB2A,0xFB2A,0xFB2A,
    0xFB2A,0xFB2A,0xFB2A,0xFB2A,0xFB2A,0xFB2A,0xFB2A,0xFB2A,
    0xFB2A,0xFB2A,0xFB2A,0xFB2A,0xFB2A,0x0000,0x0000,0x0000,
    0x0000,0x0000,0x0000,0x0000,0x0000,0x0000,0x0000,0x0000,
    0x0000,0x0000,0x0000,0x0000,0x0000,0x0000,0x0000,0x0000,
    0x0000,0x0000,0x0000,0x0000,0xFB2A,0xFB2A,0xFB2A,0xFB2A,
    0xFB2A,0xFB2A,0xFB2A,0xFB2A,0xFB2A,0xFB2A,0xFB2A,0xFB2A,
    0xFB2A,0xFB2A,0xFB2A,0xFB2A,0xFB2A,0xFB2A,0xFB2A,0xFB2A,
    0xFB2A,0xFB2A,0xFB2A,0xFB2A,0x6142,0x6142,0x6142,0x6142,
    0x6142,0x6142,0x6142,0x6142,0x6142,0x6142,0x6142,0x6142,
    0x6142,0x6142,0x6142,0x6142,0x6142,0xFB2A,0xFB2A,0xFB2A,
    0xFB2A,0xFB2A,0xFB2A,0xFB2A,0xFB2A,0xFB2A,0xFB2A,0xFB2A,
    0xFB2A,0xFB2A,0xFB2A,0xFB2A,0xFB2A,0xFB2A,0xFB2A,0xFB2A,
    0xFB2A,0xFB2A,0xFB2A,0xFB2A,0x6142,0x6142,0x6142,0x6142,
    0x6142,0x6142,0x6142,0x6142,0x6142,0x6142,0x6142,0x6142,
    0x6142,0x6142,0x6142,0x6142,0x6142,0xFB2A,0xFB2A,0xFB2A,
    0xFB2A,0xFB2A,0xFB2A,0xFB2A,0xFB2A,0xFB2A,0xFB2A,0xFB2A,
    0xFB2A,0xFB2A,0xFB2A,0xFB2A,0xFB2A,0xFB2A,0xFB2A,0xFB2A,
    0xFB2A,0xFB2A,0xFB2A,0xFB2A,0xFB2A,0x0000,0x0000,0x0000,
    0x0000,0x0000,0x0000,0x0000,0x0000,0x0000,0x0000,0x0000,
    0x0000,0x0000,0x0000,0x0000,0x0000,0x0000,0x0000,0x0000,
    0x0000,0x0000,0x0000,0xFB2A,0xFB2A,0xFB2A,0xFB2A,0xFB2A,
    0xFB2A,0xFB2A,0xFB2A,0xFB2A,0xFB2A,0xFB2A,0xFB2A,0xFB2A,
    0xFB2A,0xFB2A,0xFB2A,0xFB2A,0xFB2A,0xFB2A,0xFB2A,0xFB2A,
    0xFB2A,0xFB2A,0xFB2A,0xFB2A,0xFB2A,0x6142,0x6142,0x6142,
    0x6142,0x6142,0x6142,0x6142,0x6142,0x6142,0x6142,0x6142,
    0x6142,0x6142,0x6142,0x6142,0xFB2A,0xFB2A,0xFB2A,0xFB2A,
    0xFB2A,0xFB2A,0xFB2A,0xFB2A,0xFB2A,0xFB2A,0xFB2A,0xFB2A,
    0xFB2A,0xFB2A,0xFB2A,0xFB2A,0xFB2A,0xFB2A,0xFB2A,0xFB2A,
    0xFB2A,0xFB2A,0xFB2A,0xFB2A,0xFB2A,0x6142,0x6142,0x6142,
    0x6142,0x6142,0x6142,0x6142,0x6142,0x6142,0x6142,0x6142,
    0x6142,0x6142,0x6142,0x6142,0xFB2A,0xFB2A,0xFB2A,0xFB2A,
    0xFB2A,0xFB2A,0xFB2A,0xFB2A,0xFB2A,0xFB2A,0xFB2A,0xFB2A,
    0xFB2A,0xFB2A,0xFB2A,0xFB2A,0xFB2A,0xFB2A,0xFB2A,0xFB2A,
    0xFB2A,0xFB2A,0xFB2A,0xFB2A,0xFB2A,0xFB2A,0x0000,0x0000,
    0x0000,0x0000,0x0000,0x0000,0x0000,0x0000,0x0000,0x0000,
    0x0000,0x0000,0x0000,0x0000,0x0000,0x0000,0x0000,0x0000,
    0x0000,0x0000,0x0000,0xFB2A,0xFB2A,0xFB2A,0xFB2A,0xFB2A,
    0xFB2A,0xFB2A,0xFB2A,0xFB2A,0xFB2A,0xFB2A,0xFB2A,0xFB2A,
    0xFB2A,0xFB2A,0xFB2A,0xFB2A,0xFB2A,0xFB2A,0xFB2A,0xFB2A,
    0xFB2A,0xFB2A,0xFB2A,0xFB2A,0xFB2A,0x6142,0x6142,0x6142,
    0x6142,0x6142,0x6142,0x6142,0x6142,0x6142,0x6142,0x6142,
    0x6142,0x6142,0x6142,0x6142,0xFB2A,0xFB2A,0xFB2A,0xFB2A,
    0xFB2A,0xFB2A,0xFB2A,0xFB2A,0xFB2A,0xFB2A,0xFB2A,0xFB2A,
    0xFB2A,0xFB2A,0xFB2A,0xFB2A,0xFB2A,0xFB2A,0xFB2A,0xFB2A,
    0xFB2A,0xFB2A,0xFB2A,0xFB2A,0xFB2A,0x6142,0x6142,0x6142,
    0x6142,0x6142,0x6142,0x6142,0x6142,0x6142,0x6142,0x6142,
    0x6142,0x6142,0x6142,0x6142,0xFB2A,0xFB2A,0xFB2A,0xFB2A,
    0xFB2A,0xFB2A,0xFB2A,0xFB2A,0xFB2A,0xFB2A,0xFB2A,0xFB2A,
    0xFB2A,0xFB2A,0xFB2A,0xFB2A,0xFB2A,0xFB2A,0xFB2A,0xFB2A,
    0xFB2A,0xFB2A,0xFB2A,0xFB2A,0xFB2A,0xFB2A,0x0000,0x0000,
    0x0000,0x0000,0x0000,0x0000,0x0000,0x0000,0x0000,0x0000,
    0x0000,0x0000,0x0000,0x0000,0x0000,0x0000,0x0000,0x0000,
    0x0000,0x0000,0x0000,0xFB2A,0xFB2A,0xFB2A,0xFB2A,0xFB2A,
    0xFB2A,0xFB2A,0xFB2A,0xFB2A,0xFB2A,0xFB2A,0xFB2A,0xFB2A,
    0xFB2A,0xFB2A,0xFB2A,0xFB2A,0xFB2A,0xFB2A,0xFB2A,0xFB2A,
    0xFB2A,0xFB2A,0xFB2A,0xFB2A,0xFB2A,0x6142,0x6142,0x6142,
    0x6142,0x6142,0x6142,0x6142,0x6142,0x6142,0x6142,0x6142,
    0x6142,0x6142,0x6142,0x6142,0xFB2A,0xFB2A,0xFB2A,0xFB2A,
    0xFB2A,0xFB2A,0xFB2A,0xFB2A,0xFB2A,0xFB2A,0xFB2A,0xFB2A,
    0xFB2A,0xFB2A,0xFB2A,0xFB2A,0xFB2A,0xFB2A,0xFB2A,0xFB2A,
    0xFB2A,0xFB2A,0xFB2A,0xFB2A,0xFB2A,0x6142,0x6142,0x6142,
    0x6142,0x6142,0x6142,0x6142,0x6142,0x6142,0x6142,0x6142,
    0x6142,0x6142,0x6142,0x6142,0xFB2A,0xFB2A,0xFB2A,0xFB2A,
    0xFB2A,0xFB2A,0xFB2A,0xFB2A,0xFB2A,0xFB2A,0xFB2A,0xFB2A,
    0xFB2A,0xFB2A,0xFB2A,0xFB2A,0xFB2A,0xFB2A,0xFB2A,0xFB2A,
    0xFB2A,0xFB2A,0xFB2A,0xFB2A,0xFB2A,0xFB2A,0x0000,0x0000,
    0x0000,0x0000,0x0000,0x0000,0x0000,0x0000,0x0000,0x0000,
    0x0000,0x0000,0x0000,0x0000,0x0000,0x0000,0x0000,0x0000,
    0x0000,0x0000,0x0000,0xFB2A,0xFB2A,0xFB2A,0xFB2A,0xFB2A,
    0xFB2A,0xFB2A,0xFB2A,0xFB2A,0xFB2A,0xFB2A,0xFB2A,0xFB2A,
    0xFB2A,0xFB2A,0xFB2A,0xFB2A,0xFB2A,0xFB2A,0xFB2A,0xFB2A,
    0xFB2A,0xFB2A,0xFB2A,0xFB2A,0xFB2A,0xFB2A,0x6142,0x6142,
    0x6142,0x6142,0x6142,0x6142,0x6142,0x6142,0x6142,0x6142,
    0x6142,0x6142,0x6142,0xFB2A,0xFB2A,0xFB2A,0xFB2A,0xFB2A,
    0xFB2A,0xFB2A,0xFB2A,0xFB2A,0xFB2A,0xFB2A,0xFB2A,0xFB2A,
    0xFB2A,0xFB2A,0xFB2A,0xFB2A,0xFB2A,0xFB2A,0xFB2A,0xFB2A,
    0xFB2A,0xFB2A,0xFB2A,0xFB2A,0xFB2A,0xFB2A,0x6142,0x6142,
    0x6142,0x6142,0x6142,0x6142,0x6142,0x6142,0x6142,0x6142,
    0x6142,0x6142,0x6142,0xFB2A,0xFB2A,0xFB2A,0xFB2A,0xFB2A,
    0xFB2A,0xFB2A,0xFB2A,0xFB2A,0xFB2A,0xFB2A,0xFB2A,0xFB2A,
    0xFB2A,0xFB2A,0xFB2A,0xFB2A,0xFB2A,0xFB2A,0xFB2A,0xFB2A,
    0xFB2A,0xFB2A,0xFB2A,0xFB2A,0xFB2A,0xFB2A,0x0000,0x0000,
    0x0000,0x0000,0x0000,0x0000,0x0000,0x0000,0x0000,0x0000,
    0x0000,0x0000,0x0000,0x0000,0x0000,0x0000,0x0000,0x0000,
    0x0000,0x0000,0xFB2A,0xFB2A,0xFB2A,0xFB2A,0xFB2A,0xFB2A,
    0xFB2A,0xFB2A,0xFB2A,0xFB2A,0xFB2A,0xFB2A,0xFB2A,0xFB2A,
    0xFB2A,0xFB2A,0xFB2A,0xFB2A,0xFB2A,0xFB2A,0xFB2A,0xFB2A,
    0xFB2A,0xFB2A,0xFB2A,0xFB2A,0xFB2A,0xFB2A,0x6142,0x6142,
    0x6142,0x6142,0x6142,0x6142,0x6142,0x6142,0x6142,0x6142,
    0x6142,0x6142,0x6142,0xFB2A,0xFB2A,0xFB2A,0xFB2A,0xFB2A,
    0xFB2A,0xFB2A,0xFB2A,0xFB2A,0xFB2A,0xFB2A,0xFB2A,0xFB2A,
    0xFB2A,0xFB2A,0xFB2A,0xFB2A,0xFB2A,0xFB2A,0xFB2A,0xFB2A,
    0xFB2A,0xFB2A,0xFB2A,0xFB2A,0xFB2A,0xFB2A,0x6142,0x6142,
    0x6142,0x6142,0x6142,0x6142,0x6142,0x6142,0x6142,0x6142,
    0x6142,0x6142,0x6142,0xFB2A,0xFB2A,0xFB2A,0xFB2A,0xFB2A,
    0xFB2A,0xFB2A,0xFB2A,0xFB2A,0xFB2A,0xFB2A,0xFB2A,0xFB2A,
    0xFB2A,0xFB2A,0xFB2A,0xFB2A,0xFB2A,0xFB2A,0xFB2A,0xFB2A,
    0xFB2A,0xFB2A,0xFB2A,0xFB2A,0xFB2A,0xFB2A,0xFB2A,0x0000,
    0x0000,0x0000,0x0000,0x0000,0x0000,0x0000,0x0000,0x0000,
    0x0000,0x0000,0x0000,0x0000,0x0000,0x0000,0x0000,0x0000,
    0x0000,0x0000,0xFB2A,0xFB2A,0xFB2A,0xFB2A,0xFB2A,0xFB2A,
    0xFB2A,0xFB2A,0xFB2A,0xFB2A,0xFB2A,0xFB2A,0xFB2A,0xFB2A,
    0xFB2A,0xFB2A,0xFB2A,0xFB2A,0xFB2A,0xFB2A,0xFB2A,0xFB2A,
    0xFB2A,0xFB2A,0xFB2A,0xFB2A,0xFB2A,0xFB2A,0xFB2A,0x6142,
    0x6142,0x6142,0x6142,0x6142,0x6142,0x6142,0x6142,0x6142,
    0x6142,0x6142,0xFB2A,0xFB2A,0xFB2A,0xFB2A,0xFB2A,0xFB2A,
    0xFB2A,0xFB2A,0xFB2A,0xFB2A,0xFB2A,0xFB2A,0xFB2A,0xFB2A,
    0xFB2A,0xFB2A,0xFB2A,0xFB2A,0xFB2A,0xFB2A,0xFB2A,0xFB2A,
    0xFB2A,0xFB2A,0xFB2A,0xFB2A,0xFB2A,0xFB2A,0xFB2A,0x6142,
    0x6142,0x6142,0x6142,0x6142,0x6142,0x6142,0x6142,0x6142,
    0x6142,0x6142,0xFB2A,0xFB2A,0xFB2A,0xFB2A,0xFB2A,0xFB2A,
    0xFB2A,0xFB2A,0xFB2A,0xFB2A,0xFB2A,0xFB2A,0xFB2A,0xFB2A,
    0xFB2A,0xFB2A,0xFB2A,0xFB2A,0xFB2A,0xFB2A,0xFB2A,0xFB2A,
    0xFB2A,0xFB2A,0xFB2A,0xFB2A,0xFB2A,0xFB2A,0xFB2A,0x0000,
    0x0000,0x0000,0x0000,0x0000,0x0000,0x0000,0x0000,0x0000,
    0x0000,0x0000,0x0000,0x0000,0x0000,0x0000,0x0000,0x0000,
    0x0000,0x0000,0xFB2A,0xFB2A,0xFB2A,0xFB2A,0xFB2A,0xFB2A,
    0xFB2A,0xFB2A,0xFB2A,0xFB2A,0xFB2A,0xFB2A,0xFB2A,0xFB2A,
    0xFB2A,0xFB2A,0xFB2A,0xFB2A,0xFB2A,0xFB2A,0xFB2A,0xFB2A,
    0xFB2A,0xFB2A,0xFB2A,0xFB2A,0xFB2A,0xFB2A,0xFB2A,0xFB2A,
    0xFB2A,0x6142,0x6142,0x6142,0x6142,0x6142,0x6142,0x6142,
    0xFB2A,0xFB2A,0xFB2A,0xFB2A,0xFB2A,0xFB2A,0xFB2A,0xFB2A,
    0xFB2A,0xFB2A,0xFB2A,0xFB2A,0xFB2A,0xFB2A,0xFB2A,0xFB2A,
    0xFB2A,0xFB2A,0xFB2A,0xFB2A,0xFB2A,0xFB2A,0xFB2A,0xFB2A,
    0xFB2A,0xFB2A,0xFB2A,0xFB2A,0xFB2A,0xFB2A,0xFB2A,0xFB2A,
    0xFB2A,0x6142,0x6142,0x6142,0x6142,0x6142,0x6142,0x6142,
    0xFB2A,0xFB2A,0xFB2A,0xFB2A,0xFB2A,0xFB2A,0xFB2A,0xFB2A,
    0xFB2A,0xFB2A,0xFB2A,0xFB2A,0xFB2A,0xFB2A,0xFB2A,0xFB2A,
    0xFB2A,0xFB2A,0xFB2A,0xFB2A,0xFB2A,0xFB2A,0xFB2A,0xFB2A,
    0xFB2A,0xFB2A,0xFB2A,0xFB2A,0xFB2A,0xFB2A,0xFB2A,0x0000,
    0x0000,0x0000,0x0000,0x0000,0x0000,0x0000,0x0000,0x0000,
    0x0000,0x0000,0x0000,0x0000,0x0000,0x0000,0x0000,0x0000,
    0x0000,0x0000,0xFB2A,0xFB2A,0xFB2A,0xFB2A,0xFB2A,0xFB2A,
    0xFB2A,0xFB2A,0xFB2A,0xFB2A,0xFB2A,0xFB2A,0xFB2A,0xFB2A,
    0xFB2A,0xFB2A,0xFB2A,0xFB2A,0xFB2A,0xFB2A,0xFB2A,0xFB2A,
    0xFB2A,0xFB2A,0xFB2A,0xFB2A,0xFB2A,0xFB2A,0xFB2A,0xFB2A,
    0xFB2A,0xFB2A,0xFB2A,0xFB2A,0x6142,0xFB2A,0xFB2A,0xFB2A,
    0xFB2A,0xFB2A,0xFB2A,0xFB2A,0xFB2A,0xFB2A,0xFB2A,0xFB2A,
    0xFB2A,0xFB2A,0xFB2A,0xFB2A,0xFB2A,0xFB2A,0xFB2A,0xFB2A,
    0xFB2A,0xFB2A,0xFB2A,0xFB2A,0xFB2A,0xFB2A,0xFB2A,0xFB2A,
    0xFB2A,0xFB2A,0xFB2A,0xFB2A,0xFB2A,0xFB2A,0xFB2A,0xFB2A,
    0xFB2A,0xFB2A,0xFB2A,0xFB2A,0x6142,0xFB2A,0xFB2A,0xFB2A,
    0xFB2A,0xFB2A,0xFB2A,0xFB2A,0xFB2A,0xFB2A,0xFB2A,0xFB2A,
    0xFB2A,0xFB2A,0xFB2A,0xFB2A,0xFB2A,0xFB2A,0xFB2A,0xFB2A,
    0xFB2A,0xFB2A,0xFB2A,0xFB2A,0xFB2A,0xFB2A,0xFB2A,0xFB2A,
    0xFB2A,0xFB2A,0xFB2A,0xFB2A,0xFB2A,0xFB2A,0xFB2A,0x0000,
    0x0000,0x0000,0x0000,0x0000,0x0000,0x0000,0x0000,0x0000,
    0x0000,0x0000,0x0000,0x0000,0x0000,0x0000,0x0000,0x0000,
    0x0000,0x0000,0xFB2A,0xFB2A,0xFB2A,0xFB2A,0xFB2A,0xFB2A,
    0xFB2A,0xFB2A,0xFB2A,0xFB2A,0xFB2A,0xFB2A,0xFB2A,0xFB2A,
    0xFB2A,0xFB2A,0xFB2A,0xFB2A,0xFB2A,0xFB2A,0xFB2A,0xFB2A,
    0xFB2A,0xFB2A,0xFB2A,0xFB2A,0xFB2A,0xFB2A,0xFB2A,0xFB2A,
    0xFB2A,0xFB2A,0xFB2A,0xFB2A,0xFB2A,0xFB2A,0xFB2A,0xFB2A,
    0xFB2A,0xFB2A,0xFB2A,0xFB2A,0xFB2A,0xFB2A,0xFB2A,0xFB2A,
    0xFB2A,0xFB2A,0xFB2A,0xFB2A,0xFB2A,0xFB2A,0xFB2A,0xFB2A,
    0xFB2A,0xFB2A,0xFB2A,0xFB2A,0xFB2A,0xFB2A,0xFB2A,0xFB2A,
    0xFB2A,0xFB2A,0xFB2A,0xFB2A,0xFB2A,0xFB2A,0xFB2A,0xFB2A,
    0xFB2A,0xFB2A,0xFB2A,0xFB2A,0xFB2A,0xFB2A,0xFB2A,0xFB2A,
    0xFB2A,0xFB2A,0xFB2A,0xFB2A,0xFB2A,0xFB2A,0xFB2A,0xFB2A,
    0xFB2A,0xFB2A,0xFB2A,0xFB2A,0xFB2A,0xFB2A,0x965F,0x965F,
    0x965F,0x965F,0x965F,0xFB2A,0xFB2A,0xFB2A,0xFB2A,0xFB2A,
    0xFB2A,0xFB2A,0xFB2A,0xFB2A,0xFB2A,0xFB2A,0xFB2A,0x0000,
    0x0000,0x0000,0x0000,0x0000,0x0000,0x0000,0x0000,0x0000,
    0x0000,0x0000,0x0000,0x0000,0x0000,0x0000,0x0000,0x0000,
    0x0000,0x0000,0xFB2A,0xFB2A,0xFB2A,0xFB2A,0xFB2A,0xFB2A,
    0xFB2A,0xFB2A,0xFB2A,0xFB2A,0xFB2A,0xFB2A,0xFB2A,0xFB2A,
    0xFB2A,0xFB2A,0xFB2A,0xFB2A,0xFB2A,0xFB2A,0xFB2A,0xFB2A,
    0xFB2A,0xFB2A,0xFB2A,0xFB2A,0xFB2A,0xFB2A,0xFB2A,0xFB2A,
    0xFB2A,0xFB2A,0xFB2A,0xFB2A,0xFB2A,0xFB2A,0xFB2A,0xFB2A,
    0xFB2A,0xFB2A,0xFB2A,0xFB2A,0xFB2A,0xFB2A,0xFB2A,0xFB2A,
    0xFB2A,0xFB2A,0xFB2A,0xFB2A,0xFB2A,0xFB2A,0xFB2A,0xFB2A,
    0xFB2A,0xFB2A,0xFB2A,0xFB2A,0xFB2A,0xFB2A,0xFB2A,0xFB2A,
    0xFB2A,0xFB2A,0xFB2A,0xFB2A,0xFB2A,0xFB2A,0xFB2A,0xFB2A,
    0xFB2A,0xFB2A,0xFB2A,0xFB2A,0xFB2A,0xFB2A,0xFB2A,0xFB2A,
    0xFB2A,0xFB2A,0xFB2A,0xFB2A,0xFB2A,0xFB2A,0xFB2A,0xFB2A,
    0xFB2A,0xFB2A,0xFB2A,0xFB2A,0xFB2A,0xFB2A,0x965F,0x965F,
    0x965F,0x965F,0x965F,0xFB2A,0xFB2A,0xFB2A,0xFB2A,0xFB2A,
    0xFB2A,0xFB2A,0xFB2A,0xFB2A,0xFB2A,0xFB2A,0xFB2A,0x0000,
    0x0000,0x0000,0x0000,0x0000,0x0000,0x0000,0x0000,0x0000,
    0x0000,0x0000,0x0000,0x0000,0x0000,0x0000,0x0000,0x0000,
    0x0000,0x0000,0xFB2A,0xFB2A,0xFB2A,0xFB2A,0xFB2A,0xFB2A,
    0xFB2A,0xFB2A,0xFB2A,0xFB2A,0xFB2A,0xFB2A,0xFB2A,0xFB2A,
    0xFB2A,0xFB2A,0xFB2A,0xFB2A,0xFB2A,0xFB2A,0xFB2A,0xFB2A,
    0xFB2A,0xFB2A,0xFB2A,0xFB2A,0xFB2A,0xFB2A,0xFB2A,0xFB2A,
    0xFB2A,0xFB2A,0xFB2A,0xFB2A,0xFB2A,0xFB2A,0xFB2A,0xFB2A,
    0xFB2A,0xFB2A,0xFB2A,0xFB2A,0xFB2A,0xFB2A,0xFB2A,0xFB2A,
    0xFB2A,0xFB2A,0xFB2A,0xFB2A,0xFB2A,0xFB2A,0xFB2A,0xFB2A,
    0xFB2A,0xFB2A,0xFB2A,0xFB2A,0xFB2A,0xFB2A,0xFB2A,0xFB2A,
    0xFB2A,0xFB2A,0xFB2A,0xFB2A,0xFB2A,0xFB2A,0xFB2A,0xFB2A,
    0xFB2A,0xFB2A,0xFB2A,0xFB2A,0xFB2A,0xFB2A,0xFB2A,0xFB2A,
    0xFB2A,0xFB2A,0xFB2A,0xFB2A,0xFB2A,0xFB2A,0xFB2A,0xFB2A,
    0xFB2A,0xFB2A,0xFB2A,0xFB2A,0xFB2A,0xFB2A,0x965F,0x965F,
    0x965F,0x965F,0x965F,0xFB2A,0xFB2A,0xFB2A,0xFB2A,0xFB2A,
    0xFB2A,0xFB2A,0xFB2A,0xFB2A,0xFB2A,0xFB2A,0xFB2A,0x0000,
    0x0000,0x0000,0x0000,0x0000,0x0000,0x0000,0x0000,0x0000,
    0x0000,0x0000,0x0000,0x0000,0x0000,0x0000,0x0000,0x0000,
    0x0000,0x0000,0xFB2A,0xFB2A,0xFB2A,0xFB2A,0xFB2A,0xFB2A,
    0xFB2A,0xFB2A,0xFB2A,0xFB2A,0xFB2A,0xFB2A,0xFB2A,0xFB2A,
    0xFB2A,0xFB2A,0xFB2A,0xFB2A,0xFB2A,0xFB2A,0xFB2A,0xFB2A,
    0xFB2A,0xFB2A,0xFB2A,0xFB2A,0xFB2A,0xFB2A,0xFB2A,0xFB2A,
    0xFB2A,0xFB2A,0xFB2A,0xFB2A,0xFB2A,0xFB2A,0xFB2A,0xFB2A,
    0xFB2A,0xFB2A,0xFB2A,0xFB2A,0xFB2A,0xFB2A,0xFB2A,0xFB2A,
    0xFB2A,0xFB2A,0xFB2A,0xFB2A,0xFB2A,0xFB2A,0xFB2A,0xFB2A,
    0xFB2A,0xFB2A,0xFB2A,0xFB2A,0xFB2A,0xFB2A,0xFB2A,0xFB2A,
    0xFB2A,0xFB2A,0xFB2A,0xFB2A,0xFB2A,0xFB2A,0xFB2A,0xFB2A,
    0xFB2A,0xFB2A,0xFB2A,0xFB2A,0xFB2A,0xFB2A,0xFB2A,0xFB2A,
    0xFB2A,0xFB2A,0xFB2A,0xFB2A,0xFB2A,0xFB2A,0xFB2A,0xFB2A,
    0xFB2A,0xFB2A,0xFB2A,0xFB2A,0xFB2A,0xFB2A,0x965F,0x965F,
    0x965F,0x965F,0x965F,0xFB2A,0xFB2A,0xFB2A,0xFB2A,0xFB2A,
    0xFB2A,0xFB2A,0xFB2A,0xFB2A,0xFB2A,0xFB2A,0xFB2A,0x0000,
    0x0000,0x0000,0x0000,0x0000,0x0000,0x0000,0x0000,0x0000,
    0x0000,0x0000,0x0000,0x0000,0x0000,0x0000,0x0000,0x0000,
    0x0000,0x0000,0xFB2A,0xFB2A,0xFB2A,0xFB2A,0xFB2A,0xFB2A,
    0xFB2A,0xFB2A,0xFB2A,0xFB2A,0xFB2A,0xFB2A,0xFB2A,0xFB2A,
    0xFB2A,0xFB2A,0xFB2A,0xFB2A,0xFB2A,0xFB2A,0xFB2A,0xFB2A,
    0xFB2A,0xFB2A,0xFB2A,0xFB2A,0xFB2A,0xFB2A,0xFB2A,0xFB2A,
    0xFB2A,0xFB2A,0xFB2A,0xFB2A,0xFB2A,0xFB2A,0xFB2A,0xFB2A,
    0xFB2A,0xFB2A,0xFB2A,0xFB2A,0xFB2A,0xFB2A,0xFB2A,0xFB2A,
    0xFB2A,0xFB2A,0xFB2A,0xFB2A,0xFB2A,0xFB2A,0xFB2A,0xFB2A,
    0xFB2A,0xFB2A,0xFB2A,0xFB2A,0xFB2A,0xFB2A,0xFB2A,0xFB2A,
    0xFB2A,0xFB2A,0xFB2A,0xFB2A,0xFB2A,0xFB2A,0xFB2A,0xFB2A,
    0xFB2A,0xFB2A,0xFB2A,0xFB2A,0xFB2A,0xFB2A,0xFB2A,0xFB2A,
    0xFB2A,0xFB2A,0xFB2A,0xFB2A,0xFB2A,0xFB2A,0xFB2A,0xFB2A,
    0xFB2A,0xFB2A,0xFB2A,0xFB2A,0xFB2A,0xFB2A,0xFB2A,0x965F,
    0x965F,0x965F,0xFB2A,0xFB2A,0xFB2A,0xFB2A,0xFB2A,0xFB2A,
    0xFB2A,0xFB2A,0xFB2A,0xFB2A,0xFB2A,0xFB2A,0xFB2A,0x0000,
    0x0000,0x0000,0x0000,0x0000,0x0000,0x0000,0x0000,0x0000,
    0x0000,0x0000,0x0000,0x0000,0x0000,0x0000,0x0000,0x0000,
    0x0000,0x0000,0xFB2A,0xFB2A,0xFB2A,0xFB2A,0xFB2A,0xFB2A,
    0xFB2A,0xFB2A,0xFB2A,0xFB2A,0xFB2A,0xFB2A,0xFB2A,0xFB2A,
    0xFB2A,0xFB2A,0xFB2A,0xFB2A,0xFB2A,0xFB2A,0xFB2A,0xFB2A,
    0xFB2A,0xFB2A,0xFB2A,0xFB2A,0xFB2A,0xFB2A,0xFB2A,0xFB2A,
    0xFB2A,0xFB2A,0xFB2A,0xFB2A,0xFB2A,0xFB2A,0xFB2A,0xFB2A,
    0xFB2A,0xFB2A,0xFB2A,0xFB2A,0xFB2A,0xFB2A,0xFB2A,0xFB2A,
    0xFB2A,0xFB2A,0xFB2A,0xFB2A,0xFB2A,0xFB2A,0xFB2A,0xFB2A,
    0xFB2A,0xFB2A,0xFB2A,0xFB2A,0xFB2A,0xFB2A,0xFB2A,0xFB2A,
    0xFB2A,0xFB2A,0xFB2A,0xFB2A,0xFB2A,0xFB2A,0xFB2A,0xFB2A,
    0xFB2A,0xFB2A,0xFB2A,0xFB2A,0xFB2A,0xFB2A,0xFB2A,0xFB2A,
    0xFB2A,0xFB2A,0xFB2A,0xFB2A,0xFB2A,0xFB2A,0xFB2A,0xFB2A,
    0xFB2A,0xFB2A,0xFB2A,0xFB2A,0xFB2A,0x965F,0x965F,0x965F,
    0x965F,0x965F,0x965F,0x965F,0xFB2A,0xFB2A,0xFB2A,0xFB2A,
    0xFB2A,0xFB2A,0xFB2A,0xFB2A,0xFB2A,0xFB2A,0xFB2A,0x0000,
    0x0000,0x0000,0x0000,0x0000,0x0000,0x0000,0x0000,0x0000,
    0x0000,0x0000,0x0000,0x0000,0x0000,0x0000,0x0000,0x0000,
    0x0000,0xFB2A,0xFB2A,0xFB2A,0xFB2A,0xFB2A,0xFB2A,0xFB2A,
    0xFB2A,0xFB2A,0xFB2A,0xFB2A,0xFB2A,0xFB2A,0xFB2A,0xFB2A,
    0xFB2A,0xFB2A,0xFB2A,0xFB2A,0xFB2A,0xFB2A,0xFB2A,0xFB2A,
    0xFB2A,0xFB2A,0xFB2A,0xFB2A,0xFB2A,0xFB2A,0xFB2A,0xFB2A,
    0xFB2A,0xFB2A,0xFB2A,0xFB2A,0xFB2A,0xFB2A,0xFB2A,0xFB2A,
    0xFB2A,0xFB2A,0xFB2A,0xFB2A,0xFB2A,0xFB2A,0xFB2A,0xFB2A,
    0xFB2A,0xFB2A,0xFB2A,0xFB2A,0xFB2A,0xFB2A,0xFB2A,0xFB2A,
    0xFB2A,0xFB2A,0xFB2A,0xFB2A,0xFB2A,0xFB2A,0xFB2A,0xFB2A,
    0xFB2A,0xFB2A,0xFB2A,0xFB2A,0xFB2A,0xFB2A,0xFB2A,0xFB2A,
    0xFB2A,0xFB2A,0xFB2A,0xFB2A,0xFB2A,0xFB2A,0xFB2A,0xFB2A,
    0xFB2A,0xFB2A,0xFB2A,0xFB2A,0xFB2A,0xFB2A,0xFB2A,0xFB2A,
    0xFB2A,0xFB2A,0xFB2A,0xFB2A,0x965F,0x965F,0x965F,0x965F,
    0x965F,0x965F,0x965F,0x965F,0x965F,0xFB2A,0xFB2A,0xFB2A,
    0xFB2A,0xFB2A,0xFB2A,0xFB2A,0xFB2A,0xFB2A,0xFB2A,0xFB2A,
    0x0000,0x0000,0x0000,0x0000,0x0000,0x0000,0x0000,0x0000,
    0x0000,0x0000,0x0000,0x0000,0x0000,0x0000,0x0000,0x0000,
    0x0000,0x0000,0xFB2A,0xFB2A,0xFB2A,0xFB2A,0xFB2A,0xFB2A,
    0xFB2A,0xFB2A,0xFB2A,0xFB2A,0xFB2A,0xFB2A,0xFB2A,0xFB2A,
    0xFB2A,0xFB2A,0xFB2A,0xFB2A,0xFB2A,0xFB2A,0xFB2A,0xFB2A,
    0xFB2A,0xFB2A,0xFB2A,0xFB2A,0xFB2A,0xFB2A,0xFB2A,0xFB2A,
    0xFB2A,0xFB2A,0xFB2A,0xFB2A,0xFB2A,0xFB2A,0xFB2A,0xFB2A,
    0xFB2A,0xFB2A,0xFB2A,0xFB2A,0xFB2A,0xFB2A,0xFB2A,0xFB2A,
    0xFB2A,0xFB2A,0xFB2A,0xFB2A,0xFB2A,0xFB2A,0xFB2A,0xFB2A,
    0xFB2A,0xFB2A,0xFB2A,0xFB2A,0xFB2A,0xFB2A,0xFB2A,0xFB2A,
    0xFB2A,0xFB2A,0xFB2A,0xFB2A,0xFB2A,0xFB2A,0xFB2A,0xFB2A,
    0xFB2A,0xFB2A,0xFB2A,0xFB2A,0xFB2A,0xFB2A,0xFB2A,0xFB2A,
    0xFB2A,0xFB2A,0xFB2A,0xFB2A,0xFB2A,0xFB2A,0xFB2A,0xFB2A,
    0xFB2A,0xFB2A,0xFB2A,0x965F,0x965F,0x965F,0x965F,0x965F,
    0x965F,0x965F,0x965F,0x965F,0x965F,0x965F,0xFB2A,0xFB2A,
    0xFB2A,0xFB2A,0xFB2A,0xFB2A,0xFB2A,0xFB2A,0xFB2A,0x0000,
    0x0000,0x0000,0x0000,0x0000,0x0000,0x0000,0x0000,0x0000,
    0x0000,0x0000,0x0000,0x0000,0x0000,0x0000,0x0000,0x0000,
    0x0000,0x0000,0xFB2A,0xFB2A,0xFB2A,0xFB2A,0xFB2A,0xFB2A,
    0xFB2A,0xFB2A,0xFB2A,0xFB2A,0xFB2A,0xFB2A,0xFB2A,0xFB2A,
    0xFB2A,0xFB2A,0xFB2A,0xFB2A,0xFB2A,0xFB2A,0xFB2A,0xFB2A,
    0xFB2A,0xFB2A,0xFB2A,0xFB2A,0xFB2A,0xFB2A,0xFB2A,0xFB2A,
    0xFB2A,0xFB2A,0xFB2A,0xFB2A,0xFB2A,0xFB2A,0xFB2A,0xFB2A,
    0xFB2A,0xFB2A,0xFB2A,0xFB2A,0xFB2A,0xFB2A,0xFB2A,0xFB2A,
    0xFB2A,0xFB2A,0xFB2A,0xFB2A,0xFB2A,0xFB2A,0xFB2A,0xFB2A,
    0xFB2A,0xFB2A,0xFB2A,0xFB2A,0xFB2A,0xFB2A,0xFB2A,0xFB2A,
    0xFB2A,0xFB2A,0xFB2A,0xFB2A,0xFB2A,0xFB2A,0xFB2A,0xFB2A,
    0xFB2A,0xFB2A,0xFB2A,0xFB2A,0xFB2A,0xFB2A,0xFB2A,0xFB2A,
    0xFB2A,0xFB2A,0xFB2A,0xFB2A,0xFB2A,0xFB2A,0xFB2A,0xFB2A,
    0xFB2A,0xFB2A,0x965F,0x965F,0x965F,0x965F,0x965F,0x965F,
    0x965F,0x965F,0x965F,0x965F,0x965F,0x965F,0x965F,0xFB2A,
    0xFB2A,0xFB2A,0xFB2A,0xFB2A,0xFB2A,0xFB2A,0xFB2A,0x0000,
    0x0000,0x0000,0x0000,0x0000,0x0000,0x0000,0x0000,0x0000,
    0x0000,0x0000,0x0000,0x0000,0x0000,0x0000,0x0000,0x0000,
    0x0000,0x0000,0xFB2A,0xFB2A,0xFB2A,0xFB2A,0xFB2A,0xFB2A,
    0xFB2A,0xFB2A,0xFB2A,0xFB2A,0xFB2A,0xFB2A,0xFB2A,0xFB2A,
    0xFB2A,0xFB2A,0xFB2A,0xFB2A,0xFB2A,0xFB2A,0xFB2A,0xFB2A,
    0xFB2A,0xFB2A,0xFB2A,0xFB2A,0xFB2A,0xFB2A,0xFB2A,0xFB2A,
    0xFB2A,0xFB2A,0xFB2A,0xFB2A,0xFB2A,0xFB2A,0xFB2A,0xFB2A,
    0xFB2A,0xFB2A,0xFB2A,0xFB2A,0xFB2A,0xFB2A,0xFB2A,0xFB2A,
    0xFB2A,0xFB2A,0xFB2A,0xFB2A,0xFB2A,0xFB2A,0xFB2A,0xFB2A,
    0xFB2A,0xFB2A,0xFB2A,0xFB2A,0xFB2A,0xFB2A,0xFB2A,0xFB2A,
    0xFB2A,0xFB2A,0xFB2A,0xFB2A,0xFB2A,0xFB2A,0xFB2A,0xFB2A,
    0xFB2A,0xFB2A,0xFB2A,0xFB2A,0xFB2A,0xFB2A,0xFB2A,0xFB2A,
    0xFB2A,0xFB2A,0xFB2A,0xFB2A,0xFB2A,0xFB2A,0xFB2A,0xFB2A,
    0xFB2A,0xFB2A,0x965F,0x965F,0x965F,0x965F,0x965F,0x965F,
    0x965F,0x965F,0x965F,0x965F,0x965F,0x965F,0x965F,0xFB2A,
    0xFB2A,0xFB2A,0xFB2A,0xFB2A,0xFB2A,0xFB2A,0xFB2A,0x0000,
    0x0000,0x0000,0x0000,0x0000,0x0000,0x0000,0x0000,0x0000,
    0x0000,0x0000,0x0000,0x0000,0x0000,0x0000,0x0000,0x0000,
    0x0000,0x0000,0xFB2A,0xFB2A,0xFB2A,0xFB2A,0xFB2A,0xFB2A,
    0xFB2A,0xFB2A,0xFB2A,0xFB2A,0xFB2A,0xFB2A,0xFB2A,0xFB2A,
    0xFB2A,0xFB2A,0xFB2A,0xFB2A,0xFB2A,0xFB2A,0xFB2A,0xFB2A,
    0xFB2A,0xFB2A,0xFB2A,0xFB2A,0xFB2A,0xFB2A,0xFB2A,0xFB2A,
    0xFB2A,0xFB2A,0xFB2A,0xFB2A,0xFB2A,0xFB2A,0xFB2A,0xFB2A,
    0xFB2A,0xFB2A,0xFB2A,0xFB2A,0xFB2A,0xFB2A,0xFB2A,0xFB2A,
    0xFB2A,0xFB2A,0xFB2A,0xFB2A,0xFB2A,0xFB2A,0xFB2A,0xFB2A,
    0xFB2A,0xFB2A,0xFB2A,0xFB2A,0xFB2A,0xFB2A,0xFB2A,0xFB2A,
    0xFB2A,0xFB2A,0xFB2A,0xFB2A,0xFB2A,0xFB2A,0xFB2A,0xFB2A,
    0xFB2A,0xFB2A,0xFB2A,0xFB2A,0xFB2A,0xFB2A,0xFB2A,0xFB2A,
    0xFB2A,0xFB2A,0xFB2A,0xFB2A,0xFB2A,0xFB2A,0xFB2A,0xFB2A,
    0xFB2A,0xFB2A,0x965F,0x965F,0x965F,0x965F,0x965F,0x965F,
    0x965F,0x965F,0x965F,0x965F,0x965F,0x965F,0x965F,0xFB2A,
    0xFB2A,0xFB2A,0xFB2A,0xFB2A,0xFB2A,0xFB2A,0xFB2A,0x0000,
    0x0000,0x0000,0x0000,0x0000,0x0000,0x0000,0x0000,0x0000,
    0x0000,0x0000,0x0000,0x0000,0x0000,0x0000,0x0000,0x0000,
    0x0000,0x0000,0xFB2A,0xFB2A,0xFB2A,0xFB2A,0xFB2A,0xFB2A,
    0xFB2A,0xFB2A,0xFB2A,0xFB2A,0xFB2A,0xFB2A,0xFB2A,0xFB2A,
    0xFB2A,0xFB2A,0xFB2A,0xFB2A,0xFB2A,0xFB2A,0xFB2A,0xFB2A,
    0xFB2A,0xFB2A,0xFB2A,0xFB2A,0xFB2A,0xFB2A,0xFB2A,0xFB2A,
    0xFB2A,0xFB2A,0xFB2A,0xFB2A,0xFB2A,0xFB2A,0xFB2A,0xFB2A,
    0xFB2A,0xFB2A,0xFB2A,0xFB2A,0xFB2A,0xFB2A,0xFB2A,0xFB2A,
    0xFB2A,0xFB2A,0xFB2A,0xFB2A,0xFB2A,0xFB2A,0xFB2A,0xFB2A,
    0xFB2A,0xFB2A,0xFB2A,0xFB2A,0xFB2A,0xFB2A,0xFB2A,0xFB2A,
    0xFB2A,0xFB2A,0xFB2A,0xFB2A,0xFB2A,0xFB2A,0xFB2A,0xFB2A,
    0xFB2A,0xFB2A,0xFB2A,0xFB2A,0xFB2A,0xFB2A,0xFB2A,0xFB2A,
    0xFB2A,0xFB2A,0xFB2A,0xFB2A,0xFB2A,0xFB2A,0xFB2A,0xFB2A,
    0xFB2A,0x965F,0x965F,0x965F,0x965F,0x965F,0x965F,0x965F,
    0x965F,0x965F,0x965F,0x965F,0x965F,0x965F,0x965F,0x965F,
    0xFB2A,0xFB2A,0xFB2A,0xFB2A,0xFB2A,0xFB2A,0xFB2A,0x0000,
    0x0000,0x0000,0x0000,0x0000,0x0000,0x0000,0x0000,0x0000,
    0x0000,0x0000,0x0000,0x0000,0x0000,0x0000,0x0000,0x0000,
    0x0000,0x0000,0xFB2A,0xFB2A,0xFB2A,0xFB2A,0xFB2A,0xFB2A,
    0xFB2A,0xFB2A,0xFB2A,0xFB2A,0xFB2A,0xFB2A,0xFB2A,0xFB2A,
    0xFB2A,0xFB2A,0xFB2A,0xFB2A,0xFB2A,0xFB2A,0xFB2A,0xFB2A,
    0xFB2A,0xFB2A,0xFB2A,0xFB2A,0xFB2A,0xFB2A,0xFB2A,0xFB2A,
    0xFB2A,0xFB2A,0xFB2A,0xFB2A,0xFB2A,0xFB2A,0xFB2A,0xFB2A,
    0xFB2A,0xFB2A,0xFB2A,0xFB2A,0xFB2A,0xFB2A,0xFB2A,0xFB2A,
    0xFB2A,0xFB2A,0xFB2A,0xFB2A,0xFB2A,0xFB2A,0xFB2A,0xFB2A,
    0xFB2A,0xFB2A,0xFB2A,0xFB2A,0xFB2A,0xFB2A,0xFB2A,0xFB2A,
    0xFB2A,0xFB2A,0xFB2A,0xFB2A,0xFB2A,0xFB2A,0xFB2A,0xFB2A,
    0xFB2A,0xFB2A,0xFB2A,0xFB2A,0xFB2A,0xFB2A,0xFB2A,0xFB2A,
    0xFB2A,0xFB2A,0xFB2A,0xFB2A,0xFB2A,0xFB2A,0xFB2A,0xFB2A,
    0xFB2A,0xFB2A,0x965F,0x965F,0x965F,0x965F,0x965F,0x965F,
    0x965F,0x965F,0x965F,0x965F,0x965F,0x965F,0x965F,0xFB2A,
    0xFB2A,0xFB2A,0xFB2A,0xFB2A,0xFB2A,0xFB2A,0xFB2A,0x0000,
    0x0000,0x0000,0x0000,0x0000,0x0000,0x0000,0x0000,0x0000,
    0x0000,0x0000,0x0000,0x0000,0x0000,0x0000,0x0000,0x0000,
    0x0000,0x0000,0xFB2A,0xFB2A,0xFB2A,0xFB2A,0xFB2A,0xFB2A,
    0xFB2A,0xFB2A,0xFB2A,0xFB2A,0xFB2A,0xFB2A,0xFB2A,0xFB2A,
    0xFB2A,0xFB2A,0xFB2A,0xFB2A,0xFB2A,0xFB2A,0xFB2A,0xFB2A,
    0xFB2A,0xFB2A,0xFB2A,0xFB2A,0xFB2A,0xFB2A,0xFB2A,0xFB2A,
    0xFB2A,0xFB2A,0xFB2A,0xFB2A,0xFB2A,0xFB2A,0xFB2A,0xFB2A,
    0xFB2A,0xFB2A,0xFB2A,0xFB2A,0xFB2A,0xFB2A,0xFB2A,0xFB2A,
    0xFB2A,0xFB2A,0xFB2A,0xFB2A,0xFB2A,0xFB2A,0xFB2A,0xFB2A,
    0xFB2A,0xFB2A,0xFB2A,0xFB2A,0xFB2A,0xFB2A,0xFB2A,0xFB2A,
    0xFB2A,0xFB2A,0xFB2A,0xFB2A,0xFB2A,0xFB2A,0xFB2A,0xFB2A,
    0xFB2A,0xFB2A,0xFB2A,0xFB2A,0xFB2A,0xFB2A,0xFB2A,0xFB2A,
    0xFB2A,0xFB2A,0xFB2A,0xFB2A,0xFB2A,0xFB2A,0xFB2A,0xFB2A,
    0xFB2A,0xFB2A,0x965F,0x965F,0x965F,0x965F,0x965F,0x965F,
    0x965F,0x965F,0x965F,0x965F,0x965F,0x965F,0x965F,0xFB2A,
    0xFB2A,0xFB2A,0xFB2A,0xFB2A,0xFB2A,0xFB2A,0xFB2A,0x0000,
    0x0000,0x0000,0x0000,0x0000,0x0000,0x0000,0x0000,0x0000,
    0x0000,0x0000,0x0000,0x0000,0x0000,0x0000,0x0000,0x0000,
    0x0000,0x0000,0xFB2A,0xFB2A,0xFB2A,0xFB2A,0xFB2A,0xFB2A,
    0xFB2A,0xFB2A,0xFB2A,0xFB2A,0xFB2A,0xFB2A,0xFB2A,0xFB2A,
    0xFB2A,0xFB2A,0xFB2A,0xFB2A,0xFB2A,0xFB2A,0xFB2A,0xFB2A,
    0xFB2A,0xFB2A,0xFB2A,0xFB2A,0xFB2A,0xFB2A,0xFB2A,0xFB2A,
    0xFB2A,0xFB2A,0xFB2A,0xFB2A,0xFB2A,0xFB2A,0xFB2A,0xFB2A,
    0xFB2A,0xFB2A,0xFB2A,0xFB2A,0xFB2A,0xFB2A,0xFB2A,0xFB2A,
    0xFB2A,0xFB2A,0xFB2A,0xFB2A,0xFB2A,0xFB2A,0xFB2A,0xFB2A,
    0xFB2A,0xFB2A,0xFB2A,0xFB2A,0xFB2A,0xFB2A,0xFB2A,0xFB2A,
    0xFB2A,0xFB2A,0xFB2A,0xFB2A,0xFB2A,0xFB2A,0xFB2A,0xFB2A,
    0xFB2A,0xFB2A,0xFB2A,0xFB2A,0xFB2A,0xFB2A,0xFB2A,0xFB2A,
    0xFB2A,0xFB2A,0xFB2A,0xFB2A,0xFB2A,0xFB2A,0xFB2A,0xFB2A,
    0xFB2A,0xFB2A,0x965F,0x965F,0x965F,0x965F,0x965F,0x965F,
    0x965F,0x965F,0x965F,0x965F,0x965F,0x965F,0x965F,0xFB2A,
    0xFB2A,0xFB2A,0xFB2A,0xFB2A,0xFB2A,0xFB2A,0xFB2A,0x0000,
    0x0000,0x0000,0x0000,0x0000,0x0000,0x0000,0x0000,0x0000,
    0x0000,0x0000,0x0000,0x0000,0x0000,0x0000,0x0000,0x0000,
    0x0000,0x0000,0xFB2A,0xFB2A,0xFB2A,0xFB2A,0xFB2A,0xFB2A,
    0xFB2A,0xFB2A,0xFB2A,0xFB2A,0xFB2A,0xFB2A,0xFB2A,0xFB2A,
    0xFB2A,0xFB2A,0xFB2A,0xFB2A,0xFB2A,0xFB2A,0xFB2A,0xFB2A,
    0xFB2A,0xFB2A,0xFB2A,0xFB2A,0xFB2A,0xFB2A,0xFB2A,0xFB2A,
    0xFB2A,0xFB2A,0xFB2A,0xFB2A,0xFB2A,0xFB2A,0xFB2A,0xFB2A,
    0xFB2A,0xFB2A,0xFB2A,0xFB2A,0xFB2A,0xFB2A,0xFB2A,0xFB2A,
    0xFB2A,0xFB2A,0xFB2A,0xFB2A,0xFB2A,0xFB2A,0xFB2A,0xFB2A,
    0xFB2A,0xFB2A,0xFB2A,0xFB2A,0xFB2A,0xFB2A,0xFB2A,0xFB2A,
    0xFB2A,0xFB2A,0xFB2A,0xFB2A,0xFB2A,0xFB2A,0xFB2A,0xFB2A,
    0xFB2A,0xFB2A,0xFB2A,0xFB2A,0xFB2A,0xFB2A,0xFB2A,0xFB2A,
    0xFB2A,0xFB2A,0xFB2A,0xFB2A,0xFB2A,0xFB2A,0xFB2A,0xFB2A,
    0xFB2A,0xFB2A,0xFB2A,0x965F,0x965F,0x965F,0x965F,0x965F,
    0x965F,0x965F,0x965F,0x965F,0x965F,0x965F,0xFB2A,0xFB2A,
    0xFB2A,0xFB2A,0xFB2A,0xFB2A,0xFB2A,0xFB2A,0xFB2A,0x0000,
    0x0000,0x0000,0x0000,0x0000,0x0000,0x0000,0x0000,0x0000,
    0x0000,0x0000,0x0000,0x0000,0x0000,0x0000,0x0000,0x0000,
    0x0000,0x0000,0xFB2A,0xFB2A,0xFB2A,0xFB2A,0xFB2A,0xFB2A,
    0xFB2A,0xFB2A,0xFB2A,0xFB2A,0xFB2A,0xFB2A,0xFB2A,0xFB2A,
    0xFB2A,0xFB2A,0xFB2A,0xFB2A,0xFB2A,0xFB2A,0xFB2A,0xFB2A,
    0xFB2A,0xFB2A,0xFB2A,0xFB2A,0xFB2A,0xFB2A,0xFB2A,0xFB2A,
    0xFB2A,0xFB2A,0xFB2A,0xFB2A,0xFB2A,0xFB2A,0xFB2A,0xFB2A,
    0xFB2A,0xFB2A,0xFB2A,0xFB2A,0xFB2A,0xFB2A,0xFB2A,0xFB2A,
    0xFB2A,0xFB2A,0xFB2A,0xFB2A,0xFB2A,0xFB2A,0xFB2A,0xFB2A,
    0xFB2A,0xFB2A,0xFB2A,0xFB2A,0xFB2A,0xFB2A,0xFB2A,0xFB2A,
    0xFB2A,0xFB2A,0xFB2A,0xFB2A,0xFB2A,0xFB2A,0xFB2A,0xFB2A,
    0xFB2A,0xFB2A,0xFB2A,0xFB2A,0xFB2A,0xFB2A,0xFB2A,0xFB2A,
    0xFB2A,0xFB2A,0xFB2A,0xFB2A,0xFB2A,0xFB2A,0xFB2A,0xFB2A,
    0xFB2A,0xFB2A,0xFB2A,0xFB2A,0x965F,0x965F,0x965F,0x965F,
    0x965F,0x965F,0x965F,0x965F,0x965F,0xFB2A,0xFB2A,0xFB2A,
    0xFB2A,0xFB2A,0xFB2A,0xFB2A,0xFB2A,0xFB2A,0xFB2A,0x0000,
    0x0000,0x0000,0x0000,0x0000,0x0000,0x0000,0x0000,0x0000,
    0x0000,0x0000,0x0000,0x0000,0x0000,0x0000,0x0000,0x0000,
    0x0000,0x0000,0x0000,0xFB2A,0xFB2A,0xFB2A,0xFB2A,0xFB2A,
    0xFB2A,0xFB2A,0xFB2A,0xFB2A,0xFB2A,0xFB2A,0xFB2A,0xFB2A,
    0xFB2A,0xFB2A,0xFB2A,0xFB2A,0xFB2A,0xFB2A,0xFB2A,0xFB2A,
    0xFB2A,0xFB2A,0xFB2A,0xFB2A,0xFB2A,0xFB2A,0xFB2A,0xFB2A,
    0xFB2A,0xFB2A,0xFB2A,0xFB2A,0xFB2A,0xFB2A,0xFB2A,0xFB2A,
    0xFB2A,0xFB2A,0xFB2A,0xFB2A,0xFB2A,0xFB2A,0xFB2A,0xFB2A,
    0xFB2A,0xFB2A,0xFB2A,0xFB2A,0xFB2A,0xFB2A,0xFB2A,0xFB2A,
    0xFB2A,0xFB2A,0xFB2A,0xFB2A,0xFB2A,0xFB2A,0xFB2A,0xFB2A,
    0xFB2A,0xFB2A,0xFB2A,0xFB2A,0xFB2A,0xFB2A,0xFB2A,0xFB2A,
    0xFB2A,0xFB2A,0xFB2A,0xFB2A,0xFB2A,0xFB2A,0xFB2A,0xFB2A,
    0xFB2A,0xFB2A,0xFB2A,0xFB2A,0xFB2A,0xFB2A,0xFB2A,0xFB2A,
    0xFB2A,0xFB2A,0xFB2A,0xFB2A,0xFB2A,0x965F,0x965F,0x965F,
    0x965F,0x965F,0x965F,0x965F,0xFB2A,0xFB2A,0xFB2A,0xFB2A,
    0xFB2A,0xFB2A,0xFB2A,0xFB2A,0xFB2A,0xFB2A,0x0000,0x0000,
    0x0000,0x0000,0x0000,0x0000,0x0000,0x0000,0x0000,0x0000,
    0x0000,0x0000,0x0000,0x0000,0x0000,0x0000,0x0000,0x0000,
    0x0000,0x0000,0x0000,0xFB2A,0xFB2A,0xFB2A,0xFB2A,0xFB2A,
    0xFB2A,0xFB2A,0xFB2A,0xFB2A,0xFB2A,0xFB2A,0xFB2A,0xFB2A,
    0xFB2A,0xFB2A,0xFB2A,0xFB2A,0xFB2A,0xFB2A,0xFB2A,0xFB2A,
    0xFB2A,0xFB2A,0xFB2A,0xFB2A,0xFB2A,0xFB2A,0xFB2A,0xFB2A,
    0xFB2A,0xFB2A,0xFB2A,0xFB2A,0xFB2A,0xFB2A,0xFB2A,0xFB2A,
    0xFB2A,0xFB2A,0xFB2A,0xFB2A,0xFB2A,0xFB2A,0xFB2A,0xFB2A,
    0xFB2A,0xFB2A,0xFB2A,0xFB2A,0xFB2A,0xFB2A,0xFB2A,0xFB2A,
    0xFB2A,0xFB2A,0xFB2A,0xFB2A,0xFB2A,0xFB2A,0xFB2A,0xFB2A,
    0xFB2A,0xFB2A,0xFB2A,0xFB2A,0xFB2A,0xFB2A,0xFB2A,0xFB2A,
    0xFB2A,0xFB2A,0xFB2A,0xFB2A,0xFB2A,0xFB2A,0xFB2A,0xFB2A,
    0xFB2A,0xFB2A,0xFB2A,0xFB2A,0xFB2A,0xFB2A,0xFB2A,0xFB2A,
    0xFB2A,0xFB2A,0xFB2A,0xFB2A,0xFB2A,0xFB2A,0xFB2A,0xFB2A,
    0x965F,0xFB2A,0xFB2A,0xFB2A,0xFB2A,0xFB2A,0xFB2A,0xFB2A,
    0xFB2A,0xFB2A,0xFB2A,0xFB2A,0xFB2A,0xFB2A,0x0000,0x0000,
    0x0000,0x0000,0x0000,0x0000,0x0000,0x0000,0x0000,0x0000,
    0x0000,0x0000,0x0000,0x0000,0x0000,0x0000,0x0000,0x0000,
    0x0000,0x0000,0x0000,0xFB2A,0xFB2A,0xFB2A,0xFB2A,0xFB2A,
    0xFB2A,0xFB2A,0xFB2A,0xFB2A,0xFB2A,0xFB2A,0xFB2A,0xFB2A,
    0xFB2A,0xFB2A,0xFB2A,0xFB2A,0xFB2A,0xFB2A,0xFB2A,0xFB2A,
    0xFB2A,0xFB2A,0xFB2A,0xFB2A,0xFB2A,0xFB2A,0xFB2A,0xFB2A,
    0xFB2A,0xFB2A,0xFB2A,0xFB2A,0xFB2A,0xFB2A,0xFB2A,0xFB2A,
    0xFB2A,0xFB2A,0xFB2A,0xFB2A,0xFB2A,0xFB2A,0xFB2A,0xFB2A,
    0xFB2A,0xFB2A,0xFB2A,0xFB2A,0xFB2A,0xFB2A,0xFB2A,0xFB2A,
    0xFB2A,0xFB2A,0xFB2A,0xFB2A,0xFB2A,0xFB2A,0xFB2A,0xFB2A,
    0xFB2A,0xFB2A,0xFB2A,0xFB2A,0xFB2A,0xFB2A,0xFB2A,0xFB2A,
    0xFB2A,0xFB2A,0xFB2A,0xFB2A,0xFB2A,0xFB2A,0xFB2A,0xFB2A,
    0xFB2A,0xFB2A,0xFB2A,0xFB2A,0xFB2A,0xFB2A,0xFB2A,0xFB2A,
    0xFB2A,0xFB2A,0xFB2A,0xFB2A,0xFB2A,0xFB2A,0xFB2A,0xFB2A,
    0xFB2A,0xFB2A,0xFB2A,0xFB2A,0xFB2A,0xFB2A,0xFB2A,0xFB2A,
    0xFB2A,0xFB2A,0xFB2A,0xFB2A,0xFB2A,0xFB2A,0x0000,0x0000,
    0x0000,0x0000,0x0000,0x0000,0x0000,0x0000,0x0000,0x0000,
    0x0000,0x0000,0x0000,0x0000,0x0000,0x0000,0x0000,0x0000,
    0x0000,0x0000,0x0000,0xFB2A,0xFB2A,0xFB2A,0xFB2A,0xFB2A,
    0xFB2A,0xFB2A,0xFB2A,0xFB2A,0xFB2A,0xFB2A,0xFB2A,0xFB2A,
    0xFB2A,0xFB2A,0xFB2A,0xFB2A,0xFB2A,0xFB2A,0xFB2A,0xFB2A,
    0xFB2A,0xFB2A,0xFB2A,0xFB2A,0xFB2A,0xFB2A,0xFB2A,0xFB2A,
    0xFB2A,0xFB2A,0xFB2A,0xFB2A,0xFB2A,0xFB2A,0xFB2A,0xFB2A,
    0xFB2A,0xFB2A,0xFB2A,0xFB2A,0xFB2A,0xFB2A,0xFB2A,0xFB2A,
    0xFB2A,0xFB2A,0xFB2A,0xFB2A,0xFB2A,0xFB2A,0xFB2A,0xFB2A,
    0xFB2A,0xFB2A,0xFB2A,0xFB2A,0xFB2A,0xFB2A,0xFB2A,0xFB2A,
    0xFB2A,0xFB2A,0xFB2A,0xFB2A,0xFB2A,0xFB2A,0xFB2A,0xFB2A,
    0xFB2A,0xFB2A,0xFB2A,0xFB2A,0xFB2A,0xFB2A,0xFB2A,0xFB2A,
    0xFB2A,0xFB2A,0xFB2A,0xFB2A,0xFB2A,0xFB2A,0xFB2A,0xFB2A,
    0xFB2A,0xFB2A,0xFB2A,0xFB2A,0xFB2A,0xFB2A,0xFB2A,0xFB2A,
    0xFB2A,0xFB2A,0xFB2A,0xFB2A,0xFB2A,0xFB2A,0xFB2A,0xFB2A,
    0xFB2A,0xFB2A,0xFB2A,0xFB2A,0xFB2A,0xFB2A,0x0000,0x0000,
    0x0000,0x0000,0x0000,0x0000,0x0000,0x0000,0x0000,0x0000,
    0x0000,0x0000,0x0000,0x0000,0x0000,0x0000,0x0000,0x0000,
    0x0000,0x0000,0x0000,0x0000,0xFB2A,0xFB2A,0xFB2A,0xFB2A,
    0xFB2A,0xFB2A,0xFB2A,0xFB2A,0xFB2A,0xFB2A,0xFB2A,0xFB2A,
    0xFB2A,0xFB2A,0xFB2A,0xFB2A,0xFB2A,0xFB2A,0xFB2A,0xFB2A,
    0xFB2A,0xFB2A,0xFB2A,0xFB2A,0xFB2A,0xFB2A,0xFB2A,0xFB2A,
    0xFB2A,0xFB2A,0x6142,0x6142,0x6142,0x6142,0x6142,0x6142,
    0x6142,0x6142,0x6142,0x6142,0x6142,0x6142,0x6142,0x6142,
    0x6142,0x6142,0x6142,0x6142,0x6142,0x6142,0x6142,0x6142,
    0x6142,0x6142,0x6142,0x6142,0x6142,0x6142,0x6142,0x6142,
    0x6142,0x6142,0x6142,0x6142,0x6142,0x6142,0x6142,0x6142,
    0x6142,0x6142,0x6142,0x6142,0x6142,0x6142,0x6142,0xFB2A,
    0xFB2A,0xFB2A,0xFB2A,0xFB2A,0xFB2A,0xFB2A,0xFB2A,0xFB2A,
    0xFB2A,0xFB2A,0xFB2A,0xFB2A,0xFB2A,0xFB2A,0xFB2A,0xFB2A,
    0xFB2A,0xFB2A,0xFB2A,0xFB2A,0xFB2A,0xFB2A,0xFB2A,0xFB2A,
    0xFB2A,0xFB2A,0xFB2A,0xFB2A,0xFB2A,0x0000,0x0000,0x0000,
    0x0000,0x0000,0x0000,0x0000,0x0000,0x0000,0x0000,0x0000,
    0x0000,0x0000,0x0000,0x0000,0x0000,0x0000,0x0000,0x0000,
    0x0000,0x0000,0x0000,0x0000,0xFB2A,0xFB2A,0xFB2A,0xFB2A,
    0xFB2A,0xFB2A,0xFB2A,0xFB2A,0xFB2A,0xFB2A,0xFB2A,0xFB2A,
    0xFB2A,0xFB2A,0xFB2A,0xFB2A,0xFB2A,0xFB2A,0xFB2A,0xFB2A,
    0xFB2A,0xFB2A,0xFB2A,0xFB2A,0xFB2A,0xFB2A,0xFB2A,0xFB2A,
    0xFB2A,0xFB2A,0x6142,0x6142,0x6142,0x6142,0x6142,0x6142,
    0x6142,0x6142,0x6142,0x6142,0x6142,0x6142,0x6142,0x6142,
    0x6142,0x6142,0x6142,0x6142,0x6142,0x6142,0x6142,0x6142,
    0x6142,0x6142,0x6142,0x6142,0x6142,0x6142,0x6142,0x6142,
    0x6142,0x6142,0x6142,0x6142,0x6142,0x6142,0x6142,0x6142,
    0x6142,0x6142,0x6142,0x6142,0x6142,0x6142,0x6142,0xFB2A,
    0xFB2A,0xFB2A,0xFB2A,0xFB2A,0xFB2A,0xFB2A,0xFB2A,0xFB2A,
    0xFB2A,0xFB2A,0xFB2A,0xFB2A,0xFB2A,0xFB2A,0xFB2A,0xFB2A,
    0xFB2A,0xFB2A,0xFB2A,0xFB2A,0xFB2A,0xFB2A,0xFB2A,0xFB2A,
    0xFB2A,0xFB2A,0xFB2A,0xFB2A,0xFB2A,0x0000,0x0000,0x0000,
    0x0000,0x0000,0x0000,0x0000,0x0000,0x0000,0x0000,0x0000,
    0x0000,0x0000,0x0000,0x0000,0x0000,0x0000,0x0000,0x0000,
    0x0000,0x0000,0x0000,0x0000,0xFB2A,0xFB2A,0xFB2A,0xFB2A,
    0xFB2A,0xFB2A,0xFB2A,0xFB2A,0xFB2A,0xFB2A,0xFB2A,0xFB2A,
    0xFB2A,0xFB2A,0xFB2A,0xFB2A,0xFB2A,0xFB2A,0xFB2A,0xFB2A,
    0xFB2A,0xFB2A,0xFB2A,0xFB2A,0xFB2A,0xFB2A,0xFB2A,0xFB2A,
    0xFB2A,0xFB2A,0x6142,0x6142,0x6142,0x6142,0x6142,0x6142,
    0x6142,0x6142,0x6142,0x6142,0x6142,0x6142,0x6142,0x6142,
    0x6142,0x6142,0x6142,0x6142,0x6142,0x6142,0x6142,0x6142,
    0x6142,0x6142,0x6142,0x6142,0x6142,0x6142,0x6142,0x6142,
    0x6142,0x6142,0x6142,0x6142,0x6142,0x6142,0x6142,0x6142,
    0x6142,0x6142,0x6142,0x6142,0x6142,0x6142,0x6142,0xFB2A,
    0xFB2A,0xFB2A,0xFB2A,0xFB2A,0xFB2A,0xFB2A,0xFB2A,0xFB2A,
    0xFB2A,0xFB2A,0xFB2A,0xFB2A,0xFB2A,0xFB2A,0xFB2A,0xFB2A,
    0xFB2A,0xFB2A,0xFB2A,0xFB2A,0xFB2A,0xFB2A,0xFB2A,0xFB2A,
    0xFB2A,0xFB2A,0xFB2A,0xFB2A,0xFB2A,0x0000,0x0000,0x0000,
    0x0000,0x0000,0x0000,0x0000,0x0000,0x0000,0x0000,0x0000,
    0x0000,0x0000,0x0000,0x0000,0x0000,0x0000,0x0000,0x0000,
    0x0000,0x0000,0x0000,0x0000,0x0000,0xFB2A,0xFB2A,0xFB2A,
    0xFB2A,0xFB2A,0xFB2A,0xFB2A,0xFB2A,0xFB2A,0xFB2A,0xFB2A,
    0xFB2A,0xFB2A,0xFB2A,0xFB2A,0xFB2A,0xFB2A,0xFB2A,0xFB2A,
    0xFB2A,0xFB2A,0xFB2A,0xFB2A,0xFB2A,0xFB2A,0xFB2A,0xFB2A,
    0xFB2A,0xFB2A,0x6142,0x6142,0x6142,0x6142,0x6142,0x6142,
    0x6142,0x6142,0x6142,0x6142,0x6142,0x6142,0x6142,0x6142,
    0x6142,0x6142,0x6142,0x6142,0x6142,0x6142,0x6142,0x6142,
    0x6142,0x6142,0x6142,0x6142,0x6142,0x6142,0x6142,0x6142,
    0x6142,0x6142,0x6142,0x6142,0x6142,0x6142,0x6142,0x6142,
    0x6142,0x6142,0x6142,0x6142,0x6142,0x6142,0x6142,0xFB2A,
    0xFB2A,0xFB2A,0xFB2A,0xFB2A,0xFB2A,0xFB2A,0xFB2A,0xFB2A,
    0xFB2A,0xFB2A,0xFB2A,0xFB2A,0xFB2A,0xFB2A,0xFB2A,0xFB2A,
    0xFB2A,0xFB2A,0xFB2A,0xFB2A,0xFB2A,0xFB2A,0xFB2A,0xFB2A,
    0xFB2A,0xFB2A,0xFB2A,0xFB2A,0x0000,0x0000,0x0000,0x0000,
    0x0000,0x0000,0x0000,0x0000,0x0000,0x0000,0x0000,0x0000,
    0x0000,0x0000,0x0000,0x0000,0x0000,0x0000,0x0000,0x0000,
    0x0000,0x0000,0x0000,0x0000,0x0000,0xFB2A,0xFB2A,0xFB2A,
    0xFB2A,0xFB2A,0xFB2A,0xFB2A,0xFB2A,0xFB2A,0xFB2A,0xFB2A,
    0xFB2A,0xFB2A,0xFB2A,0xFB2A,0xFB2A,0xFB2A,0xFB2A,0xFB2A,
    0xFB2A,0xFB2A,0xFB2A,0xFB2A,0xFB2A,0xFB2A,0xFB2A,0xFB2A,
    0xFB2A,0xFB2A,0x6142,0x6142,0x6142,0x6142,0x6142,0x6142,
    0x6142,0x6142,0x6142,0x6142,0x6142,0x6142,0x6142,0x6142,
    0x6142,0x6142,0x6142,0x6142,0x6142,0x6142,0x6142,0x6142,
    0x6142,0x6142,0x6142,0x6142,0x6142,0x6142,0x6142,0x6142,
    0x6142,0x6142,0x6142,0x6142,0x6142,0x6142,0x6142,0x6142,
    0x6142,0x6142,0x6142,0x6142,0x6142,0x6142,0x6142,0xFB2A,
    0xFB2A,0xFB2A,0xFB2A,0xFB2A,0xFB2A,0xFB2A,0xFB2A,0xFB2A,
    0xFB2A,0xFB2A,0xFB2A,0xFB2A,0xFB2A,0xFB2A,0xFB2A,0xFB2A,
    0xFB2A,0xFB2A,0xFB2A,0xFB2A,0xFB2A,0xFB2A,0xFB2A,0xFB2A,
    0xFB2A,0xFB2A,0xFB2A,0xFB2A,0x0000,0x0000,0x0000,0x0000,
    0x0000,0x0000,0x0000,0x0000,0x0000,0x0000,0x0000,0x0000,
    0x0000,0x0000,0x0000,0x0000,0x0000,0x0000,0x0000,0x0000,
    0x0000,0x0000,0x0000,0x0000,0x0000,0xFB2A,0xFB2A,0xFB2A,
    0xFB2A,0xFB2A,0xFB2A,0xFB2A,0xFB2A,0xFB2A,0xFB2A,0xFB2A,
    0xFB2A,0xFB2A,0xFB2A,0xFB2A,0xFB2A,0xFB2A,0xFB2A,0xFB2A,
    0xFB2A,0xFB2A,0xFB2A,0xFB2A,0xFB2A,0xFB2A,0xFB2A,0xFB2A,
    0xFB2A,0xFB2A,0x6142,0x6142,0x6142,0x6142,0x6142,0x6142,
    0x6142,0x6142,0x6142,0x6142,0x6142,0x6142,0x6142,0x6142,
    0x6142,0x6142,0x6142,0x6142,0x6142,0x6142,0x6142,0x6142,
    0x6142,0x6142,0x6142,0x6142,0x6142,0x6142,0x6142,0x6142,
    0x6142,0x6142,0x6142,0x6142,0x6142,0x6142,0x6142,0x6142,
    0x6142,0x6142,0x6142,0x6142,0x6142,0x6142,0x6142,0xFB2A,
    0xFB2A,0xFB2A,0xFB2A,0xFB2A,0xFB2A,0xFB2A,0xFB2A,0xFB2A,
    0xFB2A,0xFB2A,0xFB2A,0xFB2A,0xFB2A,0xFB2A,0xFB2A,0xFB2A,
    0xFB2A,0xFB2A,0xFB2A,0xFB2A,0xFB2A,0xFB2A,0xFB2A,0xFB2A,
    0xFB2A,0xFB2A,0xFB2A,0xFB2A,0x0000,0x0000,0x0000,0x0000,
    0x0000,0x0000,0x0000,0x0000,0x0000,0x0000,0x0000,0x0000,
    0x0000,0x0000,0x0000,0x0000,0x0000,0x0000,0x0000,0x0000,
    0x0000,0x0000,0x0000,0x0000,0x0000,0x0000,0xFB2A,0xFB2A,
    0xFB2A,0xFB2A,0xFB2A,0xFB2A,0xFB2A,0xFB2A,0xFB2A,0xFB2A,
    0xFB2A,0xFB2A,0xFB2A,0xFB2A,0xFB2A,0xFB2A,0xFB2A,0xFB2A,
    0xFB2A,0xFB2A,0xFB2A,0xFB2A,0xFB2A,0xFB2A,0xFB2A,0xFB2A,
    0xFB2A,0xFB2A,0x6142,0x6142,0x6142,0x6142,0x6142,0x6142,
    0x6142,0x6142,0x6142,0x6142,0x6142,0x6142,0x6142,0x6142,
    0x6142,0x6142,0x6142,0x6142,0x6142,0x6142,0x6142,0x6142,
    0x6142,0x6142,0x6142,0x6142,0x6142,0x6142,0x6142,0x6142,
    0x6142,0x6142,0x6142,0x6142,0x6142,0x6142,0x6142,0x6142,
    0x6142,0x6142,0x6142,0x6142,0x6142,0x6142,0x6142,0xFB2A,
    0xFB2A,0xFB2A,0xFB2A,0xFB2A,0xFB2A,0xFB2A,0xFB2A,0xFB2A,
    0xFB2A,0xFB2A,0xFB2A,0xFB2A,0xFB2A,0xFB2A,0xFB2A,0xFB2A,
    0xFB2A,0xFB2A,0xFB2A,0xFB2A,0xFB2A,0xFB2A,0xFB2A,0xFB2A,
    0xFB2A,0xFB2A,0xFB2A,0x0000,0x0000,0x0000,0x0000,0x0000,
    0x0000,0x0000,0x0000,0x0000,0x0000,0x0000,0x0000,0x0000,
    0x0000,0x0000,0x0000,0x0000,0x0000,0x0000,0x0000,0x0000,
    0x0000,0x0000,0x0000,0x0000,0x0000,0x0000,0xFB2A,0xFB2A,
    0xFB2A,0xFB2A,0xFB2A,0xFB2A,0xFB2A,0xFB2A,0xFB2A,0xFB2A,
    0xFB2A,0xFB2A,0xFB2A,0xFB2A,0xFB2A,0xFB2A,0xFB2A,0xFB2A,
    0xFB2A,0xFB2A,0xFB2A,0xFB2A,0xFB2A,0xFB2A,0xFB2A,0xFB2A,
    0xFB2A,0xFB2A,0x6142,0x6142,0x6142,0x6142,0xFBCF,0xFBCF,
    0xFBCF,0xFBCF,0xFBCF,0xFBCF,0xFBCF,0xFBCF,0xFBCF,0xFBCF,
    0xFBCF,0xFBCF,0xFBCF,0xFBCF,0xFBCF,0xFBCF,0xFBCF,0xFBCF,
    0xFBCF,0xFBCF,0xFBCF,0xFBCF,0xFBCF,0xFBCF,0xFBCF,0xFBCF,
    0xFBCF,0xFBCF,0xFBCF,0xFBCF,0xFBCF,0xFBCF,0xFBCF,0xFBCF,
    0xFBCF,0xFBCF,0xFBCF,0x6142,0x6142,0x6142,0x6142,0xFB2A,
    0xFB2A,0xFB2A,0xFB2A,0xFB2A,0xFB2A,0xFB2A,0xFB2A,0xFB2A,
    0xFB2A,0xFB2A,0xFB2A,0xFB2A,0xFB2A,0xFB2A,0xFB2A,0xFB2A,
    0xFB2A,0xFB2A,0xFB2A,0xFB2A,0xFB2A,0xFB2A,0xFB2A,0xFB2A,
    0xFB2A,0xFB2A,0xFB2A,0x0000,0x0000,0x0000,0x0000,0x0000,
    0x0000,0x0000,0x0000,0x0000,0x0000,0x0000,0x0000,0x0000,
    0x0000,0x0000,0x0000,0x0000,0x0000,0x0000,0x0000,0x0000,
    0x0000,0x0000,0x0000,0x0000,0x0000,0x0000,0x0000,0xFB2A,
    0xFB2A,0xFB2A,0xFB2A,0xFB2A,0xFB2A,0xFB2A,0xFB2A,0xFB2A,
    0xFB2A,0xFB2A,0xFB2A,0xFB2A,0xFB2A,0xFB2A,0xFB2A,0xFB2A,
    0xFB2A,0xFB2A,0xFB2A,0xFB2A,0xFB2A,0xFB2A,0xFB2A,0xFB2A,
    0xFB2A,0xFB2A,0x6142,0x6142,0x6142,0x6142,0xFBCF,0xFBCF,
    0xFBCF,0xFBCF,0xFBCF,0xFBCF,0xFBCF,0xFBCF,0xFBCF,0xFBCF,
    0xFBCF,0xFBCF,0xFBCF,0xFBCF,0xFBCF,0xFBCF,0xFBCF,0xFBCF,
    0xFBCF,0xFBCF,0xFBCF,0xFBCF,0xFBCF,0xFBCF,0xFBCF,0xFBCF,
    0xFBCF,0xFBCF,0xFBCF,0xFBCF,0xFBCF,0xFBCF,0xFBCF,0xFBCF,
    0xFBCF,0xFBCF,0xFBCF,0x6142,0x6142,0x6142,0x6142,0xFB2A,
    0xFB2A,0xFB2A,0xFB2A,0xFB2A,0xFB2A,0xFB2A,0xFB2A,0xFB2A,
    0xFB2A,0xFB2A,0xFB2A,0xFB2A,0xFB2A,0xFB2A,0xFB2A,0xFB2A,
    0xFB2A,0xFB2A,0xFB2A,0xFB2A,0xFB2A,0xFB2A,0xFB2A,0xFB2A,
    0xFB2A,0xFB2A,0x0000,0x0000,0x0000,0x0000,0x0000,0x0000,
    0x0000,0x0000,0x0000,0x0000,0x0000,0x0000,0x0000,0x0000,
    0x0000,0x0000,0x0000,0x0000,0x0000,0x0000,0x0000,0x0000,
    0x0000,0x0000,0x0000,0x0000,0x0000,0x0000,0x0000,0xFB2A,
    0xFB2A,0xFB2A,0xFB2A,0xFB2A,0xFB2A,0xFB2A,0xFB2A,0xFB2A,
    0xFB2A,0xFB2A,0xFB2A,0xFB2A,0xFB2A,0xFB2A,0xFB2A,0xFB2A,
    0xFB2A,0xFB2A,0xFB2A,0xFB2A,0xFB2A,0xFB2A,0xFB2A,0xFB2A,
    0xFB2A,0xFB2A,0x6142,0x6142,0x6142,0x6142,0xFBCF,0xFBCF,
    0xFBCF,0xFBCF,0xFBCF,0xFBCF,0xFBCF,0xFBCF,0xFBCF,0xFBCF,
    0xFBCF,0xFBCF,0xFBCF,0xFBCF,0xFBCF,0xFBCF,0xFBCF,0xFBCF,
    0xFBCF,0xFBCF,0xFBCF,0xFBCF,0xFBCF,0xFBCF,0xFBCF,0xFBCF,
    0xFBCF,0xFBCF,0xFBCF,0xFBCF,0xFBCF,0xFBCF,0xFBCF,0xFBCF,
    0xFBCF,0xFBCF,0xFBCF,0x6142,0x6142,0x6142,0x6142,0xFB2A,
    0xFB2A,0xFB2A,0xFB2A,0xFB2A,0xFB2A,0xFB2A,0xFB2A,0xFB2A,
    0xFB2A,0xFB2A,0xFB2A,0xFB2A,0xFB2A,0xFB2A,0xFB2A,0xFB2A,
    0xFB2A,0xFB2A,0xFB2A,0xFB2A,0xFB2A,0xFB2A,0xFB2A,0xFB2A,
    0xFB2A,0xFB2A,0x0000,0x0000,0x0000,0x0000,0x0000,0x0000,
    0x0000,0x0000,0x0000,0x0000,0x0000,0x0000,0x0000,0x0000,
    0x0000,0x0000,0x0000,0x0000,0x0000,0x0000,0x0000,0x0000,
    0x0000,0x0000,0x0000,0x0000,0x0000,0x0000,0x0000,0x0000,
    0xFB2A,0xFB2A,0xFB2A,0xFB2A,0xFB2A,0xFB2A,0xFB2A,0xFB2A,
    0xFB2A,0xFB2A,0xFB2A,0xFB2A,0xFB2A,0xFB2A,0xFB2A,0xFB2A,
    0xFB2A,0xFB2A,0xFB2A,0xFB2A,0xFB2A,0xFB2A,0xFB2A,0xFB2A,
    0xFB2A,0xFB2A,0x6142,0x6142,0x6142,0x6142,0xFBCF,0xFBCF,
    0xFBCF,0xFBCF,0xFBCF,0xFBCF,0xFBCF,0xFBCF,0xFBCF,0xFBCF,
    0xFBCF,0xFBCF,0xFBCF,0xFBCF,0xFBCF,0xFBCF,0xFBCF,0xFBCF,
    0xFBCF,0xFBCF,0xFBCF,0xFBCF,0xFBCF,0xFBCF,0xFBCF,0xFBCF,
    0xFBCF,0xFBCF,0xFBCF,0xFBCF,0xFBCF,0xFBCF,0xFBCF,0xFBCF,
    0xFBCF,0xFBCF,0xFBCF,0x6142,0x6142,0x6142,0x6142,0xFB2A,
    0xFB2A,0xFB2A,0xFB2A,0xFB2A,0xFB2A,0xFB2A,0xFB2A,0xFB2A,
    0xFB2A,0xFB2A,0xFB2A,0xFB2A,0xFB2A,0xFB2A,0xFB2A,0xFB2A,
    0xFB2A,0xFB2A,0xFB2A,0xFB2A,0xFB2A,0xFB2A,0xFB2A,0xFB2A,
    0xFB2A,0x0000,0x0000,0x0000,0x0000,0x0000,0x0000,0x0000,
    0x0000,0x0000,0x0000,0x0000,0x0000,0x0000,0x0000,0x0000,
    0x0000,0x0000,0x0000,0x0000,0x0000,0x0000,0x0000,0x0000,
    0x0000,0x0000,0x0000,0x0000,0x0000,0x0000,0x0000,0x0000,
    0xFB2A,0xFB2A,0xFB2A,0xFB2A,0xFB2A,0xFB2A,0xFB2A,0xFB2A,
    0xFB2A,0xFB2A,0xFB2A,0xFB2A,0xFB2A,0xFB2A,0xFB2A,0xFB2A,
    0xFB2A,0xFB2A,0xFB2A,0xFB2A,0xFB2A,0xFB2A,0xFB2A,0xFB2A,
    0xFB2A,0xFB2A,0x6142,0x6142,0x6142,0x6142,0xFBCF,0xFBCF,
    0xFBCF,0xFBCF,0xFBCF,0xFBCF,0xFBCF,0xFBCF,0xFBCF,0xFBCF,
    0xFBCF,0xFBCF,0xFBCF,0xFBCF,0xFBCF,0xFBCF,0xFBCF,0xFBCF,
    0xFBCF,0xFBCF,0xFBCF,0xFBCF,0xFBCF,0xFBCF,0xFBCF,0xFBCF,
    0xFBCF,0xFBCF,0xFBCF,0xFBCF,0xFBCF,0xFBCF,0xFBCF,0xFBCF,
    0xFBCF,0xFBCF,0xFBCF,0x6142,0x6142,0x6142,0x6142,0xFB2A,
    0xFB2A,0xFB2A,0xFB2A,0xFB2A,0xFB2A,0xFB2A,0xFB2A,0xFB2A,
    0xFB2A,0xFB2A,0xFB2A,0xFB2A,0xFB2A,0xFB2A,0xFB2A,0xFB2A,
    0xFB2A,0xFB2A,0xFB2A,0xFB2A,0xFB2A,0xFB2A,0xFB2A,0xFB2A,
    0xFB2A,0x0000,0x0000,0x0000,0x0000,0x0000,0x0000,0x0000,
    0x0000,0x0000,0x0000,0x0000,0x0000,0x0000,0x0000,0x0000,
    0x0000,0x0000,0x0000,0x0000,0x0000,0x0000,0x0000,0x0000,
    0x0000,0x0000,0x0000,0x0000,0x0000,0x0000,0x0000,0x0000,
    0x0000,0xFB2A,0xFB2A,0xFB2A,0xFB2A,0xFB2A,0xFB2A,0xFB2A,
    0xFB2A,0xFB2A,0xFB2A,0xFB2A,0xFB2A,0xFB2A,0xFB2A,0xFB2A,
    0xFB2A,0xFB2A,0xFB2A,0xFB2A,0xFB2A,0xFB2A,0xFB2A,0xFB2A,
    0xFB2A,0xFB2A,0x6142,0x6142,0x6142,0x6142,0xFBCF,0xFBCF,
    0xFBCF,0xFBCF,0xFBCF,0xFBCF,0xFBCF,0xFBCF,0xFBCF,0xFBCF,
    0xFBCF,0xFBCF,0xFBCF,0xFBCF,0xFBCF,0xFBCF,0xFBCF,0xFBCF,
    0xFBCF,0xFBCF,0xFBCF,0xFBCF,0xFBCF,0xFBCF,0xFBCF,0xFBCF,
    0xFBCF,0xFBCF,0xFBCF,0xFBCF,0xFBCF,0xFBCF,0xFBCF,0xFBCF,
    0xFBCF,0xFBCF,0xFBCF,0x6142,0x6142,0x6142,0x6142,0xFB2A,
    0xFB2A,0xFB2A,0xFB2A,0xFB2A,0xFB2A,0xFB2A,0xFB2A,0xFB2A,
    0xFB2A,0xFB2A,0xFB2A,0xFB2A,0xFB2A,0xFB2A,0xFB2A,0xFB2A,
    0xFB2A,0xFB2A,0xFB2A,0xFB2A,0xFB2A,0xFB2A,0xFB2A,0xFB2A,
    0x0000,0x0000,0x0000,0x0000,0x0000,0x0000,0x0000,0x0000,
    0x0000,0x0000,0x0000,0x0000,0x0000,0x0000,0x0000,0x0000,
    0x0000,0x0000,0x0000,0x0000,0x0000,0x0000,0x0000,0x0000,
    0x0000,0x0000,0x0000,0x0000,0x0000,0x0000,0x0000,0x0000,
    0x0000,0xFB2A,0xFB2A,0xFB2A,0xFB2A,0xFB2A,0xFB2A,0xFB2A,
    0xFB2A,0xFB2A,0xFB2A,0xFB2A,0xFB2A,0xFB2A,0xFB2A,0xFB2A,
    0xFB2A,0xFB2A,0xFB2A,0xFB2A,0xFB2A,0xFB2A,0xFB2A,0xFB2A,
    0xFB2A,0xFB2A,0x6142,0x6142,0x6142,0x6142,0xFBCF,0xFBCF,
    0xFBCF,0xFBCF,0xFBCF,0xFBCF,0xFBCF,0xFBCF,0xFBCF,0xFBCF,
    0xFBCF,0xFBCF,0xFBCF,0xFBCF,0xFBCF,0xFBCF,0xFBCF,0xFBCF,
    0xFBCF,0xFBCF,0xFBCF,0xFBCF,0xFBCF,0xFBCF,0xFBCF,0xFBCF,
    0xFBCF,0xFBCF,0xFBCF,0xFBCF,0xFBCF,0xFBCF,0xFBCF,0xFBCF,
    0xFBCF,0xFBCF,0xFBCF,0x6142,0x6142,0x6142,0x6142,0xFB2A,
    0xFB2A,0xFB2A,0xFB2A,0xFB2A,0xFB2A,0xFB2A,0xFB2A,0xFB2A,
    0xFB2A,0xFB2A,0xFB2A,0xFB2A,0xFB2A,0xFB2A,0xFB2A,0xFB2A,
    0xFB2A,0xFB2A,0xFB2A,0xFB2A,0xFB2A,0xFB2A,0xFB2A,0xFB2A,
    0x0000,0x0000,0x0000,0x0000,0x0000,0x0000,0x0000,0x0000,
    0x0000,0x0000,0x0000,0x0000,0x0000,0x0000,0x0000,0x0000,
    0x0000,0x0000,0x0000,0x0000,0x0000,0x0000,0x0000,0x0000,
    0x0000,0x0000,0x0000,0x0000,0x0000,0x0000,0x0000,0x0000,
    0x0000,0x0000,0xFB2A,0xFB2A,0xFB2A,0xFB2A,0xFB2A,0xFB2A,
    0xFB2A,0xFB2A,0xFB2A,0xFB2A,0xFB2A,0xFB2A,0xFB2A,0xFB2A,
    0xFB2A,0xFB2A,0xFB2A,0xFB2A,0xFB2A,0xFB2A,0xFB2A,0xFB2A,
    0xFB2A,0xFB2A,0x6142,0x6142,0x6142,0x6142,0xFBCF,0xFBCF,
    0xFBCF,0xFBCF,0xFBCF,0xFBCF,0xFBCF,0xFBCF,0xFBCF,0xFBCF,
    0xFBCF,0xFBCF,0xFBCF,0xFBCF,0xFBCF,0xFBCF,0xFBCF,0xFBCF,
    0xFBCF,0xFBCF,0xFBCF,0xFBCF,0xFBCF,0xFBCF,0xFBCF,0xFBCF,
    0xFBCF,0xFBCF,0xFBCF,0xFBCF,0xFBCF,0xFBCF,0xFBCF,0xFBCF,
    0xFBCF,0xFBCF,0xFBCF,0x6142,0x6142,0x6142,0x6142,0xFB2A,
    0xFB2A,0xFB2A,0xFB2A,0xFB2A,0xFB2A,0xFB2A,0xFB2A,0xFB2A,
    0xFB2A,0xFB2A,0xFB2A,0xFB2A,0xFB2A,0xFB2A,0xFB2A,0xFB2A,
    0xFB2A,0xFB2A,0xFB2A,0xFB2A,0xFB2A,0xFB2A,0xFB2A,0x0000,
    0x0000,0x0000,0x0000,0x0000,0x0000,0x0000,0x0000,0x0000,
    0x0000,0x0000,0x0000,0x0000,0x0000,0x0000,0x0000,0x0000,
    0x0000,0x0000,0x0000,0x0000,0x0000,0x0000,0x0000,0x0000,
    0x0000,0x0000,0x0000,0x0000,0x0000,0x0000,0x0000,0x0000,
    0x0000,0x0000,0xFB2A,0xFB2A,0xFB2A,0xFB2A,0xFB2A,0xFB2A,
    0xFB2A,0xFB2A,0xFB2A,0xFB2A,0xFB2A,0xFB2A,0xFB2A,0xFB2A,
    0xFB2A,0xFB2A,0xFB2A,0xFB2A,0xFB2A,0xFB2A,0xFB2A,0xFB2A,
    0xFB2A,0xFB2A,0x6142,0x6142,0x6142,0x6142,0x6142,0xFBCF,
    0xFBCF,0xFBCF,0xFBCF,0xFBCF,0xFBCF,0xFBCF,0xFBCF,0xFBCF,
    0xFBCF,0xFBCF,0xFBCF,0xFBCF,0xFBCF,0xFBCF,0xFBCF,0xFBCF,
    0xFBCF,0xFBCF,0xFBCF,0xFBCF,0xFBCF,0xFBCF,0xFBCF,0xFBCF,
    0xFBCF,0xFBCF,0xFBCF,0xFBCF,0xFBCF,0xFBCF,0xFBCF,0xFBCF,
    0xFBCF,0xFBCF,0x6142,0x6142,0x6142,0x6142,0x6142,0xFB2A,
    0xFB2A,0xFB2A,0xFB2A,0xFB2A,0xFB2A,0xFB2A,0xFB2A,0xFB2A,
    0xFB2A,0xFB2A,0xFB2A,0xFB2A,0xFB2A,0xFB2A,0xFB2A,0xFB2A,
    0xFB2A,0xFB2A,0xFB2A,0xFB2A,0xFB2A,0xFB2A,0xFB2A,0x0000,
    0x0000,0x0000,0x0000,0x0000,0x0000,0x0000,0x0000,0x0000,
    0x0000,0x0000,0x0000,0x0000,0x0000,0x0000,0x0000,0x0000,
    0x0000,0x0000,0x0000,0x0000,0x0000,0x0000,0x0000,0x0000,
    0x0000,0x0000,0x0000,0x0000,0x0000,0x0000,0x0000,0x0000,
    0x0000,0x0000,0x0000,0xFB2A,0xFB2A,0xFB2A,0xFB2A,0xFB2A,
    0xFB2A,0xFB2A,0xFB2A,0xFB2A,0xFB2A,0xFB2A,0xFB2A,0xFB2A,
    0xFB2A,0xFB2A,0xFB2A,0xFB2A,0xFB2A,0xFB2A,0xFB2A,0xFB2A,
    0xFB2A,0xFB2A,0xFB2A,0xFB2A,0xFB2A,0xFB2A,0xFB2A,0xFBCF,
    0xFBCF,0xFBCF,0xFBCF,0xFBCF,0xFBCF,0xFBCF,0xFBCF,0xFBCF,
    0xFBCF,0xFBCF,0xFBCF,0xFBCF,0xFBCF,0xFBCF,0xFBCF,0xFBCF,
    0xFBCF,0xFBCF,0xFBCF,0xFBCF,0xFBCF,0xFBCF,0xFBCF,0xFBCF,
    0xFBCF,0xFBCF,0xFBCF,0xFBCF,0xFBCF,0xFBCF,0xFBCF,0xFBCF,
    0xFBCF,0xFBCF,0xFB2A,0xFB2A,0xFB2A,0xFB2A,0xFB2A,0xFB2A,
    0xFB2A,0xFB2A,0xFB2A,0xFB2A,0xFB2A,0xFB2A,0xFB2A,0xFB2A,
    0xFB2A,0xFB2A,0xFB2A,0xFB2A,0xFB2A,0xFB2A,0xFB2A,0xFB2A,
    0xFB2A,0xFB2A,0xFB2A,0xFB2A,0xFB2A,0xFB2A,0x0000,0x0000,
    0x0000,0x0000,0x0000,0x0000,0x0000,0x0000,0x0000,0x0000,
    0x0000,0x0000,0x0000,0x0000,0x0000,0x0000,0x0000,0x0000,
    0x0000,0x0000,0x0000,0x0000,0x0000,0x0000,0x0000,0x0000,
    0x0000,0x0000,0x0000,0x0000,0x0000,0x0000,0x0000,0x0000,
    0x0000,0x0000,0x0000,0x0000,0xFB2A,0xFB2A,0xFB2A,0xFB2A,
    0xFB2A,0xFB2A,0xFB2A,0xFB2A,0xFB2A,0xFB2A,0xFB2A,0xFB2A,
    0xFB2A,0xFB2A,0xFB2A,0xFB2A,0xFB2A,0xFB2A,0xFB2A,0xFB2A,
    0xFB2A,0xFB2A,0xFB2A,0xFB2A,0xFB2A,0xFB2A,0xFB2A,0xFBCF,
    0xFBCF,0xFBCF,0xFBCF,0xFBCF,0xFBCF,0xFBCF,0xFBCF,0xFBCF,
    0xFBCF,0xFBCF,0xFBCF,0xFBCF,0xFBCF,0xFBCF,0xFBCF,0xFBCF,
    0xFBCF,0xFBCF,0xFBCF,0xFBCF,0xFBCF,0xFBCF,0xFBCF,0xFBCF,
    0xFBCF,0xFBCF,0xFBCF,0xFBCF,0xFBCF,0xFBCF,0xFBCF,0xFBCF,
    0xFBCF,0xFBCF,0xFB2A,0xFB2A,0xFB2A,0xFB2A,0xFB2A,0xFB2A,
    0xFB2A,0xFB2A,0xFB2A,0xFB2A,0xFB2A,0xFB2A,0xFB2A,0xFB2A,
    0xFB2A,0xFB2A,0xFB2A,0xFB2A,0xFB2A,0xFB2A,0xFB2A,0xFB2A,
    0xFB2A,0xFB2A,0xFB2A,0xFB2A,0xFB2A,0x0000,0x0000,0x0000,
    0x0000,0x0000,0x0000,0x0000,0x0000,0x0000,0x0000,0x0000,
    0x0000,0x0000,0x0000,0x0000,0x0000,0x0000,0x0000,0x0000,
    0x0000,0x0000,0x0000,0x0000,0x0000,0x0000,0x0000,0x0000,
    0x0000,0x0000,0x0000,0x0000,0x0000,0x0000,0x0000,0x0000,
    0x0000,0x0000,0x0000,0x0000,0xFB2A,0xFB2A,0xFB2A,0xFB2A,
    0xFB2A,0xFB2A,0xFB2A,0xFB2A,0xFB2A,0xFB2A,0xFB2A,0xFB2A,
    0xFB2A,0xFB2A,0xFB2A,0xFB2A,0xFB2A,0xFB2A,0xFB2A,0xFB2A,
    0xFB2A,0xFB2A,0xFB2A,0xFB2A,0xFB2A,0xFB2A,0xFB2A,0xFBCF,
    0xFBCF,0xFBCF,0xFBCF,0xFBCF,0xFBCF,0xFBCF,0xFBCF,0xFBCF,
    0xFBCF,0xFBCF,0xFBCF,0xFBCF,0xFBCF,0xFBCF,0xFBCF,0xFBCF,
    0xFBCF,0xFBCF,0xFBCF,0xFBCF,0xFBCF,0xFBCF,0xFBCF,0xFBCF,
    0xFBCF,0xFBCF,0xFBCF,0xFBCF,0xFBCF,0xFBCF,0xFBCF,0xFBCF,
    0xFBCF,0xFBCF,0xFB2A,0xFB2A,0xFB2A,0xFB2A,0xFB2A,0xFB2A,
    0xFB2A,0xFB2A,0xFB2A,0xFB2A,0xFB2A,0xFB2A,0xFB2A,0xFB2A,
    0xFB2A,0xFB2A,0xFB2A,0xFB2A,0xFB2A,0xFB2A,0xFB2A,0xFB2A,
    0xFB2A,0xFB2A,0xFB2A,0xFB2A,0xFB2A,0x0000,0x0000,0x0000,
    0x0000,0x0000,0x0000,0x0000,0x0000,0x0000,0x0000,0x0000,
    0x0000,0x0000,0x0000,0x0000,0x0000,0x0000,0x0000,0x0000,
    0x0000,0x0000,0x0000,0x0000,0x0000,0x0000,0x0000,0x0000,
    0x0000,0x0000,0x0000,0x0000,0x0000,0x0000,0x0000,0x0000,
    0x0000,0x0000,0x0000,0x0000,0x0000,0xFB2A,0xFB2A,0xFB2A,
    0xFB2A,0xFB2A,0xFB2A,0xFB2A,0xFB2A,0xFB2A,0xFB2A,0xFB2A,
    0xFB2A,0xFB2A,0xFB2A,0xFB2A,0xFB2A,0xFB2A,0xFB2A,0xFB2A,
    0xFB2A,0xFB2A,0xFB2A,0xFB2A,0xFB2A,0xFB2A,0xFB2A,0xFBCF,
    0xFBCF,0xFBCF,0xFBCF,0xFBCF,0xFBCF,0xFBCF,0xFBCF,0xFBCF,
    0xFBCF,0xFBCF,0xFBCF,0xFBCF,0xFBCF,0xFBCF,0xFBCF,0xFBCF,
    0xFBCF,0xFBCF,0xFBCF,0xFBCF,0xFBCF,0xFBCF,0xFBCF,0xFBCF,
    0xFBCF,0xFBCF,0xFBCF,0xFBCF,0xFBCF,0xFBCF,0xFBCF,0xFBCF,
    0xFBCF,0xFBCF,0xFB2A,0xFB2A,0xFB2A,0xFB2A,0xFB2A,0xFB2A,
    0xFB2A,0xFB2A,0xFB2A,0xFB2A,0xFB2A,0xFB2A,0xFB2A,0xFB2A,
    0xFB2A,0xFB2A,0xFB2A,0xFB2A,0xFB2A,0xFB2A,0xFB2A,0xFB2A,
    0xFB2A,0xFB2A,0xFB2A,0xFB2A,0x0000,0x0000,0x0000,0x0000,
    0x0000,0x0000,0x0000,0x0000,0x0000,0x0000,0x0000,0x0000,
    0x0000,0x0000,0x0000,0x0000,0x0000,0x0000,0x0000,0x0000,
    0x0000,0x0000,0x0000,0x0000,0x0000,0x0000,0x0000,0x0000,
    0x0000,0x0000,0x0000,0x0000,0x0000,0x0000,0x0000,0x0000,
    0x0000,0x0000,0x0000,0x0000,0x0000,0x0000,0xFB2A,0xFB2A,
    0xFB2A,0xFB2A,0xFB2A,0xFB2A,0xFB2A,0xFB2A,0xFB2A,0xFB2A,
    0xFB2A,0xFB2A,0xFB2A,0xFB2A,0xFB2A,0xFB2A,0xFB2A,0xFB2A,
    0xFB2A,0xFB2A,0xFB2A,0xFB2A,0xFB2A,0xFB2A,0xFB2A,0xFBCF,
    0xFBCF,0xFBCF,0xFBCF,0xFBCF,0xFBCF,0xFBCF,0xFBCF,0xFBCF,
    0xFBCF,0xFBCF,0xFBCF,0xFBCF,0xFBCF,0xFBCF,0xFBCF,0xFBCF,
    0xFBCF,0xFBCF,0xFBCF,0xFBCF,0xFBCF,0xFBCF,0xFBCF,0xFBCF,
    0xFBCF,0xFBCF,0xFBCF,0xFBCF,0xFBCF,0xFBCF,0xFBCF,0xFBCF,
    0xFBCF,0xFBCF,0xFB2A,0xFB2A,0xFB2A,0xFB2A,0xFB2A,0xFB2A,
    0xFB2A,0xFB2A,0xFB2A,0xFB2A,0xFB2A,0xFB2A,0xFB2A,0xFB2A,
    0xFB2A,0xFB2A,0xFB2A,0xFB2A,0xFB2A,0xFB2A,0xFB2A,0xFB2A,
    0xFB2A,0xFB2A,0xFB2A,0x0000,0x0000,0x0000,0x0000,0x0000,
    0x0000,0x0000,0x0000,0x0000,0x0000,0x0000,0x0000,0x0000,
    0x0000,0x0000,0x0000,0x0000,0x0000,0x0000,0x0000,0x0000,
    0x0000,0x0000,0x0000,0x0000,0x0000,0x0000,0x0000,0x0000,
    0x0000,0x0000,0x0000,0x0000,0x0000,0x0000,0x0000,0x0000,
    0x0000,0x0000,0x0000,0x0000,0x0000,0x0000,0x0000,0xFB2A,
    0xFB2A,0xFB2A,0xFB2A,0xFB2A,0xFB2A,0xFB2A,0xFB2A,0xFB2A,
    0xFB2A,0xFB2A,0xFB2A,0xFB2A,0xFB2A,0xFB2A,0xFB2A,0xFB2A,
    0xFB2A,0xFB2A,0xFB2A,0xFB2A,0xFB2A,0xFB2A,0xFB2A,0xFBCF,
    0xFBCF,0xFBCF,0xFBCF,0xFBCF,0xFBCF,0xFBCF,0xFBCF,0xFBCF,
    0xFBCF,0xFBCF,0xFBCF,0xFBCF,0xFBCF,0xFBCF,0xFBCF,0xFBCF,
    0xFBCF,0xFBCF,0xFBCF,0xFBCF,0xFBCF,0xFBCF,0xFBCF,0xFBCF,
    0xFBCF,0xFBCF,0xFBCF,0xFBCF,0xFBCF,0xFBCF,0xFBCF,0xFBCF,
    0xFBCF,0xFBCF,0xFB2A,0xFB2A,0xFB2A,0xFB2A,0xFB2A,0xFB2A,
    0xFB2A,0xFB2A,0xFB2A,0xFB2A,0xFB2A,0xFB2A,0xFB2A,0xFB2A,
    0xFB2A,0xFB2A,0xFB2A,0xFB2A,0xFB2A,0xFB2A,0xFB2A,0xFB2A,
    0xFB2A,0xFB2A,0x0000,0x0000,0x0000,0x0000,0x0000,0x0000,
    0x0000,0x0000,0x0000,0x0000,0x0000,0x0000,0x0000,0x0000,
    0x0000,0x0000,0x0000,0x0000,0x0000,0x0000,0x0000,0x0000,
    0x0000,0x0000,0x0000,0x0000,0x0000,0x0000,0x0000,0x0000,
    0x0000,0x0000,0x0000,0x0000,0x0000,0x0000,0x0000,0x0000,
    0x0000,0x0000,0x0000,0x0000,0x0000,0x0000,0x0000,0x0000,
    0xFB2A,0xFB2A,0xFB2A,0xFB2A,0xFB2A,0xFB2A,0xFB2A,0xFB2A,
    0xFB2A,0xFB2A,0xFB2A,0xFB2A,0xFB2A,0xFB2A,0xFB2A,0xFB2A,
    0xFB2A,0xFB2A,0xFB2A,0xFB2A,0xFB2A,0xFB2A,0xFB2A,0xFB2A,
    0xFBCF,0xFBCF,0xFBCF,0xFBCF,0xFBCF,0xFBCF,0xFBCF,0xFBCF,
    0xFBCF,0xFBCF,0xFBCF,0xFBCF,0xFBCF,0xFBCF,0xFBCF,0xFBCF,
    0xFBCF,0xFBCF,0xFBCF,0xFBCF,0xFBCF,0xFBCF,0xFBCF,0xFBCF,
    0xFBCF,0xFBCF,0xFBCF,0xFBCF,0xFBCF,0xFBCF,0xFBCF,0xFBCF,
    0xFBCF,0xFB2A,0xFB2A,0xFB2A,0xFB2A,0xFB2A,0xFB2A,0xFB2A,
    0xFB2A,0xFB2A,0xFB2A,0xFB2A,0xFB2A,0xFB2A,0xFB2A,0xFB2A,
    0xFB2A,0xFB2A,0xFB2A,0xFB2A,0xFB2A,0xFB2A,0xFB2A,0xFB2A,
    0xFB2A,0x0000,0x0000,0x0000,0x0000,0x0000,0x0000,0x0000,
    0x0000,0x0000,0x0000,0x0000,0x0000,0x0000,0x0000,0x0000,
    0x0000,0x0000,0x0000,0x0000,0x0000,0x0000,0x0000,0x0000,
    0x0000,0x0000,0x0000,0x0000,0x0000,0x0000,0x0000,0x0000,
    0x0000,0x0000,0x0000,0x0000,0x0000,0x0000,0x0000,0x0000,
    0x0000,0x0000,0x0000,0x0000,0x0000,0x0000,0x0000,0x0000,
    0x0000,0xFB2A,0xFB2A,0xFB2A,0xFB2A,0xFB2A,0xFB2A,0xFB2A,
    0xFB2A,0xFB2A,0xFB2A,0xFB2A,0xFB2A,0xFB2A,0xFB2A,0xFB2A,
    0xFB2A,0xFB2A,0xFB2A,0xFB2A,0xFB2A,0xFB2A,0xFB2A,0xFB2A,
    0xFBCF,0xFBCF,0xFBCF,0xFBCF,0xFBCF,0xFBCF,0xFBCF,0xFBCF,
    0xFBCF,0xFBCF,0xFBCF,0xFBCF,0xFBCF,0xFBCF,0xFBCF,0xFBCF,
    0xFBCF,0xFBCF,0xFBCF,0xFBCF,0xFBCF,0xFBCF,0xFBCF,0xFBCF,
    0xFBCF,0xFBCF,0xFBCF,0xFBCF,0xFBCF,0xFBCF,0xFBCF,0xFBCF,
    0xFBCF,0xFB2A,0xFB2A,0xFB2A,0xFB2A,0xFB2A,0xFB2A,0xFB2A,
    0xFB2A,0xFB2A,0xFB2A,0xFB2A,0xFB2A,0xFB2A,0xFB2A,0xFB2A,
    0xFB2A,0xFB2A,0xFB2A,0xFB2A,0xFB2A,0xFB2A,0xFB2A,0xFB2A,
    0x0000,0x0000,0x0000,0x0000,0x0000,0x0000,0x0000,0x0000,
    0x0000,0x0000,0x0000,0x0000,0x0000,0x0000,0x0000,0x0000,
    0x0000,0x0000,0x0000,0x0000,0x0000,0x0000,0x0000,0x0000,
    0x0000,0x0000,0x0000,0x0000,0x0000,0x0000,0x0000,0x0000,
    0x0000,0x0000,0x0000,0x0000,0x0000,0x0000,0x0000,0x0000,
    0x0000,0x0000,0x0000,0x0000,0x0000,0x0000,0x0000,0x0000,
    0x0000,0x0000,0xFB2A,0xFB2A,0xFB2A,0xFB2A,0xFB2A,0xFB2A,
    0xFB2A,0xFB2A,0xFB2A,0xFB2A,0xFB2A,0xFB2A,0xFB2A,0xFB2A,
    0xFB2A,0xFB2A,0xFB2A,0xFB2A,0xFB2A,0xFB2A,0xFB2A,0xFB2A,
    0xFBCF,0xFBCF,0xFBCF,0xFBCF,0xFBCF,0xFBCF,0xFBCF,0xFBCF,
    0xFBCF,0xFBCF,0xFBCF,0xFBCF,0xFBCF,0xFBCF,0xFBCF,0xFBCF,
    0xFBCF,0xFBCF,0xFBCF,0xFBCF,0xFBCF,0xFBCF,0xFBCF,0xFBCF,
    0xFBCF,0xFBCF,0xFBCF,0xFBCF,0xFBCF,0xFBCF,0xFBCF,0xFBCF,
    0xFBCF,0xFB2A,0xFB2A,0xFB2A,0xFB2A,0xFB2A,0xFB2A,0xFB2A,
    0xFB2A,0xFB2A,0xFB2A,0xFB2A,0xFB2A,0xFB2A,0xFB2A,0xFB2A,
    0xFB2A,0xFB2A,0xFB2A,0xFB2A,0xFB2A,0xFB2A,0xFB2A,0x0000,
    0x0000,0x0000,0x0000,0x0000,0x0000,0x0000,0x0000,0x0000,
    0x0000,0x0000,0x0000,0x0000,0x0000,0x0000,0x0000,0x0000,
    0x0000,0x0000,0x0000,0x0000,0x0000,0x0000,0x0000,0x0000,
    0x0000,0x0000,0x0000,0x0000,0x0000,0x0000,0x0000,0x0000,
    0x0000,0x0000,0x0000,0x0000,0x0000,0x0000,0x0000,0x0000,
    0x0000,0x0000,0x0000,0x0000,0x0000,0x0000,0x0000,0x0000,
    0x0000,0x0000,0x0000,0xFB2A,0xFB2A,0xFB2A,0xFB2A,0xFB2A,
    0xFB2A,0xFB2A,0xFB2A,0xFB2A,0xFB2A,0xFB2A,0xFB2A,0xFB2A,
    0xFB2A,0xFB2A,0xFB2A,0xFB2A,0xFB2A,0xFB2A,0xFB2A,0xFB2A,
    0xFBCF,0xFBCF,0xFBCF,0xFBCF,0xFBCF,0xFBCF,0xFBCF,0xFBCF,
    0xFBCF,0xFBCF,0xFBCF,0xFBCF,0xFBCF,0xFBCF,0xFBCF,0xFBCF,
    0xFBCF,0xFBCF,0xFBCF,0xFBCF,0xFBCF,0xFBCF,0xFBCF,0xFBCF,
    0xFBCF,0xFBCF,0xFBCF,0xFBCF,0xFBCF,0xFBCF,0xFBCF,0xFBCF,
    0xFBCF,0xFB2A,0xFB2A,0xFB2A,0xFB2A,0xFB2A,0xFB2A,0xFB2A,
    0xFB2A,0xFB2A,0xFB2A,0xFB2A,0xFB2A,0xFB2A,0xFB2A,0xFB2A,
    0xFB2A,0xFB2A,0xFB2A,0xFB2A,0xFB2A,0xFB2A,0x0000,0x0000,
    0x0000,0x0000,0x0000,0x0000,0x0000,0x0000,0x0000,0x0000,
    0x0000,0x0000,0x0000,0x0000,0x0000,0x0000,0x0000,0x0000,
    0x0000,0x0000,0x0000,0x0000,0x0000,0x0000,0x0000,0x0000,
    0x0000,0x0000,0x0000,0x0000,0x0000,0x0000,0x0000,0x0000,
    0x0000,0x0000,0x0000,0x0000,0x0000,0x0000,0x0000,0x0000,
    0x0000,0x0000,0x0000,0x0000,0x0000,0x0000,0x0000,0x0000,
    0x0000,0x0000,0x0000,0x0000,0xFB2A,0xFB2A,0xFB2A,0xFB2A,
    0xFB2A,0xFB2A,0xFB2A,0xFB2A,0xFB2A,0xFB2A,0xFB2A,0xFB2A,
    0xFB2A,0xFB2A,0xFB2A,0xFB2A,0xFB2A,0xFB2A,0xFB2A,0xFB2A,
    0xFBCF,0xFBCF,0xFBCF,0xFBCF,0xFBCF,0xFBCF,0xFBCF,0xFBCF,
    0xFBCF,0xFBCF,0xFBCF,0xFBCF,0xFBCF,0xFBCF,0xFBCF,0xFBCF,
    0xFBCF,0xFBCF,0xFBCF,0xFBCF,0xFBCF,0xFBCF,0xFBCF,0xFBCF,
    0xFBCF,0xFBCF,0xFBCF,0xFBCF,0xFBCF,0xFBCF,0xFBCF,0xFBCF,
    0xFBCF,0xFB2A,0xFB2A,0xFB2A,0xFB2A,0xFB2A,0xFB2A,0xFB2A,
    0xFB2A,0xFB2A,0xFB2A,0xFB2A,0xFB2A,0xFB2A,0xFB2A,0xFB2A,
    0xFB2A,0xFB2A,0xFB2A,0xFB2A,0xFB2A,0x0000,0x0000,0x0000,
    0x0000,0x0000,0x0000,0x0000,0x0000,0x0000,0x0000,0x0000,
    0x0000,0x0000,0x0000,0x0000,0x0000,0x0000,0x0000,0x0000,
    0x0000,0x0000,0x0000,0x0000,0x0000,0x0000,0x0000,0x0000,
    0x0000,0x0000,0x0000,0x0000,0x0000,0x0000,0x0000,0x0000,
    0x0000,0x0000,0x0000,0x0000,0x0000,0x0000,0x0000,0x0000,
    0x0000,0x0000,0x0000,0x0000,0x0000,0x0000,0x0000,0x0000,
    0x0000,0x0000,0x0000,0x0000,0x0000,0xFB2A,0xFB2A,0xFB2A,
    0xFB2A,0xFB2A,0xFB2A,0xFB2A,0xFB2A,0xFB2A,0xFB2A,0xFB2A,
    0xFB2A,0xFB2A,0xFB2A,0xFB2A,0xFB2A,0xFB2A,0xFB2A,0xFB2A,
    0xFBCF,0xFBCF,0xFBCF,0xFBCF,0xFBCF,0xFBCF,0xFBCF,0xFBCF,
    0xFBCF,0xFBCF,0xFBCF,0xFBCF,0xFBCF,0xFBCF,0xFBCF,0xFBCF,
    0xFBCF,0xFBCF,0xFBCF,0xFBCF,0xFBCF,0xFBCF,0xFBCF,0xFBCF,
    0xFBCF,0xFBCF,0xFBCF,0xFBCF,0xFBCF,0xFBCF,0xFBCF,0xFBCF,
    0xFBCF,0xFB2A,0xFB2A,0xFB2A,0xFB2A,0xFB2A,0xFB2A,0xFB2A,
    0xFB2A,0xFB2A,0xFB2A,0xFB2A,0xFB2A,0xFB2A,0xFB2A,0xFB2A,
    0xFB2A,0xFB2A,0xFB2A,0xFB2A,0x0000,0x0000,0x0000,0x0000,
    0x0000,0x0000,0x0000,0x0000,0x0000,0x0000,0x0000,0x0000,
    0x0000,0x0000,0x0000,0x0000,0x0000,0x0000,0x0000,0x0000,
    0x0000,0x0000,0x0000,0x0000,0x0000,0x0000,0x0000,0x0000,
    0x0000,0x0000,0x0000,0x0000,0x0000,0x0000,0x0000,0x0000,
    0x0000,0x0000,0x0000,0x0000,0x0000,0x0000,0x0000,0x0000,
    0x0000,0x0000,0x0000,0x0000,0x0000,0x0000,0x0000,0x0000,
    0x0000,0x0000,0x0000,0x0000,0x0000,0x0000,0xFB2A,0xFB2A,
    0xFB2A,0xFB2A,0xFB2A,0xFB2A,0xFB2A,0xFB2A,0xFB2A,0xFB2A,
    0xFB2A,0xFB2A,0xFB2A,0xFB2A,0xFB2A,0xFB2A,0xFB2A,0xFB2A,
    0xFBCF,0xFBCF,0xFBCF,0xFBCF,0xFBCF,0xFBCF,0xFBCF,0xFBCF,
    0xFBCF,0xFBCF,0xFBCF,0xFBCF,0xFBCF,0xFBCF,0xFBCF,0xFBCF,
    0xFBCF,0xFBCF,0xFBCF,0xFBCF,0xFBCF,0xFBCF,0xFBCF,0xFBCF,
    0xFBCF,0xFBCF,0xFBCF,0xFBCF,0xFBCF,0xFBCF,0xFBCF,0xFBCF,
    0xFBCF,0xFB2A,0xFB2A,0xFB2A,0xFB2A,0xFB2A,0xFB2A,0xFB2A,
    0xFB2A,0xFB2A,0xFB2A,0xFB2A,0xFB2A,0xFB2A,0xFB2A,0xFB2A,
    0xFB2A,0xFB2A,0xFB2A,0x0000,0x0000,0x0000,0x0000,0x0000,
    0x0000,0x0000,0x0000,0x0000,0x0000,0x0000,0x0000,0x0000,
    0x0000,0x0000,0x0000,0x0000,0x0000,0x0000,0x0000,0x0000,
    0x0000,0x0000,0x0000,0x0000,0x0000,0x0000,0x0000,0x0000,
    0x0000,0x0000,0x0000,0x0000,0x0000,0x0000,0x0000,0x0000,
    0x0000,0x0000,0x0000,0x0000,0x0000,0x0000,0x0000,0x0000,
    0x0000,0x0000,0x0000,0x0000,0x0000,0x0000,0x0000,0x0000,
    0x0000,0x0000,0x0000,0x0000,0x0000,0x0000,0x0000,0xFB2A,
    0xFB2A,0xFB2A,0xFB2A,0xFB2A,0xFB2A,0xFB2A,0xFB2A,0xFB2A,
    0xFB2A,0xFB2A,0xFB2A,0xFB2A,0xFB2A,0xFB2A,0xFB2A,0xFB2A,
    0xFBCF,0xFBCF,0xFBCF,0xFBCF,0xFBCF,0xFBCF,0xFBCF,0xFBCF,
    0xFBCF,0xFBCF,0xFBCF,0xFBCF,0xFBCF,0xFBCF,0xFBCF,0xFBCF,
    0xFBCF,0xFBCF,0xFBCF,0xFBCF,0xFBCF,0xFBCF,0xFBCF,0xFBCF,
    0xFBCF,0xFBCF,0xFBCF,0xFBCF,0xFBCF,0xFBCF,0xFBCF,0xFBCF,
    0xFBCF,0xFB2A,0xFB2A,0xFB2A,0xFB2A,0xFB2A,0xFB2A,0xFB2A,
    0xFB2A,0xFB2A,0xFB2A,0xFB2A,0xFB2A,0xFB2A,0xFB2A,0xFB2A,
    0xFB2A,0xFB2A,0x0000,0x0000,0x0000,0x0000,0x0000,0x0000,
    0x0000,0x0000,0x0000,0x0000,0x0000,0x0000,0x0000,0x0000,
    0x0000,0x0000,0x0000,0x0000,0x0000,0x0000,0x0000,0x0000,
    0x0000,0x0000,0x0000,0x0000,0x0000,0x0000,0x0000,0x0000,
    0x0000,0x0000,0x0000,0x0000,0x0000,0x0000,0x0000,0x0000,
    0x0000,0x0000,0x0000,0x0000,0x0000,0x0000,0x0000,0x0000,
    0x0000,0x0000,0x0000,0x0000,0x0000,0x0000,0x0000,0x0000,
    0x0000,0x0000,0x0000,0x0000,0x0000,0x0000,0x0000,0x0000,
    0x0000,0xFB2A,0xFB2A,0xFB2A,0xFB2A,0xFB2A,0xFB2A,0xFB2A,
    0xFB2A,0xFB2A,0xFB2A,0xFB2A,0xFB2A,0xFB2A,0xFB2A,0xFB2A,
    0xFB2A,0xFBCF,0xFBCF,0xFBCF,0xFBCF,0xFBCF,0xFBCF,0xFBCF,
    0xFBCF,0xFBCF,0xFBCF,0xFBCF,0xFBCF,0xFBCF,0xFBCF,0xFBCF,
    0xFBCF,0xFBCF,0xFBCF,0xFBCF,0xFBCF,0xFBCF,0xFBCF,0xFBCF,
    0xFBCF,0xFBCF,0xFBCF,0xFBCF,0xFBCF,0xFBCF,0xFBCF,0xFBCF,
    0xFB2A,0xFB2A,0xFB2A,0xFB2A,0xFB2A,0xFB2A,0xFB2A,0xFB2A,
    0xFB2A,0xFB2A,0xFB2A,0xFB2A,0xFB2A,0xFB2A,0xFB2A,0xFB2A,
    0x0000,0x0000,0x0000,0x0000,0x0000,0x0000,0x0000,0x0000,
    0x0000,0x0000,0x0000,0x0000,0x0000,0x0000,0x0000,0x0000,
    0x0000,0x0000,0x0000,0x0000,0x0000,0x0000,0x0000,0x0000,
    0x0000,0x0000,0x0000,0x0000,0x0000,0x0000,0x0000,0x0000,
    0x0000,0x0000,0x0000,0x0000,0x0000,0x0000,0x0000,0x0000,
    0x0000,0x0000,0x0000,0x0000,0x0000,0x0000,0x0000,0x0000,
    0x0000,0x0000,0x0000,0x0000,0x0000,0x0000,0x0000,0x0000,
    0x0000,0x0000,0x0000,0x0000,0x0000,0x0000,0x0000,0x0000,
    0x0000,0x0000,0xFB2A,0xFB2A,0xFB2A,0xFB2A,0xFB2A,0xFB2A,
    0xFB2A,0xFB2A,0xFB2A,0xFB2A,0xFB2A,0xFB2A,0xFB2A,0xFB2A,
    0xFB2A,0xFBCF,0xFBCF,0xFBCF,0xFBCF,0xFBCF,0xFBCF,0xFBCF,
    0xFBCF,0xFBCF,0xFBCF,0xFBCF,0xFBCF,0xFBCF,0xFBCF,0xFBCF,
    0xFBCF,0xFBCF,0xFBCF,0xFBCF,0xFBCF,0xFBCF,0xFBCF,0xFBCF,
    0xFBCF,0xFBCF,0xFBCF,0xFBCF,0xFBCF,0xFBCF,0xFBCF,0xFBCF,
    0xFB2A,0xFB2A,0xFB2A,0xFB2A,0xFB2A,0xFB2A,0xFB2A,0xFB2A,
    0xFB2A,0xFB2A,0xFB2A,0xFB2A,0xFB2A,0xFB2A,0xFB2A,0x0000,
    0x0000,0x0000,0x0000,0x0000,0x0000,0x0000,0x0000,0x0000,
    0x0000,0x0000,0x0000,0x0000,0x0000,0x0000,0x0000,0x0000,
    0x0000,0x0000,0x0000,0x0000,0x0000,0x0000,0x0000,0x0000,
    0x0000,0x0000,0x0000,0x0000,0x0000,0x0000,0x0000,0x0000,
    0x0000,0x0000,0x0000,0x0000,0x0000,0x0000,0x0000,0x0000,
    0x0000,0x0000,0x0000,0x0000,0x0000,0x0000,0x0000,0x0000,
    0x0000,0x0000,0x0000,0x0000,0x0000,0x0000,0x0000,0x0000,
    0x0000,0x0000,0x0000,0x0000,0x0000,0x0000,0x0000,0x0000,
    0x0000,0x0000,0x0000,0x0000,0xFB2A,0xFB2A,0xFB2A,0xFB2A,
    0xFB2A,0xFB2A,0xFB2A,0xFB2A,0xFB2A,0xFB2A,0xFB2A,0xFB2A,
    0xFB2A,0xFBCF,0xFBCF,0xFBCF,0xFBCF,0xFBCF,0xFBCF,0xFBCF,
    0xFBCF,0xFBCF,0xFBCF,0xFBCF,0xFBCF,0xFBCF,0xFBCF,0xFBCF,
    0xFBCF,0xFBCF,0xFBCF,0xFBCF,0xFBCF,0xFBCF,0xFBCF,0xFBCF,
    0xFBCF,0xFBCF,0xFBCF,0xFBCF,0xFBCF,0xFBCF,0xFBCF,0xFBCF,
    0xFB2A,0xFB2A,0xFB2A,0xFB2A,0xFB2A,0xFB2A,0xFB2A,0xFB2A,
    0xFB2A,0xFB2A,0xFB2A,0xFB2A,0xFB2A,0x0000,0x0000,0x0000,
    0x0000,0x0000,0x0000,0x0000,0x0000,0x0000,0x0000,0x0000,
    0x0000,0x0000,0x0000,0x0000,0x0000,0x0000,0x0000,0x0000,
    0x0000,0x0000,0x0000,0x0000,0x0000,0x0000,0x0000,0x0000,
    0x0000,0x0000,0x0000,0x0000,0x0000,0x0000,0x0000,0x0000,
    0x0000,0x0000,0x0000,0x0000,0x0000,0x0000,0x0000,0x0000,
    0x0000,0x0000,0x0000,0x0000,0x0000,0x0000,0x0000,0x0000,
    0x0000,0x0000,0x0000,0x0000,0x0000,0x0000,0x0000,0x0000,
    0x0000,0x0000,0x0000,0x0000,0x0000,0x0000,0x0000,0x0000,
    0x0000,0x0000,0x0000,0x0000,0x0000,0x0000,0xFB2A,0xFB2A,
    0xFB2A,0xFB2A,0xFB2A,0xFB2A,0xFB2A,0xFB2A,0xFB2A,0xFB2A,
    0xFB2A,0xFBCF,0xFBCF,0xFBCF,0xFBCF,0xFBCF,0xFBCF,0xFBCF,
    0xFBCF,0xFBCF,0xFBCF,0xFBCF,0xFBCF,0xFBCF,0xFBCF,0xFBCF,
    0xFBCF,0xFBCF,0xFBCF,0xFBCF,0xFBCF,0xFBCF,0xFBCF,0xFBCF,
    0xFBCF,0xFBCF,0xFBCF,0xFBCF,0xFBCF,0xFBCF,0xFBCF,0xFBCF,
    0xFB2A,0xFB2A,0xFB2A,0xFB2A,0xFB2A,0xFB2A,0xFB2A,0xFB2A,
    0xFB2A,0xFB2A,0xFB2A,0x0000,0x0000,0x0000,0x0000,0x0000,
    0x0000,0x0000,0x0000,0x0000,0x0000,0x0000,0x0000,0x0000,
    0x0000,0x0000,0x0000,0x0000,0x0000,0x0000,0x0000,0x0000,
    0x0000,0x0000,0x0000,0x0000,0x0000,0x0000,0x0000,0x0000,
    0x0000,0x0000,0x0000,0x0000,0x0000,0x0000,0x0000,0x0000,
    0x0000,0x0000,0x0000,0x0000,0x0000,0x0000,0x0000,0x0000,
    0x0000,0x0000,0x0000,0x0000,0x0000,0x0000,0x0000,0x0000,
    0x0000,0x0000,0x0000,0x0000,0x0000,0x0000,0x0000,0x0000,
    0x0000,0x0000,0x0000,0x0000,0x0000,0x0000,0x0000,0x0000,
    0x0000,0x0000,0x0000,0x0000,0x0000,0x0000,0x0000,0x0000,
    0xFB2A,0xFB2A,0xFB2A,0xFB2A,0xFB2A,0xFB2A,0xFB2A,0xFB2A,
    0xFB2A,0xFBCF,0xFBCF,0xFBCF,0xFBCF,0xFBCF,0xFBCF,0xFBCF,
    0xFBCF,0xFBCF,0xFBCF,0xFBCF,0xFBCF,0xFBCF,0xFBCF,0xFBCF,
    0xFBCF,0xFBCF,0xFBCF,0xFBCF,0xFBCF,0xFBCF,0xFBCF,0xFBCF,
    0xFBCF,0xFBCF,0xFBCF,0xFBCF,0xFBCF,0xFBCF,0xFBCF,0xFBCF,
    0xFB2A,0xFB2A,0xFB2A,0xFB2A,0xFB2A,0xFB2A,0xFB2A,0xFB2A,
    0xFB2A,0x0000,0x0000,0x0000,0x0000,0x0000,0x0000,0x0000,
    0x0000,0x0000,0x0000,0x0000,0x0000,0x0000,0x0000,0x0000,
    0x0000,0x0000,0x0000,0x0000,0x0000,0x0000,0x0000,0x0000,
    0x0000,0x0000,0x0000,0x0000,0x0000,0x0000,0x0000,0x0000,
    0x0000,0x0000,0x0000,0x0000,0x0000,0x0000,0x0000,0x0000,
    0x0000,0x0000,0x0000,0x0000,0x0000,0x0000,0x0000,0x0000,
    0x0000,0x0000,0x0000,0x0000,0x0000,0x0000,0x0000,0x0000,
    0x0000,0x0000,0x0000,0x0000,0x0000,0x0000,0x0000,0x0000,
    0x0000,0x0000,0x0000,0x0000,0x0000,0x0000,0x0000,0x0000,
    0x0000,0x0000,0x0000,0x0000,0x0000,0x0000,0x0000,0x0000,
    0x0000,0x0000,0xFB2A,0xFB2A,0xFB2A,0xFB2A,0xFB2A,0xFB2A,
    0xFB2A,0xFBCF,0xFBCF,0xFBCF,0xFBCF,0xFBCF,0xFBCF,0xFBCF,
    0xFBCF,0xFBCF,0xFBCF,0xFBCF,0xFBCF,0xFBCF,0xFBCF,0xFBCF,
    0xFBCF,0xFBCF,0xFBCF,0xFBCF,0xFBCF,0xFBCF,0xFBCF,0xFBCF,
    0xFBCF,0xFBCF,0xFBCF,0xFBCF,0xFBCF,0xFBCF,0xFBCF,0xFBCF,
    0xFB2A,0xFB2A,0xFB2A,0xFB2A,0xFB2A,0xFB2A,0xFB2A,0x0000,
    0x0000,0x0000,0x0000,0x0000,0x0000,0x0000,0x0000,0x0000,
    0x0000,0x0000,0x0000,0x0000,0x0000,0x0000,0x0000,0x0000,
    0x0000,0x0000,0x0000,0x0000,0x0000,0x0000,0x0000,0x0000,
    0x0000,0x0000,0x0000,0x0000,0x0000,0x0000,0x0000,0x0000,
    0x0000,0x0000,0x0000,0x0000,0x0000,0x0000,0x0000,0x0000,
    0x0000,0x0000,0x0000,0x0000,0x0000,0x0000,0x0000,0x0000,
    0x0000,0x0000,0x0000,0x0000,0x0000,0x0000,0x0000,0x0000,
    0x0000,0x0000,0x0000,0x0000,0x0000,0x0000,0x0000,0x0000,
    0x0000,0x0000,0x0000,0x0000,0x0000,0x0000,0x0000,0x0000,
    0x0000,0x0000,0x0000,0x0000,0x0000,0x0000,0x0000,0x0000,
    0x0000,0x0000,0x0000,0x0000,0xFB2A,0xFB2A,0xFB2A,0xFB2A,
    0xFB2A,0xFBCF,0xFBCF,0xFBCF,0xFBCF,0xFBCF,0xFBCF,0xFBCF,
    0xFBCF,0xFBCF,0xFBCF,0xFBCF,0xFBCF,0xFBCF,0xFBCF,0xFBCF,
    0xFBCF,0xFBCF,0xFBCF,0xFBCF,0xFBCF,0xFBCF,0xFBCF,0xFBCF,
    0xFBCF,0xFBCF,0xFBCF,0xFBCF,0xFBCF,0xFBCF,0xFBCF,0xFBCF,
    0xFB2A,0xFB2A,0xFB2A,0xFB2A,0xFB2A,0x0000,0x0000,0x0000,
    0x0000,0x0000,0x0000,0x0000,0x0000,0x0000,0x0000,0x0000,
    0x0000,0x0000,0x0000,0x0000,0x0000,0x0000,0x0000,0x0000,
    0x0000,0x0000,0x0000,0x0000,0x0000,0x0000,0x0000,0x0000,
    0x0000,0x0000,0x0000,0x0000,0x0000,0x0000,0x0000,0x0000,
    0x0000,0x0000,0x0000,0x0000,0x0000,0x0000,0x0000,0x0000,
    0x0000,0x0000,0x0000,0x0000,0x0000,0x0000,0x0000,0x0000,
    0x0000,0x0000,0x0000,0x0000,0x0000,0x0000,0x0000,0x0000,
    0x0000,0x0000,0x0000,0x0000,0x0000,0x0000,0x0000,0x0000,
    0x0000,0x0000,0x0000,0x0000,0x0000,0x0000,0x0000,0x0000,
    0x0000,0x0000,0x0000,0x0000,0x0000,0x0000,0x0000,0x0000,
    0x0000,0x0000,0x0000,0x0000,0x0000,0x0000,0x0000,0xFB2A,
    0xFB2A,0xFB2A,0xFBCF,0xFBCF,0xFBCF,0xFBCF,0xFBCF,0xFBCF,
    0xFBCF,0xFBCF,0xFBCF,0xFBCF,0xFBCF,0xFBCF,0xFBCF,0xFBCF,
    0xFBCF,0xFBCF,0xFBCF,0xFBCF,0xFBCF,0xFBCF,0xFBCF,0xFBCF,
    0xFBCF,0xFBCF,0xFBCF,0xFBCF,0xFBCF,0xFBCF,0xFBCF,0xFB2A,
    0xFB2A,0xFB2A,0x0000,0x0000,0x0000,0x0000,0x0000,0x0000,
    0x0000,0x0000,0x0000,0x0000,0x0000,0x0000,0x0000,0x0000,
    0x0000,0x0000,0x0000,0x0000,0x0000,0x0000,0x0000,0x0000,
    0x0000,0x0000,0x0000,0x0000,0x0000,0x0000,0x0000,0x0000,
    0x0000,0x0000,0x0000,0x0000,0x0000,0x0000,0x0000,0x0000,
    0x0000,0x0000,0x0000,0x0000,0x0000,0x0000,0x0000,0x0000,
    0x0000,0x0000,0x0000,0x0000,0x0000,0x0000,0x0000,0x0000,
    0x0000,0x0000,0x0000,0x0000,0x0000,0x0000,0x0000,0x0000,
    0x0000,0x0000,0x0000,0x0000,0x0000,0x0000,0x0000,0x0000,
    0x0000,0x0000,0x0000,0x0000,0x0000,0x0000,0x0000,0x0000,
    0x0000,0x0000,0x0000,0x0000,0x0000,0x0000,0x0000,0x0000,
    0x0000,0x0000,0x0000,0x0000,0x0000,0x0000,0x0000,0x0000,
    0x0000,0x0000,0xFB2A,0xFB2A,0xFB2A,0xFB2A,0xFB2A,0xFB2A,
    0xFB2A,0xFB2A,0xFB2A,0xFB2A,0xFB2A,0xFB2A,0xFB2A,0xFB2A,
    0xFB2A,0xFB2A,0xFB2A,0xFB2A,0xFB2A,0xFB2A,0xFB2A,0xFB2A,
    0xFB2A,0xFB2A,0xFB2A,0xFB2A,0xFB2A,0xFB2A,0xFB2A,0x0000,
    0x0000,0x0000,0x0000,0x0000,0x0000,0x0000,0x0000,0x0000,
    0x0000,0x0000,0x0000,0x0000,0x0000,0x0000,0x0000,0x0000,
    0x0000,0x0000,0x0000,0x0000,0x0000,0x0000,0x0000,0x0000,
    0x0000,0x0000,0x0000,0x0000,0x0000,0x0000,0x0000,0x0000,
    0x0000,0x0000,0x0000,0x0000,0x0000,0x0000,0x0000,0x0000,
    0x0000,0x0000,0x0000,0x0000,0x0000,0x0000,0x0000,0x0000,
    0x0000,0x0000,0x0000,0x0000,0x0000,0x0000,0x0000,0x0000,
    0x0000,0x0000,0x0000,0x0000,0x0000,0x0000,0x0000,0x0000,
    0x0000,0x0000,0x0000,0x0000,0x0000,0x0000,0x0000,0x0000,
    0x0000,0x0000,0x0000,0x0000,0x0000,0x0000,0x0000,0x0000,
    0x0000,0x0000,0x0000,0x0000,0x0000,0x0000,0x0000,0x0000,
    0x0000,0x0000,0x0000,0x0000,0x0000,0x0000,0x0000,0x0000,
    0x0000,0x0000,0x0000,0x0000,0x0000,0x0000,0xFB2A,0xFB2A,
    0xFB2A,0xFB2A,0xFB2A,0xFB2A,0xFB2A,0xFB2A,0xFB2A,0xFB2A,
    0xFB2A,0xFB2A,0xFB2A,0xFB2A,0xFB2A,0xFB2A,0xFB2A,0xFB2A,
    0xFB2A,0xFB2A,0xFB2A,0x0000,0x0000,0x0000,0x0000,0x0000,
    0x0000,0x0000,0x0000,0x0000,0x0000,0x0000,0x0000,0x0000,
    0x0000,0x0000,0x0000,0x0000,0x0000,0x0000,0x0000,0x0000,
    0x0000,0x0000,0x0000,0x0000,0x0000,0x0000,0x0000,0x0000,
    0x0000,0x0000,0x0000,0x0000,0x0000,0x0000,0x0000,0x0000,
    0x0000,0x0000,0x0000,0x0000,0x0000,0x0000,0x0000,0x0000,
    0x0000,0x0000,0x0000,0x0000,0x0000,0x0000,0x0000,0x0000,
    0x0000,0x0000,0x0000,0x0000,0x0000,0x0000,0x0000,0x0000,
    0x0000,0x0000,0x0000,0x0000,0x0000,0x0000,0x0000,0x0000,
    0x0000,0x0000,0x0000,0x0000,0x0000,0x0000,0x0000,0x0000,
    0x0000,0x0000,0x0000,0x0000,0x0000,0x0000,0x0000,0x0000,
    0x0000,0x0000,0x0000,0x0000,0x0000,0x0000,0x0000,0x0000,
    0x0000,0x0000,0x0000,0x0000,0x0000,0x0000,0x0000,0x0000,
    0x0000,0x0000,0x0000,0x0000,0x0000,0x0000,0x0000,0x0000,
    0x0000,0x0000,0x0000,0x0000,0x0000,0x0000,0x0000,0x0000,
    0xFB2A,0x0000,0x0000,0x0000,0x0000,0x0000,0x0000,0x0000,
    0x0000,0x0000,0x0000,0x0000,0x0000,0x0000,0x0000,0x0000,
    0x0000,0x0000,0x0000,0x0000,0x0000,0x0000,0x0000,0x0000,
    0x0000,0x0000,0x0000,0x0000,0x0000,0x0000,0x0000,0x0000,
    0x0000,0x0000,0x0000,0x0000,0x0000,0x0000,0x0000,0x0000,
    0x0000,0x0000,0x0000,0x0000,0x0000,0x0000,0x0000,0x0000,
    0x0000,0x0000,0x0000,0x0000,0x0000,0x0000,0x0000,0x0000,
    0x0000,0x0000,0x0000,0x0000,0x0000,0x0000,0x0000,0x0000,
    0x0000,0x0000,0x0000,0x0000,0x0000,0x0000,0x0000,0x0000,
    0x0000,0x0000,0x0000,0x0000,0x0000,0x0000,0x0000,0x0000,
    0x0000,0x0000,0x0000,0x0000,0x0000,0x0000,0x0000,0x0000,
    0x0000,0x0000,0x0000,0x0000,0x0000,0x0000,0x0000,0x0000,
    0x0000,0x0000,0x0000,0x0000,0x0000,0x0000,0x0000,0x0000,
    0x0000,0x0000,0x0000,0x0000,0x0000,0x0000,0x0000,0x0000,
    0x0000,0x0000,0x0000,0x0000,0x0000,0x0000,0x0000,0x0000,
    0x0000,0x0000,0x0000,0x0000,0x0000,0x0000,0x0000,0x0000,
    0x0000,0x0000,0x0000,0x0000,0x0000,0x0000,0x0000,0x0000,
    0x0000,0x0000,0x0000,0x0000,0x0000,0x0000,0x0000,0x0000,
    0x0000,0x0000,0x0000,0x0000,0x0000,0x0000,0x0000,0x0000,
    0x0000,0x0000,0x0000,0x0000,0x0000,0x0000,0x0000,0x0000,
    0x0000,0x0000,0x0000,0x0000,0x0000,0x0000,0x0000,0x0000,
    0x0000,0x0000,0x0000,0x0000,0x0000,0x0000,0x0000,0x0000,
    0x0000,0x0000,0x0000,0x0000,0x0000,0x0000,0x0000,0x0000,
    0x0000,0x0000,0x0000,0x0000,0x0000,0x0000,0x0000,0x0000,
    0x0000,0x0000,0x0000,0x0000,0x0000,0x0000,0x0000,0x0000,
    0x0000,0x0000,0x0000,0x0000,0x0000,0x0000,0x0000,0x0000,
    0x0000,0x0000,0x0000,0x0000,0x0000,0x0000,0x0000,0x0000,
    0x0000,0x0000,0x0000,0x0000,0x0000,0x0000,0x0000,0x0000,
    0x0000,0x0000,0x0000,0x0000,0x0000,0x0000,0x0000,0x0000,
    0x0000,0x0000,0x0000,0x0000,0x0000,0x0000,0x0000,0x0000,
    0x0000,0x0000,0x0000,0x0000,0x0000,0x0000,0x0000,0x0000,
    0x0000,0x0000,0x0000,0x0000,0x0000,0x0000,0x0000,0x0000,
    0x0000,0x0000,0x0000,0x0000,0x0000,0x0000,0x0000,0x0000,
    0x0000,0x0000,0x0000,0x0000,0x0000,0x0000,0x0000,0x0000,
    0x0000,0x0000,0x0000,0x0000,0x0000,0x0000,0x0000,0x0000,
    0x0000,0x0000,0x0000,0x0000,0x0000,0x0000,0x0000,0x0000,
    0x0000,0x0000,0x0000,0x0000,0x0000,0x0000,0x0000,0x0000,
    0x0000,0x0000,0x0000,0x0000,0x0000,0x0000,0x0000,0x0000,
    0x0000,0x0000,0x0000,0x0000,0x0000,0x0000,0x0000,0x0000,
    0x0000,0x0000,0x0000,0x0000,0x0000,0x0000,0x0000,0x0000,
    0x0000,0x0000,0x0000,0x0000,0x0000,0x0000,0x0000,0x0000,
    0x0000,0x0000,0x0000,0x0000,0x0000,0x0000,0x0000,0x0000,
    0x0000,0x0000,0x0000,0x0000,0x0000,0x0000,0x0000,0x0000,
    0x0000,0x0000,0x0000,0x0000,0x0000,0x0000,0x0000,0x0000,
    0x0000,0x0000,0x0000,0x0000,0x0000,0x0000,0x0000,0x0000,
    0x0000,0x0000,0x0000,0x0000,0x0000,0x0000,0x0000,0x0000,
    0x0000,0x0000,0x0000,0x0000,0x0000,0x0000,0x0000,0x0000,
    0x0000,0x0000,0x0000,0x0000,0x0000,0x0000,0x0000,0x0000,
    0x0000,0x0000,0x0000,0x0000,0x0000,0x0000,0x0000,0x0000,
    0x0000,0x0000,0x0000,0x0000,0x0000,0x0000,0x0000,0x0000,
    0x0000,0x0000,0x0000,0x0000,0x0000,0x0000,0x0000,0x0000,
    0x0000,0x0000,0x0000,0x0000,0x0000,0x0000,0x0000,0x0000,
    0x0000,0x0000,0x0000,0x0000,0x0000,0x0000,0x0000,0x0000,
    0x0000,0x0000,0x0000,0x0000,0x0000,0x0000,0x0000,0x0000,
    0x0000,0x0000,0x0000,0x0000,0x0000,0x0000,0x0000,0x0000,
    0x0000,0x0000,0x0000,0x0000,0x0000,0x0000,0x0000,0x0000,
    0x0000,0x0000,0x0000,0x0000,0x0000,0x0000,0x0000,0x0000,
    0x0000,0x0000,0x0000,0x0000,0x0000,0x0000,0x0000,0x0000,
    0x0000,0x0000,0x0000,0x0000,0x0000,0x0000,0x0000,0x0000,
    0x0000,0x0000,0x0000,0x0000,0x0000,0x0000,0x0000,0x0000,
    0x0000,0x0000,0x0000,0x0000,0x0000,0x0000,0x0000,0x0000,
    0x0000,0x0000,0x0000,0x0000,0x0000,0x0000,0x0000,0x0000,
    0x0000,0x0000,0x0000,0x0000,0x0000,0x0000,0x0000,0x0000,
    0x0000,0x0000,0x0000,0x0000,0x0000,0x0000,0x0000,0x0000,
    0x0000,0x0000,0x0000,0x0000,0x0000,0x0000,0x0000,0x0000,
    0x0000,0x0000,0x0000,0x0000,0x0000,0x0000,0x0000,0x0000,
    0x0000,0x0000,0x0000,0x0000,0x0000,0x0000,0x0000,0x0000,
    0x0000,0x0000,0x0000,0x0000,0x0000,0x0000,0x0000,0x0000,
    0x0000,0x0000,0x0000,0x0000,0x0000,0x0000,0x0000,0x0000,
    0x0000,0x0000,0x0000,0x0000,0x0000,0x0000,0x0000,0x0000,
    0x0000,0x0000,0x0000,0x0000,0x0000,0x0000,0x0000,0x0000,
    0x0000,0x0000,0x0000,0x0000,0x0000,0x0000,0x0000,0x0000,
    0x0000,0x0000,0x0000,0x0000,0x0000,0x0000,0x0000,0x0000,
    0x0000,0x0000,0x0000,0x0000,0x0000,0x0000,0x0000,0x0000,
    0x0000,0x0000,0x0000,0x0000,0x0000,0x0000,0x0000,0x0000,
    0x0000,0x0000,0x0000,0x0000,0x0000,0x0000,0x0000,0x0000,
    0x0000,0x0000,0x0000,0x0000,0x0000,0x0000,0x0000,0x0000,
    0x0000,0x0000,0x0000,0x0000,0x0000,0x0000,0x0000,0x0000,
    0x0000,0x0000,0x0000,0x0000,0x0000,0x0000,0x0000,0x0000,
    0x0000,0x0000,0x0000,0x0000,0x0000,0x0000,0x0000,0x0000,
    0x0000,0x0000,0x0000,0x0000,0x0000,0x0000,0x0000,0x0000,
    0x0000,0x0000,0x0000,0x0000,0x0000,0x0000,0x0000,0x0000,
    0x0000,0x0000,0x0000,0x0000,0x0000,0x0000,0x0000,0x0000,
    0x0000,0x0000,0x0000,0x0000,0x0000,0x0000,0x0000,0x0000,
    0x0000,0x0000,0x0000,0x0000,0x0000,0x0000,0x0000,0x0000,
    0x0000,0x0000,0x0000,0x0000,0x0000,0x0000,0x0000,0x0000,
    0x0000,0x0000,0x0000,0x0000,0x0000,0x0000,0x0000,0x0000,
    0x0000,0x0000,0x0000,0x0000,0x0000,0x0000,0x0000,0x0000,
    0x0000,0x0000,0x0000,0x0000,0x0000,0x0000,0x0000,0x0000,
    0x0000,0x0000,0x0000,0x0000,0x0000,0x0000,0x0000,0x0000,
    0x0000,0x0000,0x0000,0x0000,0x0000,0x0000,0x0000,0x0000,
    0x0000,0x0000,0x0000,0x0000,0x0000,0x0000,0x0000,0x0000,
    0x0000,0x0000,0x0000,0x0000,0x0000,0x0000,0x0000,0x0000,
    0x0000,0x0000,0x0000,0x0000,0x0000,0x0000,0x0000,0x0000,
    0x0000,0x0000,0x0000,0x0000,0x0000,0x0000,0x0000,0x0000,
    0x0000,0x0000,0x0000,0x0000,0x0000,0x0000,0x0000,0x0000,
    0x0000,0x0000,0x0000,0x0000,0x0000,0x0000,0x0000,0x0000,
    0x0000,0x0000,0x0000,0x0000,0x0000,0x0000,0x0000,0x0000,
    0x0000,0x0000,0x0000,0x0000,0x0000,0x0000,0x0000,0x0000,
    0x0000,0x0000,0x0000,0x0000,0x0000,0x0000,0x0000,0x0000,
    0x0000,0x0000,0x0000,0x0000,0x0000,0x0000,0x0000,0x0000,
    0x0000,0x0000,0x0000,0x0000,0x0000,0x0000,0x0000,0x0000,
    0x0000,0x0000,0x0000,0x0000,0x0000,0x0000,0x0000,0x0000,
    0x0000,0x0000,0x0000,0x0000,0x0000,0x0000,0x0000,0x0000,
    0x0000,0x0000,0x0000,0x0000,0x0000,0x0000,0x0000,0x0000,
    0x0000,0x0000,0x0000,0x0000,0x0000,0x0000,0x0000,0x0000,
    0x0000,0x0000,0x0000,0x0000,0x0000,0x0000,0x0000,0x0000,
    0x0000,0x0000,0x0000,0x0000,0x0000,0x0000,0x0000,0x0000,
    0x0000,0x0000,0x0000,0x0000,0x0000,0x0000,0x0000,0x0000,
    0x0000,0x0000,0x0000,0x0000,0x0000,0x0000,0x0000,0x0000,
    0x0000,0x0000,0x0000,0x0000,0x0000,0x0000,0x0000,0x0000,
    0x0000,0x0000,0x0000,0x0000,0x0000,0x0000,0x0000,0x0000,
    0x0000,0x0000,0x0000,0x0000,0x0000,0x0000,0x0000,0x0000,
    0x0000,0x0000,0x0000,0x0000,0x0000,0x0000,0x0000,0x0000,
    0x0000,0x0000,0x0000,0x0000,0x0000,0x0000,0x0000,0x0000,
    0x0000,0x0000,0x0000,0x0000,0x0000,0x0000,0x0000,0x0000,
    0x0000,0x0000,0x0000,0x0000,0x0000,0x0000,0x0000,0x0000,
    0x0000,0x0000,0x0000,0x0000,0x0000,0x0000,0x0000,0x0000,
    0x0000,0x0000,0x0000,0x0000,0x0000,0x0000,0x0000,0x0000,
    0x0000,0x0000,0x0000,0x0000,0x0000,0x0000,0x0000,0x0000,
    0x0000,0x0000,0x0000,0x0000,0x0000,0x0000,0x0000,0x0000,
    0x0000,0x0000,0x0000,0x0000,0x0000,0x0000,0x0000,0x0000,
    0x0000,0x0000,0x0000,0x0000,0x0000,0x0000,0x0000,0x0000,
    0x0000,0x0000,0x0000,0x0000,0x0000,0x0000,0x0000,0x0000,
    0x0000,0x0000,0x0000,0x0000,0x0000,0x0000,0x0000,0x0000,
    0x0000,0x0000,0x0000,0x0000,0x0000,0x0000,0x0000,0x0000,
    0x0000,0x0000,0x0000,0x0000,0x0000,0x0000,0x0000,0x0000,
    0x0000,0x0000,0x0000,0x0000,0x0000,0x0000,0x0000,0x0000,
    0x0000,0x0000,0x0000,0x0000,0x0000,0x0000,0x0000,0x0000,
    0x0000,0x0000,0x0000,0x0000,0x0000,0x0000,0x0000,0x0000,
    0x0000,0x0000,0x0000,0x0000,0x0000,0x0000,0x0000,0x0000,
    0x0000,0x0000,0x0000,0x0000,0x0000,0x0000,0x0000,0x0000,
    0x0000,0x0000,0x0000,0x0000,0x0000,0x0000,0x0000,0x0000,
    0x0000,0x0000,0x0000,0x0000,0x0000,0x0000,0x0000,0x0000,
    0x0000,0x0000,0x0000,0x0000,0x0000,0x0000,0x0000,0x0000,
    0x0000,0x0000,0x0000,0x0000,0x0000,0x0000,0x0000,0x0000,
    0x0000,0x0000,0x0000,0x0000,0x0000,0x0000,0x0000,0x0000,
    0x0000,0x0000,0x0000,0x0000,0x0000,0x0000,0x0000,0x0000,
    0x0000,0x0000,0x0000,0x0000,0x0000,0x0000,0x0000,0x0000,
    0x0000,0x0000,0x0000,0x0000,0x0000,0x0000,0x0000,0x0000,
    0x0000,0x0000,0x0000,0x0000,0x0000,0x0000,0x0000,0x0000,
    0x0000,0x0000,0x0000,0x0000,0x0000,0x0000,0x0000,0x0000,
    0x0000,0x0000,0x0000,0x0000,0x0000,0x0000,0x0000,0x0000,
    0x0000,0x0000,0x0000,0x0000,0x0000,0x0000,0x0000,0x0000,
    0x0000,0x0000,0x0000,0x0000,0x0000,0x0000,0x0000,0x0000,
    0x0000,0x0000,0x0000,0x0000,0x0000,0x0000,0x0000,0x0000,
    0x0000,0x0000,0x0000,0x0000,0x0000,0x0000,0x0000,0x0000,
    0x0000,0x0000,0x0000,0x0000,0x0000,0x0000,0x0000,0x0000,
    0x0000,0x0000,0x0000,0x0000,0x0000,0x0000,0x0000,0x0000,
    0x0000,0x0000,0x0000,0x0000,0x0000,0x0000,0x0000,0x0000,
    0x0000,0x0000,0x0000,0x0000,0x0000,0x0000,0x0000,0x0000,
    0x0000,0x0000,0x0000,0x0000,0x0000,0x0000,0x0000,0x0000,
    0x0000,0x0000,0x0000,0x0000,0x0000,0x0000,0x0000,0x0000,
    0x0000,0x0000,0x0000,0x0000,0x0000,0x0000,0x0000,0x0000,
    0x0000,0x0000,0x0000,0x0000,0x0000,0x0000,0x0000,0x0000,
    0x0000,0x0000,0x0000,0x0000,0x0000,0x0000,0x0000,0x0000,
    0x0000,0x0000,0x0000,0x0000,0x0000,0x0000,0x0000,0x0000,
    0x0000,0x0000,0x0000,0x0000,0x0000,0x0000,0x0000,0x0000,
    0x0000,0x0000,0x0000,0x0000,0x0000,0x0000,0x0000,0x0000,
    0x0000,0x0000,0x0000,0x0000,0x0000,0x0000,0x0000,0x0000,
    0x0000,0x0000,0x0000,0x0000,0x0000,0x0000,0x0000,0x0000,
    0x0000,0x0000,0x0000,0x0000,0x0000,0x0000,0x0000,0x0000,
    0x0000,0x0000,0x0000,0x0000,0x0000,0x0000,0x0000,0x0000,
    0x0000,0x0000,0x0000,0x0000,0x0000,0x0000,0x0000,0x0000,
    0x0000,0x0000,0x0000,0x0000,0x0000,0x0000,0x0000,0x0000,
    0x0000,0x0000,0x0000,0x0000,0x0000,0x0000,0x0000,0x0000,
    0x0000,0x0000,0x0000,0x0000,0x0000,0x0000,0x0000,0x0000,
    0x0000,0x0000,0x0000,0x0000,0x0000,0x0000,0x0000,0x0000,
    0x0000,0x0000,0x0000,0x0000,0x0000,0x0000,0x0000,0x0000,
    0x0000,0x0000,0x0000,0x0000,0x0000,0x0000,0x0000,0x0000,
    0x0000,0x0000,0x0000,0x0000,0x0000,0x0000,0x0000,0x0000,
    0x0000,0x0000,0x0000,0x0000,0x0000,0x0000,0x0000,0x0000,
    0x0000,0x0000,0x0000,0x0000,0x0000,0x0000,0x0000,0x0000,
    0x0000,0x0000,0x0000,0x0000,0x0000,0x0000,0x0000,0x0000,
    0x0000,0x0000,0x0000,0x0000,0x0000,0x0000,0x0000,0x0000,
    0x0000,0x0000,0x0000,0x0000,0x0000,0x0000,0x0000,0x0000,
    0x0000,0x0000,0x0000,0x0000,0x0000,0x0000,0x0000,0x0000,
    0x0000,0x0000,0x0000,0x0000,0x0000,0x0000,0x0000,0x0000,
    0x0000,0x0000,0x0000,0x0000,0x0000,0x0000,0x0000,0x0000,
    0x0000,0x0000,0x0000,0x0000,0x0000,0x0000,0x0000,0x0000,
    0x0000,0x0000,0x0000,0x0000,0x0000,0x0000,0x0000,0x0000,
    0x0000,0x0000,0x0000,0x0000,0x0000,0x0000,0x0000,0x0000,
    0x0000,0x0000,0x0000,0x0000,0x0000,0x0000,0x0000,0x0000,
    0x0000,0x0000,0x0000,0x0000,0x0000,0x0000,0x0000,0x0000,
    0x0000,0x0000,0x0000,0x0000,0x0000,0x0000,0x0000,0x0000,
    0x0000,0x0000,0x0000,0x0000,0x0000,0x0000,0x0000,0x0000,
    0x0000,0x0000,0x0000,0x0000,0x0000,0x0000,0x0000,0x0000,
    0x0000,0x0000,0x0000,0x0000,0x0000,0x0000,0x0000,0x0000,
    0x0000,0x0000,0x0000,0x0000,0x0000,0x0000,0x0000,0x0000,
    0x0000,0x0000,0x0000,0x0000,0x0000,0x0000,0x0000,0x0000,
    0x0000,0x0000,0x0000,0x0000,0x0000,0x0000,0x0000,0x0000,
    0x0000,0x0000,0x0000,0x0000,0x0000,0x0000,0x0000,0x0000,
    0x0000,0x0000,0x0000,0x0000,0x0000,0x0000,0x0000,0x0000,
    0x0000,0x0000,0x0000,0x0000,0x0000,0x0000,0x0000,0x0000,
    0x0000,0x0000,0x0000,0x0000,0x0000,0x0000,0x0000,0x0000,
    0x0000,0x0000,0x0000,0x0000,0x0000,0x0000,0x0000,0x0000,
    0x0000,0x0000,0x0000,0x0000,0x0000,0x0000,0x0000,0x0000,
    0x0000,0x0000,0x0000,0x0000,0x0000,0x0000,0x0000,0x0000,
    0x0000,0x0000,0x0000,0x0000,0x0000,0x0000,0x0000,0x0000,
    0x0000,0x0000,0x0000,0x0000,0x0000,0x0000,0x0000,0x0000,
    0x0000,0x0000,0x0000,0x0000,0x0000,0x0000,0x0000,0x0000,
    0x0000,0x0000,0x0000,0x0000,0x0000,0x0000,0x0000,0x0000,
    0x0000,0x0000,0x0000,0x0000,0x0000,0x0000,0x0000,0x0000,
    0x0000,0x0000,0x0000,0x0000,0x0000,0x0000,0x0000,0x0000,
    0x0000,0x0000,0x0000,0x0000,0x0000,0x0000,0x0000,0x0000,
    0x0000,0x0000,0x0000,0x0000,0x0000,0x0000,0x0000,0x0000,
    0x0000,0x0000,0x0000,0x0000,0x0000,0x0000,0x0000,0x0000,
    0x0000,0x0000,0x0000,0x0000,0x0000,0x0000,0x0000,0x0000,
    0x0000,0x0000,0x0000,0x0000,0x0000,0x0000,0x0000,0x0000,
    0x0000,0x0000,0x0000,0x0000,0x0000,0x0000,0x0000,0x0000,
    0x0000,0x0000,0x0000,0x0000,0x0000,0x0000,0x0000,0x0000,
    0x0000,0x0000,0x0000,0x0000,0x0000,0x0000,0x0000,0x0000,
    0x0000,0x0000,0x0000,0x0000,0x0000,0x0000,0x0000,0x0000,
    0x0000,0x0000,0x0000,0x0000,0x0000,0x0000,0x0000,0x0000,
    0x0000,0x0000,0x0000,0x0000,0x0000,0x0000,0x0000,0x0000,
    0x0000,0x0000,0x0000,0x0000,0x0000,0x0000,0x0000,0x0000,
    0x0000,0x0000,0x0000,0x0000,0x0000,0x0000,0x0000,0x0000,
    0x0000,0x0000,0x0000,0x0000,0x0000,0x0000,0x0000,0x0000,
    0x0000,0x0000,0x0000,0x0000,0x0000,0x0000,0x0000,0x0000,
    0x0000,0x0000,0x0000,0x0000,0x0000,0x0000,0x0000,0x0000,
    0x0000,0x0000,0x0000,0x0000,0x0000,0x0000,0x0000,0x0000,
    0x0000,0x0000,0x0000,0x0000,0x0000,0x0000,0x0000,0x0000,
    0x0000,0x0000,0x0000,0x0000,0x0000,0x0000,0x0000,0x0000,
    0x0000,0x0000,0x0000,0x0000,0x0000,0x0000,0x0000,0x0000,
    0x0000,0x0000,0x0000,0x0000,0x0000,0x0000,0x0000,0x0000,
    0x0000,0x0000,0x0000,0x0000,0x0000,0x0000,0x0000,0x0000,
    0x0000,0x0000,0x0000,0x0000,0x0000,0x0000,0x0000,0x0000,
    0x0000,0x0000,0x0000,0x0000,0x0000,0x0000,0x0000,0x0000,
    0x0000,0x0000,0x0000,0x0000,0x0000,0x0000,0x0000,0x0000,
    0x0000,0x0000,0x0000,0x0000,0x0000,0x0000,0x0000,0x0000,
    0x0000,0x0000,0x0000,0x0000,0x0000,0x0000,0x0000,0x0000,
    0x0000,0x0000,0x0000,0x0000,0x0000,0x0000,0x0000,0x0000,
    0x0000,0x0000,0x0000,0x0000,0x0000,0x0000,0x0000,0x0000,
    0x0000,0x0000,0x0000,0x0000,0x0000,0x0000,0x0000,0x0000,
    0x0000,0x0000,0x0000,0x0000,0x0000,0x0000,0x0000,0x0000,
    0x0000,0x0000,0x0000,0x0000,0x0000,0x0000,0x0000,0x0000,
    0x0000,0x0000,0x0000,0x0000,0x0000,0x0000,0x0000,0x0000,
    0x0000,0x0000,0x0000,0x0000,0x0000,0x0000,0x0000,0x0000,
    0x0000,0x0000,0x0000,0x0000,0x0000,0x0000,0x0000,0x0000,
    0x0000,0x0000,0x0000,0x0000,0x0000,0x0000,0x0000,0x0000,
    0x0000,0x0000,0x0000,0x0000,0x0000,0x0000,0x0000,0x0000,
    0x0000,0x0000,0x0000,0x0000,0x0000,0x0000,0x0000,0x0000,
    0x0000,0x0000,0x0000,0x0000,0x0000,0x0000,0x0000,0x0000,
    0x0000,0x0000,0x0000,0x0000,0x0000,0x0000,0x0000,0x0000,
    0x0000,0x0000,0x0000,0x0000,0x0000,0x0000,0x0000,0x0000,
    0x0000,0x0000,0x0000,0x0000,0x0000,0x0000,0x0000,0x0000,
    0x0000,0x0000,0x0000,0x0000,0x0000,0x0000,0x0000,0x0000,
    0x0000,0x0000,0x0000,0x0000,0x0000,0x0000,0x0000,0x0000,
    0x0000,0x0000,0x0000,0x0000,0x0000,0x0000,0x0000,0x0000,
    0x0000,0x0000,0x0000,0x0000,0x0000,0x0000,0x0000,0x0000,
    0x0000,0x0000,0x0000,0x0000,0x0000,0x0000,0x0000,0x0000,
    0x0000,0x0000,0x0000,0x0000,0x0000,0x0000,0x0000,0x0000,
    0x0000,0x0000,0x0000,0x0000,0x0000,0x0000,0x0000,0x0000,
    0x0000,0x0000,0x0000,0x0000,0x0000,0x0000,0x0000,0x0000,
    0x0000,0x0000,0x0000,0x0000,0x0000,0x0000,0x0000,0x0000,
    0x0000,0x0000,0x0000,0x0000,0x0000,0x0000,0x0000,0x0000,
    0x0000,0x0000,0x0000,0x0000,0x0000,0x0000,0x0000,0x0000,
    0x0000,0x0000,0x0000,0x0000,0x0000,0x0000,0x0000,0x0000,
    0x0000,0x0000,0x0000,0x0000,0x0000,0x0000,0x0000,0x0000,
    0x0000,0x0000,0x0000,0x0000,0x0000,0x0000,0x0000,0x0000,
    0x0000,0x0000,0x0000,0x0000,0x0000,0x0000,0x0000,0x0000,
    0x0000,0x0000,0x0000,0x0000,0x0000,0x0000,0x0000,0x0000,
    0x0000,0x0000,0x0000,0x0000,0x0000,0x0000,0x0000,0x0000,
    0x0000,0x0000,0x0000,0x0000,0x0000,0x0000,0x0000,0x0000,
    0x0000,0x0000,0x0000,0x0000,0x0000,0x0000,0x0000,0x0000,
    0x0000,0x0000,0x0000,0x0000,0x0000,0x0000,0x0000,0x0000,
    0x0000,0x0000,0x0000,0x0000,0x0000,0x0000,0x0000,0x0000,
    0x0000,0x0000,0x0000,0x0000,0x0000,0x0000,0x0000,0x0000,
    0x0000,0x0000,0x0000,0x0000,0x0000,0x0000,0x0000,0x0000,
    0x0000,0x0000,0x0000,0x0000,0x0000,0x0000,0x0000,0x0000,
    0x0000,0x0000,0x0000,0x0000,0x0000,0x0000,0x0000,0x0000,
    0x0000,0x0000,0x0000,0x0000,0x0000,0x0000,0x0000,0x0000,
    0x0000,0x0000,0x0000,0x0000,0x0000,0x0000,0x0000,0x0000,
    0x0000,0x0000,0x0000,0x0000,0x0000,0x0000,0x0000,0x0000,
    0x0000,0x0000,0x0000,0x0000,0x0000,0x0000,0x0000,0x0000,
    0x0000,0x0000,0x0000,0x0000,0x0000,0x0000,0x0000,0x0000,
    0x0000,0x0000,0x0000,0x0000,0x0000,0x0000,0x0000,0x0000,
    0x0000,0x0000,0x0000,0x0000,0x0000,0x0000,0x0000,0x0000,
    0x0000,0x0000,0x0000,0x0000,0x0000,0x0000,0x0000,0x0000,
    0x0000,0x0000,0x0000,0x0000,0x0000,0x0000,0x0000,0x0000,
    0x0000,0x0000,0x0000,0x0000,0x0000,0x0000,0x0000,0x0000,
    0x0000,0x0000,0x0000,0x0000,0x0000,0x0000,0x0000,0x0000,
    0x0000,0x0000,0x0000,0x0000,0x0000,0x0000,0x0000,0x0000,
    0x0000,0x0000,0x0000,0x0000,0x0000,0x0000,0x0000,0x0000,
    0x0000,0x0000,0x0000,0x0000,0x0000,0x0000,0x0000,0x0000,
    0x0000,0x0000,0x0000,0x0000,0x0000,0x0000,0x0000,0x0000,
    0x0000,0x0000,0x0000,0x0000,0x0000,0x0000,0x0000,0x0000,
    0x0000,0x0000,0x0000,0x0000,0x0000,0x0000,0x0000,0x0000,
    0x0000,0x0000,0x0000,0x0000,0x0000,0x0000,0x0000,0x0000,
    0x0000,0x0000,0x0000,0x0000,0x0000,0x0000,0x0000,0x0000,
    0x0000,0x0000,0x0000,0x0000,0x0000,0x0000,0x0000,0x0000,
    0x0000,0x0000,0x0000,0x0000,0x0000,0x0000,0x0000,0x0000,
    0x0000,0x0000,0x0000,0x0000,0x0000,0x0000,0x0000,0x0000,
    0x0000,0x0000,0x0000,0x0000,0x0000,0x0000,0x0000,0x0000,
    0x0000,0x0000,0x0000,0x0000,0x0000,0x0000,0x0000,0x0000,
    0x0000,0x0000,0x0000,0x0000,0x0000,0x0000,0x0000,0x0000,
    0x0000,0x0000,0x0000,0x0000,0x0000,0x0000,0x0000,0x0000,
    0x0000,0x0000,0x0000,0x0000,0x0000,0x0000,0x0000,0x0000,
    0x0000,0x0000,0x0000,0x0000,0x0000,0x0000,0x0000,0x0000,
    0x0000,0x0000,0x0000,0x0000,0x0000,0x0000,0x0000,0x0000,
    0x0000,0x0000,0x0000,0x0000,0x0000,0x0000,0x0000,0x0000,
    0x0000,0x0000,0x0000,0x0000,0x0000,0x0000,0x0000,0x0000,
    0x0000,0x0000,0x0000,0x0000,0x0000,0x0000,0x0000,0x0000,
    0x0000,0x0000,0x0000,0x0000,0x0000,0x0000,0x0000,0x0000,
    0x0000,0x0000,0x0000,0x0000,0x0000,0x0000,0x0000,0x0000,
    0x0000,0x0000,0x0000,0x0000,0x0000,0x0000,0x0000,0x0000,
    0x0000,0x0000,0x0000,0x0000,0x0000,0x0000,0x0000,0x0000,
    0x0000,0x0000,0x0000,0x0000,0x0000,0x0000,0x0000,0x0000,
    0x0000,0x0000,0x0000,0x0000,0x0000,0x0000,0x0000,0x0000,
    0x0000,0x0000,0x0000,0x0000,0x0000,0x0000,0x0000,0x0000,
    0x0000,0x0000,0x0000,0x0000,0x0000,0x0000,0x0000,0x0000,
    0x0000,0x0000,0x0000,0x0000,0x0000,0x0000,0x0000,0x0000,
    0x0000,0x0000,0x0000,0x0000,0x0000,0x0000,0x0000,0x0000,
    0x0000,0x0000,0x0000,0x0000,0x0000,0x0000,0x0000,0x0000,
    0x0000,0x0000,0x0000,0x0000,0x0000,0x0000,0x0000,0x0000,
    0x0000,0x0000,0x0000,0x0000,0x0000,0x0000,0x0000,0x0000,
    0x0000,0x0000,0x0000,0x0000,0x0000,0x0000,0x0000,0x0000,
    0x0000,0x0000,0x0000,0x0000,0x0000,0x0000,0x0000,0x0000,
    0x0000,0x0000,0x0000,0x0000,0x0000,0x0000,0x0000,0x0000,
    0x0000,0x0000,0x0000,0x0000,0x0000,0x0000,0x0000,0x0000,
    0x0000,0x0000,0x0000,0x0000,0x0000,0x0000,0x0000,0x0000,
    0x0000,0x0000,0x0000,0x0000,0x0000,0x0000,0x0000,0x0000,
    0x0000,0x0000,0x0000,0x0000,0x0000,0x0000,0x0000,0x0000,
    0x0000,0x0000,0x0000,0x0000,0x0000,0x0000,0x0000,0x0000,
    0x0000,0x0000,0x0000,0x0000,0x0000,0x0000,0x0000,0x0000,
    0x0000,0x0000,0x0000,0x0000,0x0000,0x0000,0x0000,0x0000,
    0x0000,0x0000,0x0000,0x0000,0x0000,0x0000,0x0000,0x0000,
    0x0000,0x0000,0x0000,0x0000,0x0000,0x0000,0x0000,0x0000,
    0x0000,0x0000,0x0000,0x0000,0x0000,0x0000,0x0000,0x0000,
    0x0000,0x0000,0x0000,0x0000,0x0000,0x0000,0x0000,0x0000,
    0x0000,0x0000,0x0000,0x0000,0x0000,0x0000,0x0000,0x0000,
    0x0000,0x0000,0x0000,0x0000,0x0000,0x0000,0x0000,0x0000,
    0x0000,0x0000,0x0000,0x0000,0x0000,0x0000,0x0000,0x0000,
    0x0000,0x0000,0x0000,0x0000,0x0000,0x0000,0x0000,0x0000,
    0x0000,0x0000,0x0000,0x0000,0x0000,0x0000,0x0000,0x0000,
    0x0000,0x0000,0x0000,0x0000,0x0000,0x0000,0x0000,0x0000,
    0x0000,0x0000,0x0000,0x0000,0x0000,0x0000,0x0000,0x0000,
    0x0000,0x0000,0x0000,0x0000,0x0000,0x0000,0x0000,0x0000,
    0x0000,0x0000,0x0000,0x0000,0x0000,0x0000,0x0000,0x0000,
    0x0000,0x0000,0x0000,0x0000,0x0000,0x0000,0x0000,0x0000,
    0x0000,0x0000,0x0000,0x0000,0x0000,0x0000,0x0000,0x0000,
    0x0000,0x0000,0x0000,0x0000,0x0000,0x0000,0x0000,0x0000,
    0x0000,0x0000,0x0000,0x0000,0x0000,0x0000,0x0000,0x0000,
    0x0000,0x0000,0x0000,0x0000,0x0000,0x0000,0x0000,0x0000,
    0x0000,0x0000,0x0000,0x0000,0x0000,0x0000,0x0000,0x0000,
    0x0000,0x0000,0x0000,0x0000,0x0000,0x0000,0x0000,0x0000,
    0x0000,0x0000,0x0000,0x0000,0x0000,0x0000,0x0000,0x0000,
    0x0000,0x0000,0x0000,0x0000,0x0000,0x0000,0x0000,0x0000,
    0x0000,0x0000,0x0000,0x0000,0x0000,0x0000,0x0000,0x0000,
    0x0000,0x0000,0x0000,0x0000,0x0000,0x0000,0x0000,0x0000,
    0x0000,0x0000,0x0000,0x0000,0x0000,0x0000,0x0000,0x0000,
    0x0000,0x0000,0x0000,0x0000,0x0000,0x0000,0x0000,0x0000,
    0x0000,0x0000,0x0000,0x0000,0x0000,0x0000,0x0000,0x0000,
    0x0000,0x0000,0x0000,0x0000,0x0000,0x0000,0x0000,0x0000,
    0x0000,0x0000,0x0000,0x0000,0x0000,0x0000,0x0000,0x0000,
    0x0000,0x0000,0x0000,0x0000,0x0000,0x0000,0x0000,0x0000,
    0x0000,0x0000,0x0000,0x0000,0x0000,0x0000,0x0000,0x0000,
    0x0000,0x0000,0x0000,0x0000,0x0000,0x0000,0x0000,0x0000,
    0x0000,0x0000,0x0000,0x0000,0x0000,0x0000,0x0000,0x0000,
    0x0000,0x0000,0x0000,0x0000,0x0000,0x0000,0x0000,0x0000,
    0x0000,0x0000,0x0000,0x0000,0x0000,0x0000,0x0000,0x0000,
    0x0000,0x0000,0x0000,0x0000,0x0000,0x0000,0x0000,0x0000,
    0x0000,0x0000,0x0000,0x0000,0x0000,0x0000,0x0000,0x0000,
    0x0000,0x0000,0x0000,0x0000,0x0000,0x0000,0x0000,0x0000,
    0x0000,0x0000,0x0000,0x0000,0x0000,0x0000,0x0000,0x0000,
    0x0000,0x0000,0x0000,0x0000,0x0000,0x0000,0x0000,0x0000,
    0x0000,0x0000,0x0000,0x0000,0x0000,0x0000,0x0000,0x0000,
    0x0000,0x0000,0x0000,0x0000,0x0000,0x0000,0x0000,0x0000,
    0x0000,0x0000,0x0000,0x0000,0x0000,0x0000,0x0000,0x0000,
    0x0000,0x0000,0x0000,0x0000,0x0000,0x0000,0x0000,0x0000,
    0x0000,0x0000,0x0000,0x0000,0x0000,0x0000,0x0000,0x0000,
    0x0000,0x0000,0x0000,0x0000,0x0000,0x0000,0x0000,0x0000,
    0x0000,0x0000,0x0000,0x0000,0x0000,0x0000,0x0000,0x0000,
    0x0000,0x0000,0x0000,0x0000,0x0000,0x0000,0x0000,0x0000,
    0x0000,0x0000,0x0000,0x0000,0x0000,0x0000,0x0000,0x0000,
    0x0000,0x0000,0x0000,0x0000,0x0000,0x0000,0x0000,0x0000,
    0x0000,0x0000,0x0000,0x0000,0x0000,0x0000,0x0000,0x0000,
    0x0000,0x0000,0x0000,0x0000,0x0000,0x0000,0x0000,0x0000,
    0x0000,0x0000,0x0000,0x0000,0x0000,0x0000,0x0000,0x0000,
    0x0000,0x0000,0x0000,0x0000,0x0000,0x0000,0x0000,0x0000,
    0x0000,0x0000,0x0000,0x0000,0x0000,0x0000,0x0000,0x0000,
    0x0000,0x0000,0x0000,0x0000,0x0000,0x0000,0x0000,0x0000,
    0x0000,0x0000,0x0000,0x0000,0x0000,0x0000,0x0000,0x0000,
    0x0000,0x0000,0x0000,0x0000,0x0000,0x0000,0x0000,0x0000,
    0x0000,0x0000,0x0000,0x0000,0x0000,0x0000,0x0000,0x0000,
    0x0000,0x0000,0x0000,0x0000,0x0000,0x0000,0x0000,0x0000,
    0x0000,0x0000,0x0000,0x0000,0x0000,0x0000,0x0000,0x0000,
    0x0000,0x0000,0x0000,0x0000,0x0000,0x0000,0x0000,0x0000,
    0x0000,0x0000,0x0000,0x0000,0x0000,0x0000,0x0000,0x0000,
    0x0000,0x0000,0x0000,0x0000,0x0000,0x0000,0x0000,0x0000,
    0x0000,0x0000,0x0000,0x0000,0x0000,0x0000,0x0000,0x0000,
    0x0000,0x0000,0x0000,0x0000,0x0000,0x0000,0x0000,0x0000
};

#endif // EMOJI_BITMAPS_H
